1000 15079
0 8 7
0 16 6
0 96 4
0 189 6
0 229 3
0 248 5
0 270 5
0 272 8
0 395 10
0 397 8
0 408 1
0 409 1
0 416 10
0 425 4
0 450 8
0 461 8
0 468 3
0 469 2
0 491 10
0 494 8
0 529 2
0 582 2
0 594 8
0 595 4
0 652 1
0 673 4
0 721 6
0 723 5
0 756 10
0 834 1
0 892 7
0 894 5
1 12 10
1 38 10
1 141 10
1 186 6
1 205 5
1 211 10
1 216 4
1 220 1
1 225 7
1 241 1
1 284 1
1 302 5
1 307 5
1 323 9
1 433 3
1 496 8
1 513 1
1 521 5
1 524 8
1 531 9
1 562 8
1 579 7
1 593 5
1 601 8
1 629 9
1 685 5
1 720 10
1 756 9
1 757 4
1 777 10
1 867 2
1 894 2
1 977 3
2 14 1
2 70 6
2 114 10
2 123 4
2 172 10
2 178 7
2 184 4
2 191 3
2 241 7
2 269 9
2 276 10
2 300 5
2 321 2
2 333 7
2 353 1
2 380 10
2 411 7
2 412 6
2 417 6
2 499 7
2 555 7
2 632 10
2 698 1
2 702 4
2 785 9
2 802 2
2 864 3
2 876 6
2 915 2
2 918 2
2 919 2
2 957 1
2 978 4
2 983 2
2 988 7
3 39 4
3 45 9
3 58 5
3 62 3
3 71 1
3 77 8
3 105 4
3 125 5
3 133 7
3 167 10
3 184 5
3 189 6
3 216 3
3 244 7
3 325 3
3 342 10
3 369 6
3 372 9
3 397 7
3 536 9
3 553 8
3 563 3
3 652 10
3 657 9
3 677 1
3 710 2
3 753 3
3 848 2
3 854 4
3 856 3
3 874 1
3 917 10
3 935 10
3 965 10
4 39 1
4 74 6
4 123 7
4 230 3
4 252 7
4 336 2
4 409 4
4 442 10
4 473 6
4 624 6
4 696 4
4 820 8
4 829 9
4 903 9
4 944 10
4 950 3
5 13 4
5 15 1
5 16 1
5 17 2
5 22 4
5 30 3
5 106 6
5 130 6
5 178 5
5 191 5
5 197 10
5 265 9
5 353 10
5 358 4
5 374 9
5 386 8
5 434 10
5 438 9
5 449 2
5 453 3
5 455 3
5 554 8
5 566 1
5 572 8
5 575 7
5 602 1
5 608 7
5 754 7
5 759 5
5 762 7
5 767 9
5 786 10
5 810 7
5 833 8
5 836 5
5 848 3
5 862 9
5 971 7
5 975 7
5 995 5
6 36 2
6 64 1
6 77 4
6 89 7
6 170 6
6 194 10
6 195 4
6 265 6
6 300 9
6 317 7
6 368 5
6 407 1
6 436 3
6 487 4
6 570 6
6 577 8
6 610 6
6 634 5
6 650 1
6 707 10
6 736 2
6 752 7
6 798 4
6 802 8
6 827 7
6 863 5
6 886 1
6 906 6
6 976 10
7 12 7
7 22 1
7 66 9
7 88 4
7 106 2
7 115 6
7 139 7
7 174 8
7 178 6
7 266 8
7 269 6
7 292 9
7 293 8
7 362 7
7 374 10
7 392 7
7 655 1
7 816 6
7 897 5
7 918 1
8 47 10
8 68 5
8 81 6
8 88 2
8 126 6
8 129 10
8 199 7
8 237 5
8 247 4
8 263 4
8 286 2
8 290 3
8 365 9
8 370 7
8 413 6
8 425 5
8 428 9
8 514 5
8 535 10
8 555 8
8 581 1
8 595 5
8 629 1
8 683 8
8 706 10
8 720 2
8 749 4
8 754 10
8 786 3
8 846 9
8 864 7
8 883 9
8 965 2
9 61 1
9 82 7
9 173 1
9 202 7
9 231 10
9 275 2
9 287 9
9 363 5
9 493 4
9 549 4
9 640 9
9 685 7
9 736 1
9 776 2
9 803 9
9 846 2
9 913 9
9 924 4
9 929 1
9 940 7
9 960 10
9 991 5
10 147 8
10 157 7
10 182 10
10 290 7
10 297 4
10 325 4
10 337 1
10 350 10
10 362 4
10 376 7
10 437 7
10 466 5
10 487 5
10 509 1
10 510 5
10 513 7
10 531 9
10 534 7
10 537 5
10 548 10
10 551 6
10 694 9
10 728 9
10 773 4
10 784 1
10 786 8
10 870 6
10 967 9
10 975 8
10 983 3
10 989 6
11 38 4
11 56 10
11 87 10
11 89 10
11 104 5
11 117 9
11 139 6
11 157 5
11 211 9
11 232 6
11 251 8
11 284 8
11 289 1
11 336 1
11 340 9
11 385 7
11 422 7
11 505 3
11 567 4
11 570 4
11 683 5
11 696 5
11 770 6
11 799 3
11 804 5
11 833 1
11 853 5
11 906 6
11 920 6
11 933 9
11 970 6
11 988 3
12 125 5
12 126 2
12 202 2
12 219 6
12 225 4
12 248 1
12 258 10
12 264 7
12 280 2
12 333 6
12 342 3
12 345 7
12 410 1
12 432 9
12 478 2
12 490 10
12 535 8
12 542 10
12 638 5
12 667 5
12 685 7
12 768 6
12 770 2
12 793 9
12 819 10
12 905 3
12 943 7
12 949 1
12 985 2
12 999 6
13 22 4
13 36 4
13 48 3
13 116 4
13 123 7
13 129 1
13 130 8
13 154 10
13 234 1
13 272 2
13 310 7
13 359 3
13 411 1
13 440 2
13 457 6
13 507 9
13 528 6
13 592 8
13 610 7
13 646 9
13 704 5
13 708 3
13 738 5
13 744 3
13 803 9
13 821 5
13 855 5
13 860 1
13 891 1
13 902 1
13 911 3
13 961 4
14 117 1
14 154 6
14 159 7
14 199 3
14 305 9
14 326 5
14 358 3
14 389 10
14 448 3
14 542 1
14 569 1
14 578 5
14 600 5
14 611 5
14 616 2
14 640 4
14 760 7
14 768 3
14 778 5
14 803 3
14 859 2
14 893 10
14 900 5
14 935 3
14 952 9
15 18 6
15 48 2
15 64 6
15 114 6
15 132 1
15 229 6
15 239 10
15 282 7
15 289 8
15 307 2
15 346 3
15 380 2
15 400 1
15 408 8
15 469 5
15 479 7
15 489 2
15 518 8
15 590 6
15 601 3
15 653 3
15 671 10
15 678 8
15 717 2
15 732 10
15 769 1
15 777 5
15 862 8
15 914 4
15 998 9
16 59 10
16 62 7
16 66 5
16 75 4
16 86 10
16 91 9
16 177 9
16 187 9
16 206 3
16 212 9
16 231 8
16 248 10
16 267 4
16 270 1
16 292 4
16 297 5
16 309 10
16 373 4
16 397 4
16 409 8
16 413 1
16 464 8
16 504 1
16 506 3
16 554 9
16 563 8
16 599 9
16 617 5
16 667 10
16 698 4
16 713 2
16 741 5
16 748 10
16 836 1
16 839 7
16 853 2
16 857 5
16 868 2
16 905 1
16 924 6
16 948 2
16 968 8
16 993 1
17 32 4
17 114 6
17 115 10
17 126 9
17 141 2
17 156 3
17 170 4
17 173 1
17 176 1
17 235 2
17 279 9
17 296 3
17 306 6
17 337 1
17 351 3
17 408 6
17 430 7
17 447 6
17 456 4
17 472 3
17 480 7
17 483 3
17 531 7
17 569 7
17 597 3
17 630 2
17 715 3
17 720 9
17 756 9
17 757 1
17 796 3
17 807 2
17 842 10
17 867 1
17 872 3
17 949 8
17 984 6
18 43 1
18 113 10
18 158 6
18 209 10
18 210 9
18 230 1
18 240 2
18 248 10
18 267 9
18 338 8
18 358 8
18 367 5
18 452 6
18 494 7
18 499 10
18 513 2
18 532 3
18 639 9
18 643 3
18 645 6
18 649 5
18 657 5
18 719 6
18 797 10
18 825 5
18 832 1
18 835 4
18 839 9
18 942 2
18 956 6
19 129 4
19 247 7
19 264 9
19 288 3
19 325 1
19 336 10
19 344 4
19 345 1
19 380 8
19 385 1
19 391 4
19 406 9
19 410 5
19 449 4
19 492 3
19 508 8
19 550 10
19 568 5
19 577 10
19 647 5
19 672 9
19 690 1
19 719 5
19 730 2
19 767 6
19 785 8
20 65 4
20 135 10
20 137 9
20 144 6
20 169 9
20 176 2
20 233 10
20 238 2
20 296 5
20 300 4
20 350 4
20 386 2
20 407 10
20 427 9
20 436 6
20 479 7
20 553 10
20 567 10
20 583 4
20 595 6
20 631 3
20 666 10
20 722 5
20 740 2
20 757 3
20 797 6
20 871 1
20 905 7
20 974 5
20 999 1
21 77 10
21 86 2
21 124 5
21 142 3
21 143 8
21 160 7
21 167 9
21 187 3
21 189 5
21 224 2
21 252 10
21 253 3
21 283 3
21 294 1
21 312 5
21 322 2
21 337 7
21 389 9
21 408 2
21 420 3
21 440 9
21 451 3
21 500 9
21 587 4
21 695 3
21 707 6
21 727 3
21 748 5
21 764 3
21 852 8
21 885 2
21 902 8
21 910 4
21 941 8
22 28 6
22 47 5
22 130 6
22 156 8
22 189 3
22 253 3
22 289 10
22 302 4
22 321 9
22 327 4
22 332 5
22 349 6
22 441 2
22 494 2
22 558 2
22 575 9
22 604 8
22 615 4
22 672 9
22 673 2
22 705 8
22 740 8
22 750 8
22 754 10
22 795 7
22 801 9
22 811 9
22 815 4
22 898 9
22 901 5
22 969 2
23 38 10
23 57 6
23 130 8
23 294 3
23 306 3
23 385 7
23 389 2
23 439 9
23 451 5
23 459 3
23 485 2
23 486 5
23 515 3
23 522 2
23 552 10
23 587 6
23 752 6
23 782 4
23 803 6
23 823 10
23 843 9
23 848 5
23 875 8
23 969 9
23 998 7
24 88 5
24 121 8
24 244 3
24 340 1
24 367 2
24 386 9
24 404 3
24 421 4
24 446 2
24 452 2
24 620 7
24 622 2
24 628 9
24 636 5
24 725 1
24 728 6
24 744 9
24 749 5
24 757 6
24 788 6
24 813 3
24 887 4
24 899 10
24 929 5
24 940 6
24 942 3
24 943 2
24 952 7
24 977 10
24 986 8
25 30 5
25 31 2
25 38 4
25 39 4
25 69 7
25 77 8
25 81 2
25 89 4
25 119 2
25 166 10
25 223 5
25 228 1
25 234 10
25 260 10
25 282 4
25 315 4
25 351 8
25 386 9
25 387 3
25 458 6
25 512 8
25 599 6
25 642 2
25 658 5
25 673 2
25 689 2
25 739 1
25 868 5
25 901 7
25 925 4
25 938 10
25 961 8
25 980 2
25 991 1
25 992 3
26 38 8
26 52 8
26 98 6
26 154 10
26 235 8
26 277 9
26 278 10
26 283 8
26 338 6
26 377 6
26 380 6
26 387 9
26 393 8
26 517 7
26 632 5
26 674 9
26 680 9
26 697 6
26 728 10
26 787 5
26 824 9
26 849 10
26 854 10
26 896 5
26 900 2
26 906 7
26 919 9
26 949 10
26 951 6
27 54 2
27 58 4
27 75 9
27 88 7
27 130 9
27 205 9
27 222 6
27 297 1
27 300 9
27 304 9
27 308 7
27 312 10
27 338 4
27 349 1
27 355 2
27 371 5
27 411 3
27 426 8
27 437 10
27 444 1
27 453 3
27 471 5
27 487 8
27 505 3
27 569 10
27 623 10
27 634 3
27 641 3
27 714 2
27 892 6
27 914 8
27 925 7
27 949 10
27 967 7
28 33 6
28 55 2
28 58 2
28 126 5
28 160 9
28 176 2
28 200 1
28 238 2
28 244 6
28 304 5
28 321 8
28 372 3
28 385 4
28 439 5
28 473 10
28 480 1
28 493 1
28 531 2
28 595 1
28 596 10
28 638 3
28 642 9
28 677 5
28 679 7
28 746 9
28 805 1
29 77 5
29 125 10
29 148 1
29 156 3
29 171 1
29 223 9
29 249 10
29 327 7
29 457 7
29 555 1
29 739 9
29 778 1
29 821 2
29 839 9
29 846 5
29 847 2
29 884 6
29 893 6
29 925 2
29 997 1
30 31 3
30 218 4
30 234 10
30 240 5
30 354 9
30 393 6
30 462 9
30 489 2
30 545 2
30 565 2
30 617 10
30 620 8
30 639 10
30 722 10
30 731 7
30 740 7
30 756 2
30 758 8
30 862 3
30 899 4
30 919 9
30 988 4
31 78 4
31 98 2
31 158 8
31 159 10
31 216 4
31 267 8
31 274 8
31 276 3
31 305 6
31 354 5
31 358 5
31 385 8
31 396 10
31 404 7
31 442 2
31 517 6
31 524 10
31 527 1
31 529 3
31 538 8
31 541 2
31 579 8
31 663 7
31 664 7
31 680 7
31 697 1
31 752 9
31 786 7
31 807 8
31 821 4
31 822 7
31 835 7
31 859 8
31 860 3
31 863 9
31 894 1
31 901 6
31 904 10
31 914 6
31 935 10
31 936 10
32 94 5
32 97 8
32 111 8
32 126 8
32 159 9
32 217 9
32 221 6
32 245 4
32 265 8
32 280 8
32 375 9
32 392 6
32 423 2
32 439 10
32 447 10
32 452 8
32 525 8
32 582 2
32 606 5
32 611 6
32 669 8
32 717 8
32 729 7
32 778 3
32 788 5
32 816 9
32 842 5
32 868 1
32 874 8
32 904 10
32 906 3
32 943 5
32 961 5
32 973 5
32 975 10
33 61 2
33 170 7
33 210 7
33 214 10
33 258 4
33 264 7
33 280 1
33 291 8
33 307 7
33 368 8
33 371 10
33 400 6
33 428 1
33 468 2
33 472 10
33 527 10
33 562 3
33 567 1
33 610 1
33 615 8
33 619 6
33 638 6
33 682 6
33 886 8
33 943 6
33 945 9
33 950 1
33 990 4
33 996 3
34 43 5
34 70 10
34 98 7
34 106 4
34 120 9
34 122 9
34 184 1
34 272 6
34 281 6
34 302 10
34 397 6
34 401 7
34 408 2
34 435 9
34 437 7
34 497 2
34 506 1
34 543 4
34 560 10
34 598 7
34 633 2
34 634 3
34 638 10
34 671 1
34 689 2
34 716 1
34 754 1
34 804 5
34 817 10
34 912 8
34 940 7
34 997 6
35 101 6
35 132 1
35 146 3
35 178 3
35 181 1
35 182 6
35 187 5
35 289 1
35 319 7
35 388 7
35 439 5
35 507 8
35 508 9
35 526 7
35 534 7
35 634 5
35 736 1
35 737 1
35 833 2
35 887 5
35 912 9
35 957 2
35 988 6
36 38 1
36 39 7
36 139 8
36 151 9
36 245 5
36 261 6
36 262 2
36 277 3
36 283 8
36 296 2
36 323 2
36 355 9
36 389 3
36 425 4
36 437 7
36 455 10
36 490 9
36 541 1
36 545 6
36 566 5
36 651 3
36 675 6
36 681 5
36 686 6
36 707 5
36 715 10
36 716 3
36 830 3
36 995 3
37 73 5
37 81 6
37 108 6
37 174 4
37 180 5
37 194 8
37 195 2
37 205 9
37 294 5
37 322 5
37 376 4
37 430 1
37 465 5
37 471 5
37 588 7
37 613 3
37 645 7
37 660 8
37 676 8
37 693 7
37 791 5
37 816 9
37 897 2
37 916 1
37 917 6
37 953 4
37 989 2
38 50 5
38 58 1
38 63 8
38 66 10
38 120 4
38 128 5
38 151 8
38 161 7
38 179 10
38 237 2
38 245 9
38 259 3
38 264 4
38 424 4
38 490 8
38 492 8
38 526 8
38 530 2
38 554 10
38 563 8
38 572 3
38 576 1
38 626 3
38 667 10
38 673 2
38 680 7
38 683 4
38 726 5
38 735 9
38 796 10
38 815 7
38 821 9
38 861 2
38 901 10
38 950 6
39 48 8
39 63 5
39 140 4
39 146 9
39 169 1
39 176 3
39 206 3
39 232 6
39 248 5
39 275 8
39 278 7
39 311 10
39 328 10
39 358 8
39 408 4
39 435 4
39 461 8
39 463 2
39 518 4
39 567 7
39 572 4
39 619 2
39 671 1
39 673 6
39 684 4
39 691 5
39 705 6
39 742 7
39 764 1
39 858 4
39 902 8
39 931 1
39 955 9
39 991 4
40 99 9
40 165 10
40 269 2
40 273 6
40 277 8
40 304 4
40 325 7
40 369 4
40 376 4
40 408 3
40 510 6
40 511 1
40 667 8
40 727 4
40 746 2
40 810 7
40 814 3
40 821 4
40 861 5
40 879 9
40 923 1
40 946 10
40 958 1
40 976 10
40 996 7
41 89 4
41 113 8
41 117 2
41 227 5
41 229 8
41 241 1
41 261 2
41 332 9
41 363 9
41 364 6
41 365 2
41 393 1
41 436 2
41 556 9
41 588 2
41 613 9
41 655 1
41 659 8
41 764 10
41 790 8
41 908 7
41 927 10
41 939 6
42 50 2
42 76 10
42 100 5
42 159 8
42 200 1
42 231 3
42 235 2
42 333 3
42 429 7
42 433 4
42 523 6
42 542 1
42 570 3
42 689 8
42 808 2
42 846 8
43 61 3
43 119 7
43 141 8
43 182 1
43 190 5
43 220 3
43 261 8
43 278 5
43 310 5
43 328 4
43 371 6
43 375 2
43 512 8
43 548 10
43 694 8
43 700 6
43 749 6
43 763 2
43 786 8
43 811 3
43 969 4
44 115 6
44 133 3
44 166 3
44 180 8
44 206 6
44 248 10
44 293 4
44 307 2
44 334 4
44 375 7
44 378 4
44 390 5
44 410 9
44 431 8
44 464 1
44 490 5
44 491 4
44 560 7
44 658 10
44 660 4
44 668 4
44 695 5
44 709 8
44 737 5
44 743 3
44 757 5
44 768 3
44 827 4
44 854 5
44 926 3
44 933 2
44 969 6
45 90 9
45 96 2
45 104 10
45 126 10
45 149 2
45 195 7
45 197 10
45 238 1
45 305 3
45 324 3
45 347 8
45 351 5
45 359 2
45 459 2
45 533 3
45 548 8
45 627 9
45 679 6
45 687 7
45 746 5
45 811 5
45 815 3
45 833 2
45 866 7
46 148 3
46 272 1
46 311 6
46 331 2
46 341 9
46 358 1
46 366 7
46 383 1
46 397 1
46 416 6
46 450 5
46 520 7
46 579 10
46 602 6
46 713 2
46 723 6
46 753 8
46 803 5
46 839 2
46 844 5
46 879 10
46 882 4
47 82 5
47 125 4
47 143 5
47 158 1
47 181 1
47 261 5
47 270 7
47 289 6
47 352 8
47 356 3
47 370 3
47 414 10
47 434 9
47 451 7
47 611 5
47 615 6
47 649 4
47 737 7
47 749 1
47 769 4
47 793 5
47 819 4
47 850 9
47 925 4
47 928 1
47 988 8
48 75 5
48 90 2
48 113 5
48 124 7
48 151 8
48 156 3
48 166 4
48 172 1
48 227 3
48 233 7
48 255 10
48 288 1
48 321 10
48 484 2
48 499 1
48 562 10
48 563 2
48 592 4
48 639 1
48 643 2
48 676 2
48 689 4
48 719 3
48 768 8
48 803 9
48 808 9
48 861 7
48 863 10
48 896 1
48 940 4
48 970 6
49 107 7
49 117 2
49 173 2
49 209 8
49 244 6
49 270 7
49 313 2
49 406 6
49 418 3
49 446 8
49 470 9
49 552 1
49 569 3
49 616 1
49 626 3
49 647 4
49 783 10
49 875 10
49 879 10
49 882 4
49 886 4
49 891 7
49 920 6
49 924 5
49 970 1
50 193 6
50 197 5
50 215 5
50 284 8
50 331 7
50 349 2
50 486 6
50 520 7
50 531 8
50 556 1
50 566 7
50 583 3
50 602 5
50 611 7
50 618 1
50 640 8
50 643 1
50 655 4
50 700 7
50 740 6
50 773 2
50 787 3
50 792 5
50 808 10
50 840 7
50 885 6
50 901 2
50 904 2
50 915 2
50 917 3
50 928 9
51 110 6
51 154 5
51 223 4
51 299 9
51 321 9
51 357 3
51 551 3
51 592 4
51 649 6
51 650 2
51 667 7
51 671 1
51 755 7
51 763 1
51 899 7
51 908 5
51 920 6
51 921 10
51 934 10
51 957 9
52 70 2
52 74 3
52 78 1
52 155 6
52 160 9
52 165 6
52 307 7
52 319 4
52 357 1
52 372 2
52 380 9
52 392 9
52 404 1
52 453 5
52 460 3
52 534 7
52 595 7
52 603 5
52 656 2
52 691 5
52 704 2
52 782 8
52 860 6
52 862 8
52 884 4
52 892 1
52 893 2
52 920 7
52 955 4
53 58 4
53 66 9
53 125 10
53 183 2
53 208 3
53 213 4
53 246 3
53 275 7
53 277 1
53 289 9
53 339 4
53 347 3
53 366 3
53 397 1
53 450 5
53 463 10
53 496 7
53 543 5
53 605 9
53 610 9
53 628 1
53 642 7
53 681 7
53 695 2
53 697 5
53 711 9
53 764 5
53 818 7
53 948 1
53 986 6
53 990 4
54 73 10
54 102 3
54 134 8
54 157 4
54 158 1
54 260 3
54 297 2
54 325 9
54 559 4
54 587 3
54 626 1
54 656 10
54 666 10
54 693 7
54 707 8
54 725 9
54 738 10
54 785 2
54 839 5
54 853 1
54 959 2
54 996 5
55 104 5
55 124 2
55 135 7
55 167 3
55 202 10
55 228 8
55 233 2
55 277 9
55 279 2
55 367 10
55 371 6
55 422 8
55 437 9
55 479 4
55 545 6
55 560 9
55 658 8
55 666 5
55 674 7
55 762 1
55 865 4
55 878 5
56 62 1
56 104 5
56 129 10
56 136 8
56 153 6
56 210 3
56 226 2
56 229 10
56 240 3
56 291 8
56 299 3
56 301 2
56 307 10
56 325 3
56 335 10
56 357 4
56 359 5
56 368 8
56 439 5
56 466 3
56 477 9
56 514 3
56 532 6
56 551 9
56 562 3
56 573 9
56 589 8
56 725 10
56 809 10
56 852 6
56 856 4
56 871 7
56 888 6
56 918 2
56 964 10
56 987 3
57 113 1
57 138 1
57 171 10
57 175 6
57 220 1
57 229 5
57 234 5
57 237 3
57 369 10
57 380 9
57 385 2
57 400 1
57 404 10
57 412 5
57 490 10
57 501 4
57 517 1
57 519 3
57 555 2
57 566 1
57 598 9
57 703 6
57 744 9
57 849 10
57 878 1
57 901 10
57 903 5
57 913 5
57 931 10
57 969 1
58 73 7
58 154 10
58 198 7
58 235 2
58 240 1
58 248 5
58 334 3
58 410 2
58 450 10
58 465 7
58 560 7
58 670 5
58 749 3
58 794 8
58 811 1
58 818 8
58 839 8
58 924 10
58 927 6
59 76 5
59 79 6
59 88 10
59 102 7
59 103 10
59 140 10
59 162 10
59 168 5
59 213 5
59 276 5
59 308 4
59 372 9
59 376 3
59 433 5
59 436 3
59 462 10
59 568 6
59 575 3
59 577 5
59 584 5
59 603 8
59 613 6
59 651 2
59 663 8
59 676 5
59 721 2
59 749 9
59 779 2
59 786 2
59 864 3
59 877 9
59 901 3
59 971 2
59 991 9
60 124 3
60 131 1
60 162 3
60 169 9
60 176 2
60 238 10
60 240 10
60 246 7
60 329 7
60 376 8
60 407 7
60 413 7
60 433 7
60 447 6
60 460 6
60 522 9
60 558 2
60 565 10
60 609 9
60 625 2
60 665 1
60 696 8
60 751 6
60 752 6
60 793 6
60 800 5
60 836 4
60 847 3
60 857 3
60 869 5
60 883 1
60 897 8
60 932 2
60 935 8
60 965 3
60 981 3
61 126 3
61 141 1
61 155 1
61 184 6
61 213 7
61 216 1
61 223 6
61 265 2
61 277 6
61 292 7
61 301 5
61 309 8
61 311 6
61 331 9
61 333 6
61 335 3
61 373 10
61 402 2
61 422 9
61 434 9
61 449 6
61 467 7
61 527 6
61 564 6
61 626 7
61 628 5
61 683 4
61 684 5
61 708 1
61 743 1
61 765 8
61 775 10
61 809 3
61 812 9
61 848 3
61 850 7
61 905 1
61 918 3
62 85 10
62 91 2
62 208 3
62 226 9
62 244 5
62 251 2
62 301 7
62 325 1
62 435 5
62 453 7
62 461 2
62 484 7
62 538 2
62 601 4
62 641 8
62 643 4
62 680 4
62 701 2
62 726 8
62 735 1
62 767 6
62 768 9
62 804 6
62 807 4
62 843 3
62 864 10
62 875 2
62 879 1
62 920 6
62 921 3
62 936 9
62 937 2
62 943 7
63 115 7
63 125 8
63 165 5
63 183 5
63 210 6
63 263 2
63 271 3
63 281 4
63 288 10
63 312 9
63 315 8
63 324 4
63 381 3
63 423 10
63 464 10
63 467 6
63 492 9
63 521 4
63 561 7
63 568 2
63 589 9
63 614 6
63 672 1
63 715 9
63 731 7
63 765 6
63 804 4
63 808 2
63 832 1
63 860 4
63 862 9
63 886 4
63 923 5
63 929 4
63 948 2
63 951 4
64 74 1
64 107 9
64 108 5
64 162 5
64 208 1
64 247 8
64 252 3
64 301 4
64 308 9
64 325 1
64 370 1
64 393 8
64 409 1
64 413 1
64 421 3
64 512 6
64 522 10
64 563 7
64 569 8
64 584 5
64 598 3
64 632 1
64 675 6
64 677 7
64 695 8
64 726 9
64 767 2
64 768 6
64 805 4
64 820 9
64 825 5
64 962 2
64 981 2
65 73 3
65 78 5
65 95 8
65 142 7
65 147 9
65 179 3
65 183 1
65 200 4
65 253 2
65 274 6
65 299 9
65 328 3
65 336 4
65 375 6
65 398 9
65 412 6
65 429 9
65 571 10
65 674 5
65 689 1
65 691 3
65 733 5
65 735 5
65 752 4
65 801 1
65 802 10
65 838 8
65 851 8
65 869 9
65 923 10
66 69 10
66 121 10
66 156 8
66 299 6
66 303 4
66 322 2
66 433 9
66 434 3
66 491 2
66 505 4
66 555 6
66 582 8
66 590 10
66 617 9
66 666 9
66 675 10
66 689 6
66 717 1
66 720 7
66 729 8
66 795 1
66 802 8
66 843 4
66 889 10
66 971 1
67 75 1
67 89 7
67 107 10
67 210 7
67 218 9
67 219 2
67 242 4
67 245 1
67 246 7
67 284 7
67 301 7
67 331 3
67 368 6
67 387 8
67 390 5
67 396 10
67 436 10
67 440 4
67 477 4
67 505 2
67 539 2
67 540 9
67 585 6
67 598 10
67 615 8
67 773 2
67 814 1
67 880 10
67 893 2
67 926 5
67 934 4
67 965 3
68 73 2
68 80 8
68 81 6
68 126 2
68 174 2
68 258 2
68 264 10
68 267 4
68 355 3
68 363 8
68 372 5
68 391 3
68 421 5
68 422 4
68 442 5
68 525 7
68 620 5
68 680 9
68 683 2
68 689 3
68 702 10
68 782 7
68 796 7
68 816 10
68 820 10
68 827 1
68 852 7
68 905 6
68 927 1
68 985 8
69 86 9
69 114 4
69 163 5
69 185 3
69 244 7
69 272 6
69 280 2
69 317 5
69 423 8
69 434 5
69 458 7
69 488 8
69 579 1
69 600 3
69 637 1
69 642 2
69 649 1
69 666 10
69 722 5
69 723 10
69 750 4
69 822 7
69 845 10
69 973 1
69 978 10
69 997 10
69 999 2
70 90 1
70 106 1
70 131 9
70 164 9
70 230 10
70 234 5
70 278 3
70 321 10
70 351 2
70 372 3
70 398 9
70 427 8
70 463 1
70 526 6
70 535 8
70 590 8
70 594 4
70 610 2
70 632 3
70 642 10
70 655 7
70 668 4
70 681 9
70 690 2
70 709 9
70 717 3
70 729 4
70 738 9
70 743 9
70 779 7
70 788 1
70 791 3
70 796 9
70 849 6
70 958 4
70 964 2
71 82 1
71 116 6
71 181 2
71 196 2
71 203 6
71 243 7
71 257 2
71 275 3
71 339 4
71 366 2
71 444 10
71 447 10
71 460 6
71 468 5
71 480 3
71 534 8
71 546 1
71 569 1
71 585 6
71 699 9
71 728 7
71 750 5
71 798 6
71 810 9
71 851 8
71 938 6
71 948 8
71 998 6
72 79 4
72 84 1
72 164 6
72 196 8
72 210 5
72 310 3
72 386 8
72 397 6
72 459 9
72 476 3
72 493 3
72 519 3
72 529 4
72 537 5
72 571 1
72 580 8
72 593 1
72 605 7
72 622 6
72 682 9
72 761 7
72 782 9
72 792 3
72 799 3
72 837 9
72 858 8
72 910 8
73 86 9
73 90 6
73 107 3
73 108 6
73 155 7
73 185 7
73 187 8
73 200 6
73 278 1
73 300 4
73 325 8
73 358 10
73 368 8
73 375 3
73 380 7
73 398 4
73 485 2
73 511 1
73 540 3
73 591 8
73 593 9
73 606 3
73 616 9
73 708 2
73 732 1
73 738 10
73 746 10
73 772 7
73 776 6
73 800 7
73 834 5
73 835 8
73 867 8
73 878 9
73 883 3
73 915 9
73 916 2
73 971 4
74 134 7
74 138 1
74 179 2
74 183 2
74 201 2
74 222 1
74 309 3
74 334 4
74 339 2
74 362 1
74 383 3
74 564 7
74 577 7
74 595 9
74 622 5
74 626 1
74 705 5
74 732 8
74 741 6
74 762 4
74 774 9
74 794 8
74 848 9
74 868 5
74 896 7
74 912 3
74 922 9
74 957 10
75 240 1
75 267 8
75 324 7
75 369 7
75 372 2
75 452 6
75 464 7
75 520 10
75 535 8
75 536 4
75 569 1
75 584 7
75 629 7
75 666 3
75 713 5
75 714 8
75 809 6
75 816 10
75 820 5
75 841 3
75 861 2
75 865 5
75 911 7
75 950 6
75 962 7
76 144 5
76 165 9
76 182 4
76 251 10
76 300 2
76 318 8
76 319 5
76 455 1
76 474 3
76 492 9
76 514 2
76 597 3
76 602 1
76 641 7
76 745 2
76 751 4
76 760 10
76 777 10
76 850 7
76 855 10
76 857 10
76 888 4
77 83 8
77 110 2
77 157 9
77 163 7
77 184 4
77 217 6
77 312 10
77 341 3
77 355 8
77 381 5
77 383 3
77 434 9
77 446 6
77 448 7
77 469 2
77 505 1
77 510 6
77 549 2
77 581 4
77 598 9
77 675 10
77 699 2
77 712 7
77 727 5
77 740 1
77 762 10
77 779 8
77 825 6
77 882 8
77 885 6
77 933 2
77 958 10
77 997 3
78 119 3
78 174 8
78 180 7
78 233 10
78 268 6
78 270 4
78 295 10
78 307 7
78 357 10
78 381 5
78 387 5
78 413 5
78 581 7
78 582 1
78 600 3
78 676 1
78 699 3
78 736 9
78 739 2
78 753 8
78 847 4
78 858 7
78 873 2
78 907 5
78 941 4
78 968 9
79 99 10
79 146 6
79 155 10
79 175 10
79 196 4
79 234 10
79 246 10
79 310 9
79 385 3
79 439 10
79 469 6
79 539 5
79 599 2
79 604 6
79 610 8
79 625 6
79 654 8
79 661 9
79 675 10
79 721 4
79 743 4
79 805 10
79 815 1
79 837 9
79 875 10
79 877 5
80 157 4
80 253 4
80 290 8
80 329 2
80 350 3
80 357 10
80 371 3
80 444 4
80 447 2
80 486 6
80 510 10
80 530 10
80 562 10
80 592 5
80 640 7
80 678 4
80 762 4
80 768 9
80 781 9
80 816 6
81 85 8
81 98 5
81 120 6
81 172 7
81 223 1
81 261 8
81 294 6
81 355 7
81 368 8
81 405 6
81 421 6
81 442 9
81 498 6
81 516 8
81 535 5
81 540 3
81 609 7
81 632 7
81 651 1
81 667 4
81 675 2
81 700 8
81 717 4
81 783 2
81 826 2
81 864 10
81 873 1
81 952 10
81 962 1
81 989 10
81 991 4
81 995 8
82 126 7
82 193 8
82 218 3
82 235 10
82 285 2
82 304 10
82 305 4
82 319 2
82 321 1
82 450 8
82 465 2
82 503 1
82 508 8
82 510 10
82 526 3
82 565 8
82 572 9
82 586 7
82 653 5
82 672 1
82 754 6
82 759 8
82 771 1
82 790 6
82 829 8
82 869 6
82 881 2
82 963 6
83 149 3
83 329 2
83 405 4
83 413 10
83 477 7
83 613 5
83 618 2
83 632 8
83 652 8
83 688 6
83 805 6
83 878 8
83 887 9
83 894 4
83 963 6
83 980 6
83 986 1
84 92 10
84 127 1
84 147 7
84 157 5
84 184 4
84 211 2
84 218 4
84 235 7
84 256 5
84 295 2
84 350 9
84 356 1
84 359 8
84 476 1
84 480 7
84 504 10
84 533 8
84 609 6
84 711 6
84 740 4
84 852 1
84 892 6
84 915 8
84 932 4
84 971 1
85 93 2
85 101 7
85 188 2
85 203 7
85 226 6
85 269 7
85 331 5
85 340 7
85 345 9
85 355 6
85 384 2
85 413 10
85 431 3
85 508 2
85 521 3
85 550 9
85 572 5
85 595 1
85 618 3
85 657 4
85 701 9
85 747 2
85 756 2
85 803 7
85 856 6
85 867 1
85 934 2
85 951 9
85 989 4
85 992 7
86 105 10
86 159 9
86 196 9
86 199 9
86 245 2
86 324 10
86 337 3
86 339 4
86 385 7
86 393 9
86 407 4
86 443 6
86 467 1
86 473 4
86 521 6
86 586 5
86 633 4
86 807 10
86 831 3
86 840 10
86 861 8
86 869 2
86 994 5
87 103 1
87 114 7
87 167 4
87 185 4
87 227 4
87 305 4
87 320 10
87 332 9
87 391 8
87 512 5
87 697 3
87 716 5
87 780 5
87 818 8
87 882 5
87 942 2
88 93 4
88 151 9
88 206 4
88 311 2
88 375 5
88 407 10
88 408 3
88 449 10
88 450 10
88 526 7
88 553 9
88 557 5
88 612 9
88 626 3
88 650 5
88 731 9
88 733 7
88 745 3
88 766 9
88 807 1
88 825 5
88 828 2
88 832 2
88 864 8
88 868 8
88 874 5
88 908 7
88 933 4
88 957 3
88 967 8
89 107 7
89 143 3
89 195 4
89 202 6
89 210 7
89 295 7
89 301 7
89 421 4
89 438 3
89 487 7
89 500 9
89 511 7
89 515 7
89 525 1
89 541 9
89 547 1
89 553 10
89 564 4
89 575 7
89 588 3
89 590 5
89 656 8
89 657 1
89 667 4
89 679 10
89 688 9
89 722 3
89 734 8
89 746 2
89 788 6
89 806 5
89 844 7
89 850 6
89 858 6
90 110 8
90 229 9
90 288 2
90 303 7
90 318 9
90 416 6
90 455 5
90 471 4
90 533 3
90 542 5
90 576 5
90 588 2
90 617 8
90 637 2
90 669 3
90 683 8
90 705 5
90 839 7
90 840 8
90 869 10
90 918 6
90 938 2
90 968 9
90 995 2
91 112 10
91 122 4
91 130 4
91 177 10
91 268 9
91 315 9
91 324 3
91 338 4
91 395 5
91 410 5
91 426 8
91 430 10
91 470 4
91 536 6
91 549 2
91 576 7
91 602 6
91 621 9
91 688 4
91 716 1
91 778 10
91 781 1
91 817 8
91 915 6
91 960 6
92 95 3
92 155 3
92 163 3
92 166 10
92 194 2
92 257 5
92 292 8
92 313 9
92 348 2
92 382 4
92 456 5
92 460 10
92 474 3
92 533 7
92 573 3
92 614 1
92 668 3
92 738 4
92 754 8
92 786 6
92 843 3
92 878 7
92 882 5
92 907 4
92 946 3
92 966 4
93 114 5
93 125 9
93 145 5
93 200 5
93 207 10
93 229 3
93 255 5
93 280 3
93 292 7
93 322 3
93 369 8
93 390 7
93 403 4
93 415 1
93 427 6
93 465 1
93 476 9
93 508 6
93 532 4
93 579 3
93 600 3
93 603 7
93 674 10
93 708 4
93 714 2
93 729 2
93 731 6
93 739 5
93 754 3
93 756 3
93 811 2
93 832 1
93 851 3
93 854 7
93 921 3
93 922 3
93 947 4
93 971 5
93 980 3
93 989 5
94 108 5
94 120 4
94 137 9
94 267 6
94 311 3
94 322 4
94 383 5
94 385 10
94 386 10
94 396 1
94 412 8
94 463 6
94 464 8
94 497 4
94 564 1
94 584 4
94 589 10
94 616 3
94 626 9
94 684 5
94 692 5
94 699 1
94 719 1
94 744 1
94 757 8
94 835 2
94 855 7
94 859 4
94 864 3
94 878 3
94 940 6
94 942 6
94 960 6
94 976 4
94 982 1
95 142 7
95 168 6
95 244 1
95 259 4
95 263 4
95 308 7
95 330 10
95 334 7
95 346 3
95 348 7
95 419 6
95 420 3
95 465 10
95 525 2
95 550 9
95 610 1
95 646 8
95 678 6
95 700 8
95 702 10
95 726 9
95 735 10
95 765 4
95 774 9
95 792 7
95 803 3
95 805 7
95 817 1
95 837 2
95 842 4
95 848 10
95 895 7
95 920 10
95 950 9
95 958 1
96 166 4
96 200 10
96 235 2
96 278 10
96 292 2
96 342 2
96 386 10
96 478 5
96 483 8
96 486 9
96 512 10
96 544 6
96 582 8
96 583 4
96 598 4
96 611 5
96 633 4
96 636 1
96 651 3
96 663 10
96 671 7
96 693 1
96 709 9
96 784 10
96 799 7
96 813 4
96 842 9
96 853 7
96 940 4
96 971 9
96 976 10
96 994 6
97 202 3
97 231 10
97 273 4
97 285 9
97 296 9
97 316 8
97 411 9
97 418 6
97 450 5
97 458 5
97 538 9
97 577 5
97 580 3
97 638 10
97 659 5
97 660 1
97 691 8
97 743 7
97 746 3
97 758 2
97 838 1
97 857 10
98 103 10
98 126 10
98 151 10
98 193 1
98 250 8
98 273 1
98 279 6
98 280 1
98 338 7
98 364 6
98 398 8
98 426 1
98 444 9
98 468 8
98 477 1
98 552 8
98 563 5
98 583 10
98 597 8
98 646 5
98 664 5
98 749 9
98 765 1
98 810 5
98 826 2
98 832 8
98 856 8
98 858 7
98 877 6
98 931 3
98 935 1
98 978 6
99 128 5
99 168 5
99 179 4
99 195 10
99 286 5
99 304 1
99 315 6
99 372 8
99 393 4
99 535 2
99 625 10
99 656 2
99 792 6
99 823 4
99 829 10
99 850 1
99 855 9
99 874 1
99 878 5
99 888 1
99 959 4
100 121 2
100 153 2
100 216 10
100 222 4
100 251 5
100 277 3
100 349 7
100 358 10
100 386 3
100 399 4
100 410 4
100 438 7
100 451 6
100 509 2
100 563 8
100 580 7
100 584 3
100 586 7
100 602 4
100 618 5
100 643 7
100 649 8
100 669 10
100 690 9
100 725 5
100 743 5
100 770 9
100 817 10
100 852 10
100 887 4
100 905 4
100 924 7
100 946 2
101 105 7
101 124 9
101 133 7
101 196 6
101 236 5
101 268 2
101 342 4
101 395 5
101 426 2
101 523 8
101 626 4
101 651 10
101 686 1
101 688 9
101 695 8
101 713 7
101 811 1
101 835 7
101 909 8
101 915 2
101 927 3
101 988 5
101 996 9
102 106 4
102 110 1
102 163 5
102 233 9
102 400 3
102 402 1
102 407 8
102 410 2
102 411 9
102 421 5
102 482 9
102 535 7
102 710 6
102 711 5
102 751 9
102 756 9
102 795 3
102 826 5
102 901 8
102 922 7
102 970 4
102 991 7
103 175 2
103 279 5
103 302 10
103 315 10
103 401 10
103 408 8
103 439 2
103 446 3
103 452 6
103 513 1
103 545 4
103 608 7
103 652 5
103 745 1
103 764 2
103 766 8
103 816 7
103 857 5
103 937 7
103 964 2
104 131 3
104 190 1
104 232 3
104 283 9
104 361 4
104 398 1
104 401 10
104 413 5
104 470 6
104 488 10
104 491 9
104 510 2
104 528 7
104 534 1
104 540 2
104 541 7
104 581 3
104 588 4
104 616 9
104 654 9
104 662 3
104 716 10
104 747 8
104 788 8
104 834 7
104 873 3
104 899 8
104 905 4
104 946 9
104 948 9
104 955 8
104 973 5
105 138 9
105 154 10
105 159 3
105 185 3
105 207 10
105 234 6
105 240 3
105 294 2
105 323 4
105 450 9
105 534 8
105 545 7
105 589 6
105 590 6
105 660 4
105 670 1
105 709 7
105 778 5
105 782 5
105 800 9
105 831 3
105 856 2
106 122 10
106 158 6
106 181 5
106 197 7
106 343 7
106 355 10
106 380 6
106 439 10
106 508 8
106 529 5
106 561 5
106 576 9
106 577 8
106 584 5
106 591 10
106 594 5
106 596 10
106 606 4
106 614 5
106 617 10
106 703 2
106 726 8
106 755 10
106 789 7
106 815 2
106 825 9
106 831 3
106 841 2
106 862 9
106 933 2
106 935 7
106 947 2
107 120 7
107 128 7
107 138 3
107 146 5
107 164 6
107 187 10
107 199 3
107 205 5
107 214 3
107 216 8
107 327 7
107 434 2
107 446 4
107 448 5
107 501 7
107 512 2
107 539 5
107 552 8
107 583 9
107 596 7
107 665 5
107 692 8
107 698 1
107 741 2
107 746 10
107 760 3
107 771 5
107 798 8
107 828 7
107 868 5
107 879 1
107 907 7
107 946 3
108 111 6
108 134 7
108 149 4
108 293 7
108 356 9
108 370 7
108 391 2
108 473 7
108 539 7
108 553 6
108 585 7
108 590 1
108 609 10
108 742 5
108 744 9
108 769 5
108 784 10
108 835 2
108 951 10
108 968 3
109 236 9
109 247 9
109 291 9
109 407 10
109 423 6
109 425 7
109 438 6
109 469 7
109 486 6
109 507 2
109 512 1
109 575 6
109 628 1
109 637 7
109 676 7
109 682 2
109 685 8
109 822 1
109 864 6
109 887 4
109 927 10
109 980 9
110 114 5
110 134 6
110 136 5
110 172 8
110 264 1
110 299 2
110 300 10
110 329 1
110 333 1
110 404 8
110 419 4
110 471 5
110 511 6
110 523 6
110 552 2
110 601 10
110 610 2
110 647 4
110 747 1
110 848 4
110 943 9
110 949 10
110 998 9
111 134 7
111 139 1
111 284 10
111 288 6
111 308 4
111 337 7
111 346 6
111 461 10
111 468 9
111 474 3
111 476 2
111 477 9
111 504 9
111 510 4
111 528 10
111 692 9
111 721 2
111 731 1
111 734 7
111 771 7
111 795 9
111 796 6
111 827 1
111 841 6
111 951 7
111 955 7
112 136 6
112 187 9
112 226 9
112 309 2
112 320 3
112 349 4
112 369 5
112 380 9
112 386 6
112 406 3
112 420 9
112 452 1
112 478 2
112 480 1
112 548 5
112 583 9
112 603 1
112 687 8
112 702 2
112 704 10
112 716 9
112 723 9
112 724 10
112 727 2
112 757 1
112 761 5
112 766 10
112 779 2
112 788 2
112 813 8
112 831 5
112 970 6
113 119 8
113 262 6
113 269 6
113 280 10
113 337 4
113 360 10
113 408 6
113 419 6
113 447 3
113 471 3
113 474 9
113 482 1
113 492 10
113 551 9
113 572 10
113 574 4
113 617 6
113 618 7
113 657 4
113 677 6
113 724 3
113 838 3
113 846 5
113 849 8
114 186 1
114 246 2
114 279 4
114 326 8
114 377 10
114 470 6
114 547 7
114 565 6
114 568 5
114 619 10
114 622 1
114 658 4
114 671 9
114 682 9
114 698 9
114 728 6
114 734 10
114 772 6
114 781 6
114 792 9
114 802 8
114 804 2
114 820 10
114 852 3
114 902 2
114 948 2
114 981 10
115 134 3
115 173 2
115 187 9
115 193 3
115 206 4
115 257 6
115 274 10
115 309 2
115 325 7
115 354 6
115 356 2
115 418 5
115 490 3
115 518 6
115 533 7
115 588 2
115 592 2
115 612 2
115 633 9
115 662 9
115 678 10
115 687 6
115 816 8
115 901 5
115 913 4
115 949 4
115 966 3
116 118 4
116 138 10
116 249 9
116 256 8
116 273 6
116 275 2
116 278 4
116 298 2
116 397 3
116 427 5
116 433 1
116 484 3
116 570 9
116 629 1
116 646 9
116 647 8
116 665 3
116 721 2
116 727 10
116 730 7
116 756 4
116 792 10
116 847 2
116 860 2
116 870 5
116 875 2
116 940 1
117 138 7
117 142 5
117 224 8
117 235 3
117 252 2
117 305 5
117 365 9
117 416 2
117 453 3
117 467 7
117 491 1
117 565 1
117 566 9
117 586 3
117 593 3
117 610 9
117 689 3
117 704 1
117 775 3
117 819 9
117 830 8
117 878 10
117 987 1
117 993 1
118 126 10
118 136 2
118 201 2
118 306 8
118 362 3
118 396 9
118 424 8
118 444 7
118 499 9
118 502 6
118 520 10
118 530 9
118 540 8
118 546 8
118 589 2
118 669 9
118 716 7
118 717 3
118 727 10
118 756 5
118 759 1
118 777 10
118 780 9
118 828 4
118 833 5
118 835 5
118 845 7
118 850 5
118 859 10
118 910 1
118 921 3
118 982 9
119 197 6
119 208 5
119 214 2
119 221 5
119 223 10
119 234 8
119 250 5
119 315 5
119 384 6
119 391 7
119 416 10
119 447 2
119 481 9
119 535 7
119 546 7
119 557 4
119 574 2
119 600 7
119 663 7
119 668 7
119 674 6
119 689 8
119 707 5
119 741 6
119 797 9
119 843 6
119 862 2
119 912 3
119 977 5
120 133 8
120 195 4
120 197 5
120 221 2
120 235 7
120 281 5
120 285 6
120 294 2
120 407 7
120 409 4
120 411 4
120 416 7
120 432 4
120 452 9
120 457 1
120 524 7
120 529 1
120 551 7
120 553 7
120 559 2
120 599 1
120 612 4
120 632 6
120 642 8
120 679 4
120 710 8
120 730 2
120 753 1
120 829 7
120 959 8
120 982 9
121 134 9
121 141 1
121 153 6
121 165 1
121 212 6
121 221 5
121 228 3
121 291 9
121 309 4
121 316 5
121 334 5
121 359 9
121 421 1
121 470 4
121 536 10
121 666 1
121 731 2
121 755 6
121 792 6
121 859 10
121 893 9
121 989 10
121 990 6
121 995 5
122 187 4
122 277 4
122 297 3
122 352 7
122 364 8
122 367 5
122 387 4
122 430 2
122 465 6
122 552 9
122 560 3
122 588 3
122 591 3
122 618 2
122 655 1
122 745 7
122 773 9
122 791 9
122 866 5
122 882 6
122 933 7
122 957 9
122 963 5
123 139 1
123 143 6
123 220 7
123 248 8
123 265 8
123 457 7
123 508 4
123 569 9
123 618 1
123 685 6
123 721 8
123 738 1
123 739 1
123 746 6
123 758 2
123 790 9
123 801 3
123 910 5
123 916 6
123 928 10
123 955 8
124 129 10
124 226 2
124 319 1
124 324 8
124 341 9
124 348 10
124 356 2
124 386 4
124 420 1
124 469 6
124 471 7
124 532 5
124 551 8
124 554 3
124 580 1
124 594 6
124 658 5
124 666 4
124 685 9
124 687 6
124 688 9
124 759 2
124 822 4
124 858 2
124 899 10
124 916 4
124 942 7
124 975 1
124 979 9
125 137 7
125 155 4
125 222 9
125 250 2
125 365 6
125 384 1
125 474 5
125 506 4
125 539 1
125 549 8
125 645 4
125 682 10
125 691 1
125 694 7
125 784 10
125 790 2
125 791 1
125 803 8
125 886 1
125 887 2
125 891 8
125 892 10
125 951 7
126 137 6
126 154 8
126 224 5
126 278 7
126 373 4
126 413 1
126 417 7
126 487 8
126 531 3
126 560 7
126 567 1
126 624 3
126 638 4
126 639 5
126 643 4
126 716 7
126 804 8
126 806 5
126 811 2
126 814 6
126 848 1
126 885 1
126 921 8
126 924 2
126 952 2
127 137 5
127 158 7
127 175 3
127 256 8
127 264 10
127 291 8
127 317 10
127 389 2
127 390 5
127 576 6
127 588 9
127 688 7
127 756 9
127 802 1
127 809 5
127 810 5
127 816 2
127 818 2
127 840 5
127 888 9
127 934 6
127 985 1
127 986 10
127 998 5
128 140 8
128 166 9
128 215 3
128 270 6
128 286 9
128 329 3
128 334 9
128 381 8
128 435 10
128 449 9
128 510 2
128 566 5
128 645 9
128 648 6
128 673 10
128 685 3
128 692 7
128 699 2
128 711 6
128 735 8
128 777 5
128 889 5
128 911 8
128 923 5
128 947 8
129 243 8
129 269 6
129 278 7
129 331 8
129 341 8
129 367 8
129 396 8
129 536 4
129 539 4
129 593 1
129 622 3
129 673 2
129 744 1
129 751 3
129 757 7
129 773 8
129 817 6
129 893 9
129 901 3
129 933 4
129 997 4
130 231 7
130 260 7
130 272 9
130 273 3
130 283 8
130 301 9
130 406 1
130 429 5
130 443 5
130 481 6
130 536 3
130 539 9
130 624 3
130 655 3
130 696 10
130 717 2
130 719 5
130 750 10
130 763 7
130 861 8
130 919 4
131 152 10
131 194 3
131 200 4
131 286 8
131 299 10
131 318 3
131 356 5
131 394 9
131 403 10
131 418 7
131 475 5
131 554 6
131 644 6
131 660 5
131 718 7
131 780 5
131 836 7
131 901 6
131 934 10
132 214 2
132 224 4
132 257 8
132 261 10
132 315 3
132 335 9
132 416 4
132 423 5
132 488 4
132 551 10
132 554 8
132 577 3
132 598 2
132 604 10
132 620 4
132 699 4
132 717 5
132 739 1
132 829 6
132 836 7
132 872 5
132 882 8
132 996 9
133 160 2
133 172 5
133 177 2
133 178 4
133 179 3
133 265 1
133 284 3
133 348 5
133 403 1
133 426 9
133 448 6
133 545 6
133 564 9
133 652 6
133 784 3
133 796 6
133 811 5
133 817 1
133 827 2
133 850 6
133 886 7
133 924 6
133 928 10
133 930 8
133 947 1
134 138 7
134 144 10
134 185 4
134 206 7
134 213 8
134 229 5
134 288 4
134 326 5
134 334 4
134 373 9
134 395 3
134 546 10
134 548 6
134 629 6
134 631 10
134 705 3
134 720 10
134 800 1
134 849 2
134 852 6
134 935 5
134 936 1
134 938 8
134 958 10
134 973 8
134 996 7
135 157 9
135 176 7
135 209 4
135 245 5
135 274 7
135 389 9
135 418 1
135 419 3
135 457 9
135 508 9
135 563 9
135 621 4
135 649 7
135 663 1
135 746 10
135 787 2
135 799 9
135 836 1
135 871 7
135 874 6
135 919 4
135 928 9
136 173 9
136 187 2
136 194 2
136 237 1
136 249 7
136 250 3
136 277 2
136 308 5
136 373 4
136 378 2
136 386 7
136 426 5
136 449 5
136 506 6
136 521 5
136 551 3
136 604 6
136 608 6
136 648 6
136 701 9
136 711 2
136 727 8
136 756 3
136 774 4
136 793 2
136 835 6
136 852 10
136 875 9
136 915 5
136 936 10
136 972 3
136 978 1
137 178 7
137 241 5
137 268 3
137 288 3
137 293 4
137 294 1
137 329 9
137 431 9
137 461 3
137 528 8
137 529 1
137 565 8
137 580 5
137 592 7
137 640 5
137 755 5
137 773 9
137 835 1
137 846 5
137 851 3
138 177 9
138 210 2
138 226 8
138 228 4
138 245 5
138 286 4
138 305 3
138 341 6
138 399 2
138 484 5
138 518 4
138 559 1
138 590 8
138 599 1
138 609 6
138 631 7
138 676 3
138 682 1
138 692 6
138 695 7
138 783 1
138 794 5
138 803 3
138 833 4
138 847 6
138 882 3
138 927 2
138 929 3
138 976 3
139 147 3
139 152 4
139 155 4
139 159 6
139 198 9
139 210 6
139 218 7
139 331 2
139 378 10
139 445 9
139 454 9
139 461 4
139 511 9
139 582 4
139 612 1
139 642 10
139 672 4
139 700 5
139 706 10
139 709 6
139 739 3
139 870 4
139 873 10
139 893 8
139 961 1
139 977 1
140 151 10
140 219 6
140 239 10
140 338 5
140 377 7
140 394 2
140 397 8
140 441 10
140 453 2
140 500 10
140 528 4
140 582 10
140 613 3
140 625 9
140 650 8
140 690 4
140 703 8
140 732 8
140 739 1
140 759 1
140 814 1
140 846 9
140 853 9
140 931 10
140 932 9
140 945 2
140 975 8
141 178 5
141 186 10
141 192 6
141 205 2
141 217 3
141 253 3
141 259 7
141 287 7
141 321 2
141 336 3
141 364 7
141 395 10
141 420 7
141 497 9
141 521 7
141 535 4
141 558 2
141 573 1
141 583 5
141 623 1
141 640 10
141 651 2
141 660 2
141 707 3
141 713 10
141 730 9
141 739 2
141 772 6
141 788 2
141 796 10
141 823 5
141 826 5
141 828 4
141 861 2
142 145 3
142 172 1
142 195 1
142 205 2
142 240 7
142 271 4
142 327 9
142 355 8
142 360 2
142 410 8
142 413 4
142 421 2
142 429 6
142 489 7
142 570 9
142 611 10
142 639 3
142 654 2
142 671 7
142 818 3
142 856 9
142 869 4
142 871 6
142 884 1
142 905 10
142 965 4
142 980 8
142 982 1
142 985 5
143 176 7
143 240 7
143 289 10
143 368 8
143 417 3
143 423 8
143 427 6
143 449 2
143 468 10
143 499 4
143 503 8
143 504 10
143 523 7
143 530 6
143 545 4
143 551 6
143 562 6
143 605 8
143 627 5
143 665 7
143 683 1
143 703 8
143 819 6
143 847 5
143 866 2
143 917 2
143 941 6
143 993 7
144 197 9
144 198 6
144 207 2
144 229 4
144 240 3
144 246 6
144 256 8
144 266 1
144 344 7
144 469 10
144 553 10
144 593 3
144 618 2
144 646 3
144 665 7
144 671 2
144 681 2
144 717 5
144 731 6
144 775 6
144 838 6
144 847 6
144 852 9
144 860 8
144 884 7
144 893 1
144 903 9
144 987 10
144 999 7
145 178 9
145 216 5
145 219 10
145 396 7
145 440 3
145 444 9
145 469 8
145 515 10
145 538 6
145 558 1
145 637 2
145 638 4
145 650 3
145 655 4
145 692 3
145 714 1
145 729 10
145 736 2
145 774 1
145 802 4
145 818 10
145 821 3
145 923 5
145 926 10
145 945 10
145 946 8
145 948 3
145 981 2
145 983 1
145 992 5
146 161 2
146 168 7
146 205 1
146 219 1
146 279 8
146 349 7
146 382 3
146 447 1
146 474 8
146 494 9
146 512 9
146 614 1
146 736 3
146 739 10
146 775 1
146 844 10
146 850 3
146 871 6
146 881 10
146 938 1
146 943 3
146 979 8
147 172 7
147 182 8
147 309 10
147 352 6
147 400 8
147 434 10
147 473 9
147 476 2
147 498 5
147 501 5
147 551 8
147 579 2
147 587 1
147 592 7
147 607 6
147 631 6
147 654 2
147 659 5
147 678 6
147 692 9
147 695 9
147 718 10
147 779 7
147 797 9
147 814 5
147 821 1
147 842 3
147 869 6
147 879 10
147 965 1
147 974 9
147 978 4
148 199 1
148 268 8
148 338 4
148 391 7
148 405 6
148 406 4
148 423 1
148 432 6
148 458 3
148 475 10
148 477 8
148 494 9
148 503 6
148 516 9
148 549 3
148 595 2
148 610 1
148 639 8
148 650 3
148 688 5
148 735 4
148 780 4
148 792 6
148 828 7
148 835 8
148 873 1
148 930 8
148 966 4
149 268 6
149 287 10
149 303 3
149 313 10
149 329 1
149 352 8
149 386 10
149 451 6
149 453 5
149 481 1
149 565 10
149 697 10
149 732 4
149 791 6
149 870 3
149 871 6
149 934 5
149 954 5
149 969 6
149 979 8
149 990 1
150 193 2
150 301 5
150 326 7
150 385 10
150 402 10
150 413 3
150 426 3
150 524 7
150 553 2
150 619 10
150 634 10
150 676 4
150 685 1
150 724 4
150 735 1
150 742 8
150 746 1
150 827 10
150 897 9
150 915 8
150 961 6
150 963 3
150 981 4
150 983 9
151 179 1
151 197 6
151 215 4
151 245 6
151 248 6
151 294 10
151 308 3
151 349 6
151 378 8
151 393 9
151 426 8
151 448 1
151 475 6
151 481 10
151 542 6
151 563 6
151 592 9
151 604 10
151 620 1
151 633 2
151 637 3
151 696 7
151 758 4
151 902 3
151 925 8
151 928 4
151 933 8
151 946 7
151 986 1
152 164 4
152 176 1
152 190 3
152 204 5
152 213 1
152 233 8
152 248 7
152 256 4
152 270 10
152 276 10
152 312 4
152 351 2
152 386 2
152 417 9
152 425 4
152 469 9
152 518 8
152 552 8
152 583 1
152 604 10
152 635 3
152 686 5
152 689 9
152 691 2
152 702 2
152 745 1
152 746 4
152 762 6
152 884 5
152 908 7
152 945 10
152 949 9
152 959 10
153 156 3
153 169 1
153 195 3
153 224 9
153 244 6
153 282 8
153 290 2
153 379 5
153 381 6
153 393 6
153 434 1
153 453 4
153 454 2
153 491 9
153 523 3
153 550 4
153 568 5
153 575 6
153 641 8
153 642 8
153 649 7
153 659 8
153 762 9
153 776 5
153 790 4
153 839 9
153 852 10
153 870 3
153 875 3
153 890 7
153 900 7
153 968 3
153 971 10
153 977 9
154 271 8
154 291 10
154 301 4
154 451 5
154 456 5
154 487 3
154 528 7
154 542 4
154 625 3
154 631 5
154 701 9
154 702 2
154 715 7
154 716 7
154 734 10
154 735 5
154 754 4
154 755 9
154 821 1
154 865 5
154 893 6
154 943 9
154 953 2
154 959 10
154 985 9
155 215 9
155 223 2
155 241 8
155 256 8
155 314 4
155 340 3
155 355 6
155 374 6
155 438 5
155 514 5
155 526 3
155 540 8
155 549 3
155 552 10
155 570 8
155 575 4
155 578 3
155 601 10
155 611 10
155 653 4
155 658 3
155 661 5
155 708 9
155 760 7
155 771 9
155 783 6
155 848 9
155 941 10
155 946 8
155 953 10
156 164 3
156 265 6
156 309 4
156 334 7
156 336 8
156 403 7
156 418 10
156 462 4
156 495 7
156 526 9
156 528 10
156 587 6
156 588 5
156 610 9
156 616 3
156 618 6
156 625 10
156 667 10
156 671 4
156 711 6
156 735 8
156 742 5
156 748 7
156 771 5
156 868 5
156 913 4
156 922 4
156 927 2
157 160 5
157 224 9
157 228 2
157 231 7
157 252 3
157 259 9
157 284 5
157 312 2
157 349 5
157 398 4
157 410 6
157 415 3
157 485 3
157 489 1
157 513 5
157 528 1
157 530 6
157 628 10
157 635 5
157 639 8
157 659 5
157 771 3
157 780 9
157 823 10
157 925 9
157 963 3
157 992 10
157 996 9
158 206 4
158 229 7
158 250 8
158 270 2
158 279 3
158 309 10
158 330 5
158 366 9
158 401 3
158 473 1
158 521 7
158 537 6
158 553 8
158 642 3
158 776 10
158 804 3
158 863 9
158 864 10
158 872 8
158 920 9
158 977 2
158 993 10
159 234 2
159 341 5
159 357 3
159 359 9
159 421 9
159 427 8
159 440 6
159 509 10
159 516 4
159 532 2
159 538 6
159 562 3
159 577 5
159 581 3
159 585 3
159 590 6
159 591 8
159 639 2
159 658 10
159 730 4
159 739 9
159 770 8
159 802 8
159 804 6
159 839 7
159 859 9
159 906 8
159 953 9
160 248 2
160 325 1
160 482 6
160 550 10
160 556 10
160 572 6
160 607 10
160 608 9
160 662 8
160 750 9
160 784 8
160 795 3
160 860 9
160 909 8
161 206 1
161 222 2
161 226 9
161 233 7
161 264 10
161 288 9
161 290 8
161 360 7
161 369 5
161 377 9
161 388 3
161 420 5
161 446 1
161 468 1
161 569 10
161 571 5
161 595 4
161 688 3
161 702 4
161 704 2
161 706 10
161 736 8
161 784 9
161 821 1
161 856 5
161 946 8
161 978 7
162 206 3
162 221 3
162 229 5
162 234 8
162 264 4
162 278 5
162 337 5
162 345 4
162 366 4
162 372 2
162 424 7
162 492 10
162 530 9
162 554 1
162 576 5
162 580 9
162 642 8
162 706 10
162 728 4
162 730 2
162 766 3
162 767 8
162 768 6
162 806 6
162 862 7
162 865 2
162 883 7
162 884 10
162 893 8
162 894 4
162 931 2
162 960 10
162 961 9
163 170 8
163 192 7
163 226 3
163 232 5
163 268 6
163 278 8
163 291 4
163 311 9
163 348 6
163 456 1
163 496 2
163 508 3
163 521 1
163 537 4
163 538 4
163 568 3
163 602 7
163 693 10
163 722 5
163 727 1
163 747 3
163 748 1
163 773 10
163 876 7
163 898 8
163 916 5
163 920 8
163 954 4
163 995 3
164 174 3
164 215 4
164 217 10
164 281 1
164 294 9
164 295 5
164 372 4
164 414 8
164 458 6
164 484 7
164 544 1
164 566 3
164 581 8
164 625 4
164 662 8
164 726 2
164 745 5
164 793 10
164 796 4
164 803 8
164 829 4
164 844 7
164 907 2
164 935 4
164 953 4
165 195 2
165 231 9
165 273 2
165 295 10
165 300 10
165 340 5
165 382 5
165 410 2
165 441 4
165 485 5
165 492 10
165 564 10
165 566 5
165 708 7
165 887 1
165 906 2
165 909 1
165 933 2
165 941 5
165 943 4
165 970 5
166 188 6
166 285 6
166 289 4
166 297 10
166 301 2
166 320 8
166 332 2
166 395 4
166 420 10
166 453 3
166 459 9
166 463 9
166 598 9
166 640 6
166 643 8
166 687 2
166 710 10
166 719 9
166 800 1
166 822 1
166 827 4
166 852 10
166 870 6
166 877 10
166 892 10
166 895 4
166 934 4
166 961 4
166 970 7
166 990 5
167 178 10
167 284 8
167 323 7
167 327 7
167 337 7
167 344 3
167 401 2
167 404 2
167 407 7
167 431 6
167 435 5
167 452 6
167 469 7
167 470 1
167 477 3
167 496 5
167 518 10
167 561 7
167 582 10
167 680 5
167 712 2
167 751 1
167 752 6
167 759 2
167 765 9
167 787 9
167 790 1
167 793 2
167 806 6
167 816 4
167 865 8
167 866 7
167 879 6
167 958 2
167 984 7
168 211 9
168 226 4
168 268 7
168 274 9
168 280 4
168 330 8
168 381 8
168 420 10
168 422 10
168 453 9
168 494 1
168 550 7
168 581 2
168 627 4
168 652 10
168 684 9
168 727 9
168 763 8
168 797 10
168 807 3
168 869 7
168 930 3
168 934 10
168 972 5
168 977 10
169 173 9
169 195 5
169 209 1
169 227 7
169 228 4
169 275 10
169 295 10
169 412 6
169 414 2
169 418 4
169 502 10
169 584 4
169 587 3
169 639 6
169 670 4
169 676 10
169 700 3
169 750 5
169 787 9
169 829 2
169 886 5
169 928 8
169 939 2
169 962 2
169 963 4
170 185 9
170 198 4
170 236 1
170 382 7
170 395 7
170 411 5
170 455 1
170 464 8
170 509 10
170 527 1
170 541 9
170 638 1
170 665 3
170 669 9
170 697 10
170 735 1
170 744 3
170 786 10
170 838 1
170 887 5
170 898 8
170 914 6
170 956 2
170 989 9
171 179 7
171 208 8
171 246 10
171 251 9
171 300 4
171 414 9
171 415 4
171 416 9
171 428 10
171 470 1
171 471 8
171 472 5
171 608 2
171 618 7
171 627 10
171 628 2
171 738 5
171 775 1
171 826 5
171 857 3
171 859 1
171 897 7
171 906 9
172 195 5
172 220 6
172 245 4
172 258 4
172 259 2
172 273 8
172 293 6
172 302 1
172 313 7
172 352 4
172 361 4
172 398 2
172 402 6
172 451 6
172 458 4
172 464 2
172 493 2
172 576 7
172 585 3
172 609 1
172 619 2
172 628 8
172 655 8
172 688 1
172 709 2
172 735 1
172 750 1
172 762 2
172 802 9
172 805 10
172 819 10
172 821 1
172 870 4
172 905 3
172 944 10
172 949 4
172 959 9
172 975 10
173 183 7
173 198 3
173 200 7
173 223 9
173 241 3
173 254 6
173 270 7
173 288 9
173 319 9
173 334 6
173 358 4
173 363 4
173 369 9
173 405 8
173 410 10
173 415 10
173 420 2
173 433 1
173 444 10
173 468 2
173 491 1
173 550 4
173 557 5
173 574 6
173 594 10
173 605 3
173 665 4
173 801 1
173 844 5
173 870 6
173 907 8
173 963 5
174 178 9
174 181 3
174 197 2
174 218 7
174 244 7
174 262 2
174 269 1
174 272 1
174 294 9
174 331 2
174 363 5
174 377 1
174 381 5
174 393 6
174 433 8
174 511 8
174 525 7
174 598 3
174 610 1
174 629 2
174 641 3
174 667 9
174 678 2
174 698 8
174 734 2
174 853 3
174 878 10
174 921 4
174 927 5
174 933 7
174 983 9
175 311 7
175 340 7
175 409 8
175 428 3
175 463 10
175 485 7
175 501 1
175 506 3
175 536 3
175 570 2
175 591 6
175 626 2
175 639 8
175 724 10
175 733 7
175 763 1
175 785 1
175 805 9
175 810 9
175 889 6
175 895 9
175 900 1
176 302 10
176 393 10
176 412 7
176 531 8
176 541 6
176 571 6
176 589 4
176 609 7
176 669 5
176 691 4
176 719 7
176 721 3
176 735 1
176 775 10
176 789 6
176 798 3
176 869 4
176 883 4
176 885 7
176 911 3
176 914 1
176 925 9
176 958 8
176 967 4
177 281 8
177 286 9
177 392 7
177 396 10
177 421 4
177 500 7
177 539 3
177 591 7
177 607 3
177 612 10
177 640 4
177 644 8
177 704 2
177 713 4
177 730 1
177 744 10
177 781 4
177 782 7
177 796 2
177 843 5
177 913 10
178 207 4
178 279 9
178 281 2
178 282 1
178 287 3
178 292 1
178 326 2
178 340 4
178 401 7
178 415 9
178 474 7
178 492 3
178 590 8
178 690 5
178 760 2
178 764 8
178 781 7
178 788 4
178 818 2
178 831 4
178 843 4
178 905 2
178 963 8
178 964 8
178 999 9
179 201 7
179 205 7
179 207 3
179 211 7
179 231 1
179 247 1
179 275 7
179 288 10
179 303 3
179 328 10
179 344 10
179 360 2
179 440 4
179 464 3
179 524 3
179 525 8
179 585 10
179 694 1
179 699 5
179 737 6
179 742 10
179 746 1
179 784 5
179 902 2
179 947 8
179 957 9
179 964 10
180 196 4
180 199 1
180 310 5
180 358 5
180 375 5
180 378 7
180 433 10
180 473 5
180 529 3
180 564 3
180 574 7
180 598 10
180 671 10
180 798 9
180 801 9
180 811 6
180 814 2
180 835 2
180 947 9
180 975 1
181 229 9
181 233 2
181 284 8
181 304 4
181 352 10
181 371 4
181 374 6
181 392 9
181 427 5
181 440 8
181 530 2
181 568 6
181 592 10
181 627 7
181 678 8
181 760 10
181 775 10
181 798 10
181 840 9
181 849 10
181 851 6
181 928 8
181 963 4
181 979 5
182 206 4
182 212 2
182 268 1
182 291 3
182 301 8
182 306 1
182 314 6
182 317 1
182 372 3
182 390 10
182 417 10
182 435 9
182 438 3
182 469 3
182 494 6
182 561 7
182 641 10
182 650 6
182 657 1
182 663 3
182 679 8
182 680 8
182 686 2
182 708 8
182 730 8
182 761 2
182 771 9
182 790 9
182 824 9
182 829 1
182 833 2
182 841 1
182 883 3
182 887 6
182 898 6
182 911 5
182 920 9
182 938 8
182 945 1
182 989 9
183 197 5
183 207 2
183 272 7
183 280 9
183 288 10
183 309 6
183 349 5
183 367 8
183 387 10
183 396 9
183 428 6
183 561 5
183 609 6
183 630 7
183 650 8
183 713 8
183 759 7
183 794 4
183 829 2
183 861 10
183 888 10
183 930 9
184 193 7
184 227 5
184 233 9
184 272 6
184 287 2
184 322 9
184 338 6
184 345 7
184 349 1
184 353 4
184 449 2
184 561 1
184 582 7
184 595 4
184 651 6
184 656 8
184 704 10
184 777 10
184 823 5
184 874 7
184 901 1
184 912 1
184 932 5
184 941 3
184 964 3
184 973 7
185 192 5
185 197 4
185 221 8
185 230 10
185 272 9
185 282 1
185 299 7
185 314 3
185 320 10
185 329 6
185 333 9
185 401 3
185 416 1
185 471 1
185 515 1
185 522 2
185 528 6
185 563 2
185 606 4
185 618 1
185 630 6
185 670 3
185 695 6
185 776 5
185 791 3
185 849 10
185 857 3
185 880 9
185 883 2
185 890 1
185 936 1
185 941 4
185 998 1
186 213 1
186 223 3
186 245 1
186 281 4
186 289 2
186 330 9
186 362 4
186 367 1
186 375 2
186 385 2
186 406 7
186 477 4
186 575 2
186 671 1
186 691 3
186 727 1
186 780 4
186 804 4
186 812 4
186 825 5
186 843 1
186 898 10
187 194 2
187 280 8
187 293 2
187 328 3
187 332 6
187 338 6
187 371 7
187 372 5
187 385 7
187 445 9
187 518 8
187 531 7
187 552 1
187 581 9
187 632 5
187 700 8
187 702 3
187 712 10
187 715 5
187 732 3
187 755 8
187 792 10
187 810 9
187 829 10
187 854 1
187 880 8
187 941 7
187 964 4
187 967 6
188 210 6
188 211 3
188 246 5
188 293 9
188 304 3
188 324 7
188 356 7
188 383 9
188 421 6
188 445 8
188 512 7
188 529 2
188 555 1
188 605 1
188 621 6
188 645 10
188 673 6
188 684 2
188 744 10
188 748 5
188 751 1
188 754 7
188 783 3
188 855 1
188 896 8
188 916 2
188 990 3
188 998 9
189 224 7
189 257 6
189 273 4
189 406 6
189 437 10
189 446 8
189 530 3
189 551 10
189 584 3
189 604 5
189 672 8
189 720 4
189 733 1
189 743 6
189 752 4
189 788 4
189 800 5
189 803 8
189 804 8
189 905 5
190 297 7
190 366 1
190 434 9
190 458 3
190 470 1
190 478 3
190 489 10
190 510 9
190 511 10
190 517 6
190 530 4
190 596 3
190 603 7
190 629 8
190 656 7
190 722 6
190 772 3
190 835 10
190 860 5
190 943 5
190 947 1
191 204 9
191 236 2
191 275 9
191 277 7
191 304 7
191 341 1
191 370 7
191 398 4
191 400 10
191 430 1
191 434 3
191 439 9
191 491 4
191 517 2
191 546 10
191 572 8
191 680 2
191 705 5
191 749 5
191 821 10
191 859 7
191 861 8
191 939 6
191 997 2
192 245 9
192 267 7
192 288 2
192 289 4
192 333 1
192 354 7
192 376 7
192 392 9
192 409 2
192 444 10
192 471 5
192 671 5
192 741 5
192 778 2
192 829 6
192 845 8
192 867 10
192 871 4
192 934 3
192 976 8
193 286 7
193 307 2
193 336 3
193 370 3
193 383 3
193 400 10
193 496 2
193 526 2
193 541 6
193 551 2
193 572 7
193 574 10
193 604 6
193 614 6
193 622 2
193 623 9
193 664 9
193 687 5
193 688 9
193 691 1
193 739 2
193 773 1
193 793 3
193 805 4
193 839 8
193 875 3
193 894 7
193 926 7
193 929 9
193 960 2
193 965 3
194 196 3
194 232 8
194 253 2
194 272 1
194 314 3
194 370 1
194 373 8
194 392 3
194 397 2
194 411 10
194 451 2
194 480 10
194 545 2
194 569 3
194 717 3
194 720 2
194 723 5
194 788 2
194 817 5
194 842 7
194 847 2
194 849 7
194 851 1
194 882 3
194 948 9
194 973 5
194 993 7
195 217 4
195 247 9
195 278 6
195 286 2
195 339 3
195 409 5
195 416 9
195 436 8
195 479 10
195 508 7
195 533 4
195 574 1
195 617 2
195 751 1
195 892 10
196 221 6
196 314 10
196 319 1
196 320 9
196 329 4
196 374 6
196 380 6
196 449 9
196 485 3
196 518 10
196 563 10
196 687 1
196 707 8
196 780 1
196 782 1
196 783 9
196 806 10
196 867 1
196 905 6
196 991 4
197 271 5
197 284 5
197 298 3
197 319 10
197 323 10
197 344 6
197 451 8
197 458 5
197 473 9
197 481 2
197 539 9
197 561 9
197 592 9
197 601 6
197 611 7
197 623 2
197 637 8
197 707 1
197 726 1
197 758 5
197 885 9
197 928 3
197 934 1
197 942 7
197 955 3
198 247 2
198 253 7
198 271 7
198 290 3
198 321 10
198 413 9
198 570 1
198 577 8
198 644 7
198 694 3
198 717 7
198 719 8
198 747 5
198 753 7
198 784 1
198 812 8
198 859 7
198 908 5
198 914 6
198 925 5
198 941 6
198 985 5
199 202 10
199 227 5
199 233 4
199 245 5
199 285 4
199 306 2
199 308 6
199 335 4
199 409 1
199 414 10
199 464 3
199 471 4
199 510 1
199 525 1
199 527 5
199 584 1
199 601 5
199 621 9
199 631 3
199 639 5
199 650 10
199 658 9
199 688 8
199 717 10
199 729 10
199 801 7
199 825 9
199 834 3
199 930 6
199 955 3
199 960 8
199 981 4
199 991 7
200 221 1
200 253 5
200 275 2
200 280 10
200 298 6
200 322 8
200 422 6
200 492 4
200 496 10
200 518 8
200 575 8
200 607 5
200 693 9
200 697 6
200 707 6
200 736 1
200 755 5
200 760 8
200 810 5
200 903 5
200 907 8
200 937 2
200 993 9
201 246 5
201 367 8
201 397 7
201 436 3
201 451 1
201 472 5
201 479 2
201 499 1
201 501 9
201 567 9
201 572 2
201 575 5
201 603 5
201 614 1
201 659 1
201 692 8
201 713 4
201 717 7
201 778 10
201 780 6
201 802 9
201 869 10
201 871 2
201 906 6
201 924 1
202 205 6
202 265 2
202 310 6
202 369 2
202 460 2
202 521 7
202 550 5
202 562 5
202 604 8
202 653 4
202 681 10
202 835 1
202 837 2
202 910 7
202 990 4
203 241 8
203 258 6
203 263 3
203 315 1
203 322 2
203 368 7
203 435 6
203 448 7
203 458 8
203 470 6
203 474 10
203 493 5
203 506 7
203 513 6
203 628 6
203 631 6
203 650 7
203 653 6
203 654 3
203 667 5
203 803 9
203 819 10
203 911 2
203 914 9
203 923 5
203 924 1
204 251 9
204 295 5
204 296 3
204 303 5
204 330 5
204 397 3
204 429 3
204 456 9
204 463 4
204 496 10
204 540 5
204 612 4
204 617 7
204 691 9
204 720 2
204 747 1
204 781 8
204 784 1
204 795 8
204 857 7
204 879 8
204 888 3
204 896 8
204 903 9
204 916 1
205 215 10
205 311 4
205 330 6
205 370 2
205 375 6
205 408 4
205 419 8
205 535 6
205 559 9
205 599 9
205 623 7
205 626 8
205 704 7
205 757 9
205 787 10
205 794 9
205 816 3
205 909 6
205 932 9
205 940 3
206 267 7
206 280 2
206 358 2
206 366 7
206 450 1
206 510 3
206 594 1
206 618 2
206 689 9
206 740 5
206 825 3
206 851 3
206 866 10
206 947 6
206 966 7
207 222 10
207 227 8
207 229 10
207 280 2
207 355 8
207 357 4
207 382 8
207 396 6
207 414 6
207 431 5
207 501 9
207 503 10
207 537 2
207 552 1
207 563 5
207 594 2
207 616 5
207 622 6
207 733 4
207 761 8
207 764 4
207 797 6
207 845 7
207 849 10
207 888 2
207 917 7
207 948 9
207 964 4
207 965 5
208 249 9
208 262 7
208 338 3
208 394 9
208 396 6
208 397 8
208 416 6
208 499 5
208 554 1
208 567 10
208 582 5
208 601 8
208 606 8
208 607 10
208 625 7
208 704 3
208 706 7
208 774 4
208 776 3
208 781 6
208 860 4
208 942 1
208 999 9
209 213 8
209 217 2
209 310 6
209 362 7
209 368 2
209 378 6
209 381 7
209 403 6
209 479 6
209 501 10
209 505 3
209 538 4
209 642 9
209 717 9
209 766 10
209 781 4
209 788 7
209 789 8
209 838 7
209 849 4
209 922 2
209 995 3
210 258 8
210 291 5
210 316 1
210 330 6
210 337 1
210 341 8
210 367 7
210 439 2
210 448 8
210 462 5
210 465 2
210 481 9
210 486 3
210 487 9
210 506 1
210 542 7
210 552 9
210 561 3
210 570 10
210 689 6
210 694 2
210 731 9
210 794 9
210 814 10
210 845 1
210 849 5
210 858 9
210 930 7
210 976 3
210 981 1
211 262 2
211 302 5
211 338 1
211 404 10
211 423 10
211 430 1
211 464 8
211 547 5
211 562 4
211 613 10
211 639 9
211 654 9
211 817 1
211 843 8
211 887 9
211 990 4
212 236 3
212 246 7
212 299 2
212 309 7
212 340 10
212 347 5
212 485 1
212 511 1
212 526 6
212 616 7
212 650 2
212 694 1
212 791 7
212 797 6
212 810 5
212 827 8
212 849 8
212 873 4
212 883 10
212 950 7
212 962 3
212 977 1
212 997 10
213 296 1
213 373 6
213 382 3
213 384 8
213 389 5
213 418 9
213 419 9
213 442 3
213 472 10
213 529 8
213 551 10
213 593 7
213 628 7
213 701 8
213 705 6
213 724 6
213 733 6
213 814 10
213 837 4
213 871 10
213 891 7
213 892 1
213 903 6
213 914 7
213 974 3
213 991 10
214 284 9
214 285 3
214 299 5
214 336 5
214 351 9
214 366 8
214 370 2
214 373 5
214 467 7
214 470 3
214 552 1
214 574 3
214 581 1
214 590 5
214 615 7
214 642 1
214 711 1
214 731 9
214 846 8
214 933 1
214 987 6
215 221 8
215 227 5
215 235 5
215 271 1
215 331 1
215 383 4
215 463 6
215 478 4
215 575 4
215 628 6
215 753 6
215 765 8
215 788 9
215 818 10
215 960 4
215 983 3
216 263 7
216 294 2
216 311 7
216 323 2
216 340 7
216 352 8
216 406 3
216 449 4
216 491 6
216 515 4
216 524 7
216 527 3
216 552 6
216 618 7
216 647 6
216 653 1
216 674 6
216 686 2
216 690 5
216 772 9
216 787 4
216 793 6
216 824 9
216 856 7
216 924 1
216 972 6
217 225 2
217 236 8
217 261 4
217 306 3
217 413 4
217 418 4
217 461 8
217 497 8
217 519 8
217 532 4
217 602 1
217 655 3
217 662 9
217 692 7
217 742 9
217 804 1
217 807 2
217 821 7
217 825 3
217 832 5
217 846 7
217 869 9
217 876 7
217 927 4
217 952 5
217 965 5
217 992 4
218 265 4
218 283 8
218 376 5
218 397 7
218 429 1
218 434 1
218 455 7
218 480 3
218 524 10
218 531 1
218 587 2
218 683 5
218 696 4
218 742 9
218 779 3
218 815 4
218 894 8
219 251 1
219 280 8
219 315 6
219 326 9
219 356 6
219 376 2
219 492 3
219 517 8
219 535 3
219 580 1
219 670 10
219 678 9
219 721 7
219 739 1
219 748 1
219 781 5
219 792 10
219 824 3
219 861 6
219 873 1
219 886 9
219 895 3
219 922 5
219 938 3
220 234 7
220 244 6
220 349 7
220 353 5
220 362 5
220 372 8
220 394 9
220 398 7
220 508 10
220 534 2
220 545 10
220 549 2
220 565 5
220 572 6
220 577 6
220 638 4
220 707 8
220 861 7
220 892 1
220 899 7
220 977 2
220 984 8
221 249 7
221 261 9
221 349 8
221 354 9
221 355 4
221 464 3
221 472 8
221 487 8
221 489 6
221 525 2
221 656 1
221 664 4
221 681 9
221 783 6
221 830 8
221 927 5
221 944 10
221 962 3
221 963 10
222 253 5
222 254 5
222 257 6
222 337 7
222 374 1
222 375 1
222 457 9
222 472 4
222 477 2
222 551 6
222 569 2
222 572 6
222 635 1
222 673 6
222 692 7
222 719 10
222 787 5
222 865 2
222 883 5
222 910 8
222 914 3
222 943 7
222 955 2
223 270 5
223 324 10
223 328 5
223 410 6
223 424 2
223 428 4
223 555 2
223 631 3
223 643 9
223 702 2
223 722 7
223 725 5
223 744 10
223 757 9
223 822 10
223 852 5
223 857 10
223 933 2
223 970 3
223 987 6
224 239 9
224 288 4
224 297 8
224 303 5
224 322 7
224 340 8
224 345 10
224 349 3
224 354 2
224 360 6
224 403 5
224 411 4
224 428 2
224 499 4
224 510 10
224 565 4
224 574 9
224 578 3
224 585 2
224 618 1
224 634 8
224 711 3
224 751 4
224 832 4
224 896 3
224 948 7
224 950 6
224 965 7
225 241 10
225 287 4
225 326 4
225 342 9
225 423 1
225 486 9
225 488 5
225 519 6
225 520 4
225 537 7
225 556 8
225 601 4
225 693 4
225 882 8
225 905 5
225 909 3
225 972 1
225 991 5
226 249 1
226 333 9
226 428 3
226 435 9
226 437 1
226 442 9
226 457 4
226 460 6
226 470 4
226 482 3
226 513 7
226 517 8
226 520 7
226 526 9
226 527 7
226 588 1
226 671 4
226 722 8
226 813 8
226 837 10
226 863 9
226 879 8
226 890 3
226 895 8
226 930 7
226 961 10
227 237 7
227 272 2
227 325 2
227 358 3
227 388 1
227 456 6
227 493 10
227 503 3
227 535 8
227 571 4
227 587 6
227 662 8
227 678 10
227 680 1
227 689 1
227 690 5
227 726 8
227 759 5
227 767 8
227 807 6
227 854 8
227 868 6
227 930 10
227 941 1
227 955 10
227 977 9
227 987 5
228 269 5
228 283 10
228 359 8
228 396 6
228 470 1
228 578 3
228 585 10
228 593 7
228 616 2
228 667 9
228 712 2
228 714 9
228 756 2
228 762 9
228 784 4
228 804 7
228 832 9
228 847 7
228 952 1
228 986 2
229 262 4
229 287 5
229 291 7
229 335 4
229 340 2
229 359 9
229 362 9
229 380 4
229 387 7
229 408 3
229 510 5
229 582 4
229 591 7
229 634 1
229 676 8
229 700 5
229 732 4
229 753 9
229 771 3
229 780 7
229 817 4
229 823 9
229 836 2
229 848 8
229 911 8
229 938 3
229 945 10
229 956 3
230 246 8
230 270 10
230 275 8
230 293 5
230 439 3
230 478 1
230 508 1
230 521 2
230 543 8
230 567 10
230 576 2
230 642 7
230 828 6
230 858 1
230 859 4
230 945 9
231 240 4
231 249 6
231 282 9
231 365 3
231 445 4
231 456 1
231 561 8
231 622 7
231 643 7
231 644 1
231 676 4
231 677 1
231 720 9
231 772 1
231 785 6
231 788 7
231 865 8
231 951 4
231 975 4
231 980 9
231 985 9
232 266 4
232 270 2
232 285 6
232 305 2
232 409 9
232 421 5
232 422 1
232 480 4
232 543 6
232 569 2
232 578 9
232 579 6
232 609 2
232 648 6
232 656 8
232 734 9
232 749 6
232 820 5
232 843 5
232 869 8
232 908 4
232 977 4
233 285 7
233 332 10
233 342 1
233 401 7
233 411 1
233 429 7
233 432 7
233 511 7
233 528 8
233 532 10
233 596 8
233 651 8
233 684 1
233 690 1
233 708 2
233 732 10
233 772 3
233 818 4
233 836 5
233 856 2
233 907 10
233 932 4
233 986 3
234 256 8
234 384 4
234 427 7
234 456 4
234 488 10
234 543 2
234 582 3
234 583 3
234 614 6
234 622 3
234 643 10
234 704 6
234 800 10
234 804 8
234 830 9
234 836 8
234 865 10
234 872 4
234 936 10
235 278 6
235 280 8
235 303 7
235 344 5
235 387 8
235 405 9
235 484 8
235 490 2
235 494 1
235 578 8
235 583 10
235 634 7
235 659 10
235 782 4
235 858 7
235 864 7
235 920 2
235 981 3
236 267 10
236 349 1
236 372 9
236 404 8
236 429 1
236 557 8
236 583 8
236 632 9
236 685 7
236 712 10
236 714 10
236 727 7
236 757 9
236 782 2
236 825 8
236 837 8
236 856 6
236 888 3
236 917 6
236 937 3
236 939 6
236 963 4
236 991 8
237 266 9
237 267 9
237 296 9
237 431 8
237 436 2
237 438 10
237 513 2
237 522 6
237 530 7
237 595 1
237 684 7
237 720 2
237 749 7
237 757 6
237 795 1
237 864 2
237 865 4
237 874 7
237 880 3
237 927 1
237 933 5
238 241 1
238 269 1
238 302 6
238 357 4
238 379 9
238 414 9
238 454 3
238 472 2
238 475 6
238 503 5
238 552 6
238 566 5
238 601 3
238 632 10
238 647 8
238 668 4
238 736 7
238 823 2
238 840 2
238 855 4
238 877 3
238 885 3
238 970 1
238 981 4
239 285 6
239 328 5
239 329 3
239 343 6
239 364 10
239 371 10
239 373 4
239 377 9
239 435 2
239 474 4
239 493 7
239 679 7
239 713 9
239 755 3
239 809 7
239 814 6
239 833 8
239 841 8
239 843 7
239 861 8
239 933 3
239 950 9
239 966 3
239 971 5
239 981 5
240 246 8
240 291 9
240 301 4
240 412 10
240 414 7
240 488 4
240 496 10
240 514 3
240 532 2
240 605 2
240 607 8
240 618 1
240 628 5
240 653 3
240 726 3
240 855 6
240 863 10
240 887 7
240 913 4
240 921 6
240 990 5
240 995 9
241 293 4
241 299 6
241 334 1
241 371 9
241 373 10
241 383 2
241 408 8
241 502 5
241 510 10
241 564 4
241 569 10
241 574 5
241 578 9
241 614 6
241 620 9
241 642 4
241 821 5
241 853 4
241 883 5
241 887 10
242 256 10
242 261 5
242 351 5
242 352 7
242 403 1
242 446 5
242 449 6
242 465 4
242 524 8
242 526 1
242 549 9
242 711 10
242 716 3
242 726 5
242 730 1
242 757 4
242 784 9
242 798 3
242 849 4
242 887 4
242 915 8
242 926 7
242 960 2
242 964 5
243 246 5
243 252 10
243 253 7
243 258 8
243 338 2
243 494 5
243 509 9
243 520 5
243 545 3
243 609 2
243 678 7
243 680 9
243 760 1
243 861 2
243 874 10
243 953 4
243 982 6
244 328 3
244 450 7
244 464 4
244 496 6
244 530 8
244 605 4
244 608 4
244 617 4
244 621 4
244 628 2
244 631 10
244 665 6
244 666 8
244 763 2
244 770 3
244 838 9
244 841 9
244 879 3
244 892 4
244 923 7
244 999 8
245 290 2
245 377 5
245 382 9
245 399 10
245 413 9
245 480 8
245 560 5
245 578 9
245 589 4
245 688 8
245 707 8
245 798 4
245 859 5
245 915 10
245 928 4
245 943 1
245 949 9
245 969 4
246 256 4
246 261 10
246 294 5
246 303 8
246 384 4
246 407 4
246 419 6
246 421 9
246 457 8
246 501 10
246 502 8
246 517 4
246 530 5
246 552 5
246 561 10
246 633 2
246 646 8
246 656 5
246 674 1
246 769 2
246 798 2
246 817 2
246 844 1
246 854 1
246 900 10
246 943 5
246 988 1
247 262 3
247 334 3
247 345 3
247 347 4
247 355 2
247 374 9
247 406 1
247 481 5
247 483 7
247 502 5
247 513 7
247 536 6
247 587 9
247 614 10
247 647 7
247 649 6
247 683 9
247 728 4
247 777 1
247 844 2
247 950 5
247 978 10
247 992 1
248 274 10
248 298 8
248 365 9
248 380 9
248 416 5
248 438 2
248 447 4
248 453 9
248 504 9
248 506 7
248 526 10
248 571 3
248 607 5
248 617 8
248 642 1
248 663 10
248 665 1
248 666 8
248 689 5
248 722 2
248 760 5
248 794 1
248 805 7
248 910 10
248 980 5
248 985 4
249 274 3
249 287 7
249 362 8
249 384 4
249 415 5
249 434 5
249 451 5
249 481 9
249 540 10
249 570 5
249 614 10
249 635 2
249 653 9
249 718 4
249 748 7
249 761 7
249 763 7
249 766 10
249 933 4
249 974 10
249 996 3
250 265 7
250 305 3
250 317 4
250 324 4
250 326 8
250 334 2
250 341 8
250 360 2
250 366 9
250 374 4
250 463 7
250 464 10
250 465 3
250 466 10
250 492 1
250 502 9
250 561 2
250 567 8
250 590 3
250 599 9
250 619 8
250 626 2
250 642 9
250 714 9
250 739 7
250 745 1
250 818 8
250 853 8
250 866 1
250 873 4
250 882 9
250 908 1
250 911 5
250 956 7
251 287 7
251 304 7
251 422 6
251 430 9
251 431 9
251 438 2
251 465 7
251 470 1
251 473 8
251 488 7
251 496 6
251 505 6
251 595 10
251 605 5
251 632 9
251 636 8
251 643 7
251 655 10
251 665 8
251 752 7
251 831 2
252 255 9
252 287 9
252 302 7
252 371 7
252 418 2
252 449 3
252 472 10
252 488 6
252 501 1
252 519 9
252 524 1
252 527 4
252 575 3
252 582 4
252 584 10
252 606 5
252 612 2
252 636 3
252 704 2
252 791 4
252 870 1
252 882 5
252 888 6
252 934 2
252 949 10
252 966 3
253 263 8
253 327 1
253 345 6
253 358 7
253 362 3
253 381 7
253 417 4
253 425 8
253 520 1
253 532 9
253 534 3
253 548 8
253 580 6
253 647 1
253 655 4
253 706 1
253 708 10
253 714 6
253 728 5
253 875 5
253 904 8
253 976 5
253 994 4
254 301 2
254 302 9
254 307 8
254 316 5
254 324 10
254 344 4
254 386 6
254 460 10
254 473 3
254 536 4
254 543 10
254 565 2
254 567 1
254 587 7
254 643 4
254 773 10
254 782 7
254 789 7
254 836 6
254 873 2
254 949 2
254 968 7
255 263 2
255 288 3
255 292 7
255 315 1
255 319 5
255 345 6
255 443 5
255 444 3
255 468 2
255 493 9
255 509 7
255 525 6
255 535 5
255 572 1
255 589 5
255 596 6
255 626 4
255 651 3
255 682 10
255 710 3
255 718 2
255 738 5
255 761 4
255 771 1
255 775 3
255 786 8
255 819 8
255 826 2
255 856 1
255 998 7
256 268 3
256 326 6
256 403 1
256 423 10
256 475 8
256 498 7
256 501 1
256 614 9
256 641 2
256 664 2
256 696 1
256 719 7
256 733 10
256 779 9
256 825 7
256 960 6
256 997 6
256 998 8
257 276 3
257 301 9
257 317 1
257 474 10
257 479 5
257 522 10
257 526 3
257 534 9
257 571 3
257 578 5
257 604 9
257 688 8
257 714 10
257 742 5
257 747 1
257 756 10
257 780 7
257 837 7
257 879 1
257 949 4
258 274 2
258 309 2
258 328 3
258 392 1
258 434 6
258 443 5
258 453 3
258 595 8
258 649 10
258 659 9
258 691 7
258 705 9
258 717 5
258 758 5
258 773 7
258 781 5
258 800 2
258 827 6
258 927 5
259 268 8
259 279 4
259 292 9
259 320 9
259 338 6
259 358 8
259 394 5
259 486 4
259 503 1
259 510 10
259 542 3
259 568 1
259 576 1
259 577 6
259 675 4
259 691 1
259 692 1
259 706 8
259 721 1
259 742 10
259 769 2
259 785 9
259 819 7
259 839 2
259 851 3
259 868 10
259 881 2
259 940 4
259 950 5
259 995 4
260 304 7
260 320 5
260 347 2
260 394 8
260 496 6
260 500 6
260 514 8
260 555 1
260 568 10
260 625 5
260 627 2
260 633 8
260 691 3
260 715 1
260 728 8
260 796 6
260 803 8
260 879 5
260 932 8
260 992 6
261 264 9
261 275 5
261 359 8
261 377 5
261 381 3
261 410 5
261 495 8
261 561 7
261 571 3
261 588 2
261 597 2
261 623 2
261 633 4
261 717 3
261 799 5
261 829 3
261 854 8
261 885 5
261 977 1
262 280 2
262 339 9
262 366 1
262 368 4
262 414 6
262 432 8
262 578 6
262 606 10
262 617 3
262 633 7
262 721 2
262 759 10
262 775 9
262 790 2
262 797 3
262 807 6
262 810 2
262 826 9
262 885 9
262 953 1
262 970 1
263 269 9
263 345 9
263 418 6
263 488 1
263 581 7
263 660 7
263 689 3
263 736 2
263 768 5
263 813 4
263 838 10
263 840 7
263 847 4
263 858 6
263 861 10
263 910 7
264 301 2
264 307 4
264 416 2
264 446 10
264 481 8
264 490 9
264 492 4
264 522 7
264 618 7
264 688 2
264 741 5
264 758 7
264 773 7
264 775 5
264 830 1
264 844 3
264 944 3
264 962 6
265 287 2
265 288 3
265 322 5
265 328 9
265 356 2
265 393 3
265 394 5
265 403 10
265 415 6
265 433 7
265 462 2
265 512 10
265 552 6
265 598 2
265 619 10
265 625 9
265 644 4
265 760 3
265 864 8
265 869 8
265 879 5
265 943 9
266 276 4
266 306 2
266 345 3
266 373 3
266 385 4
266 393 5
266 452 7
266 486 8
266 567 3
266 568 8
266 580 2
266 582 3
266 600 1
266 610 10
266 626 8
266 686 9
266 727 2
266 761 6
266 820 6
266 894 8
266 966 7
266 970 7
267 291 10
267 297 8
267 361 4
267 375 10
267 447 2
267 493 9
267 508 7
267 514 2
267 567 3
267 594 2
267 623 6
267 624 2
267 714 2
267 726 6
267 787 7
267 808 8
267 824 5
267 910 5
267 985 10
268 362 4
268 367 7
268 370 6
268 396 3
268 444 5
268 456 10
268 514 5
268 540 7
268 544 10
268 561 9
268 576 10
268 586 2
268 591 10
268 668 3
268 688 7
268 755 6
268 874 9
268 884 1
268 909 5
268 911 10
268 928 7
268 933 5
268 961 7
268 967 9
269 309 10
269 351 4
269 357 3
269 361 5
269 390 9
269 394 7
269 415 6
269 442 9
269 471 5
269 483 6
269 489 2
269 501 6
269 507 5
269 525 8
269 554 3
269 570 5
269 594 4
269 597 9
269 601 1
269 617 10
269 653 10
269 678 6
269 726 7
269 728 8
269 735 8
269 745 4
269 818 4
269 826 8
269 851 6
269 892 8
269 907 6
269 919 2
269 949 6
270 282 1
270 340 10
270 371 5
270 386 8
270 390 10
270 393 7
270 408 1
270 501 2
270 545 9
270 634 6
270 662 2
270 759 1
270 779 10
270 806 5
270 882 4
270 886 4
270 893 7
271 311 5
271 340 2
271 355 1
271 367 2
271 375 1
271 401 3
271 438 9
271 470 1
271 471 2
271 518 5
271 567 6
271 572 2
271 593 4
271 632 6
271 712 10
271 769 3
271 822 1
271 831 10
271 835 10
271 855 4
271 889 9
271 905 8
271 907 3
271 919 7
271 928 8
271 931 3
271 945 8
271 961 5
271 968 3
271 997 8
272 305 1
272 307 7
272 342 9
272 348 10
272 424 6
272 454 7
272 521 2
272 543 7
272 605 8
272 617 9
272 688 6
272 730 1
272 731 8
272 739 4
272 765 10
272 786 8
272 815 7
272 894 6
272 939 1
272 979 5
273 278 3
273 284 4
273 316 10
273 337 2
273 362 4
273 393 8
273 429 3
273 459 6
273 519 8
273 627 6
273 668 3
273 791 8
273 792 9
273 803 10
273 846 8
273 854 9
273 932 8
273 941 6
273 978 9
274 356 9
274 375 10
274 456 1
274 461 4
274 476 6
274 492 3
274 503 4
274 528 3
274 558 5
274 625 2
274 656 2
274 719 1
274 766 7
274 785 1
274 853 6
274 898 6
274 932 4
274 942 3
274 995 8
275 286 7
275 378 4
275 381 8
275 416 10
275 423 9
275 479 9
275 560 1
275 572 1
275 609 4
275 628 7
275 651 8
275 673 3
275 690 10
275 695 10
275 803 3
275 876 5
275 913 8
275 966 8
276 297 9
276 400 8
276 437 2
276 439 3
276 449 10
276 532 7
276 608 3
276 630 6
276 638 4
276 721 10
276 744 3
276 777 4
276 797 5
276 826 8
276 868 7
276 897 8
276 900 6
276 930 3
276 948 7
276 961 6
277 419 9
277 449 6
277 454 5
277 457 10
277 468 9
277 473 1
277 515 7
277 531 3
277 537 6
277 603 10
277 619 10
277 620 10
277 664 3
277 689 10
277 781 1
277 797 9
277 813 10
277 832 3
277 875 3
277 913 2
277 997 7
278 288 4
278 347 6
278 359 10
278 386 8
278 395 3
278 451 5
278 493 9
278 495 5
278 615 4
278 638 1
278 684 8
278 738 3
278 795 9
278 829 9
278 847 7
278 860 5
278 864 7
278 908 2
278 955 8
278 963 7
278 990 7
279 287 3
279 327 8
279 334 7
279 403 7
279 433 5
279 443 7
279 447 1
279 478 8
279 500 3
279 524 9
279 572 2
279 614 2
279 639 1
279 656 9
279 681 10
279 694 5
279 732 1
279 770 2
279 795 9
279 805 1
279 813 8
279 824 4
279 966 7
279 967 1
280 290 9
280 306 2
280 523 1
280 567 1
280 570 2
280 585 1
280 629 3
280 636 3
280 646 9
280 695 7
280 704 6
280 736 6
280 746 8
280 766 1
280 802 4
280 812 8
280 847 10
280 942 10
280 961 8
281 327 6
281 355 8
281 436 2
281 455 5
281 472 10
281 513 8
281 590 7
281 641 4
281 678 7
281 692 3
281 693 1
281 704 4
281 714 9
281 730 10
281 741 6
281 774 5
281 787 1
281 834 6
281 865 3
281 907 9
281 967 2
282 286 9
282 341 8
282 391 3
282 393 10
282 423 5
282 473 6
282 478 7
282 479 10
282 486 5
282 509 4
282 529 5
282 531 4
282 541 2
282 550 9
282 598 6
282 623 1
282 649 6
282 705 3
282 720 5
282 729 8
282 737 8
282 739 5
282 764 10
282 766 1
282 798 9
282 976 5
282 980 5
283 302 10
283 324 7
283 375 6
283 435 1
283 437 6
283 483 10
283 500 1
283 528 1
283 546 2
283 596 7
283 605 5
283 614 10
283 626 4
283 642 8
283 795 5
283 846 7
283 875 3
283 882 10
283 884 1
283 892 8
283 898 2
283 905 10
283 938 4
283 977 9
284 364 8
284 402 7
284 433 6
284 495 3
284 526 4
284 536 10
284 627 5
284 692 5
284 697 7
284 740 1
284 755 4
284 767 6
284 814 7
284 835 1
284 839 1
284 875 7
284 879 10
285 322 1
285 327 2
285 328 9
285 348 5
285 361 7
285 422 7
285 423 1
285 436 5
285 446 10
285 523 6
285 572 10
285 630 8
285 658 4
285 705 1
285 729 4
285 743 8
285 754 6
285 771 4
285 833 1
285 852 5
285 859 8
285 869 9
285 929 4
285 983 9
286 290 7
286 339 3
286 395 4
286 421 1
286 470 6
286 502 8
286 528 10
286 536 1
286 550 1
286 585 5
286 664 5
286 665 3
286 671 7
286 731 2
286 747 5
286 799 9
286 867 8
286 869 6
286 912 9
286 919 1
286 964 7
287 299 3
287 320 7
287 323 4
287 334 8
287 371 4
287 495 8
287 582 10
287 599 3
287 660 10
287 706 2
287 809 7
287 848 9
287 870 3
287 887 2
287 901 1
287 952 1
287 973 6
288 305 7
288 369 5
288 376 4
288 387 8
288 393 10
288 417 10
288 418 7
288 474 7
288 564 5
288 573 9
288 628 2
288 633 1
288 697 9
288 731 5
288 785 9
288 912 2
288 923 7
288 992 6
289 315 5
289 322 2
289 448 5
289 449 3
289 469 2
289 529 5
289 547 1
289 570 9
289 589 6
289 600 4
289 614 6
289 714 8
289 789 10
289 793 2
289 807 5
289 819 2
289 876 5
289 892 4
289 917 9
289 956 10
289 963 5
289 987 6
290 305 10
290 316 1
290 392 2
290 438 3
290 452 9
290 599 8
290 702 2
290 706 2
290 723 4
290 770 8
290 814 1
290 885 9
290 892 4
290 961 3
290 963 8
290 965 1
291 322 1
291 326 4
291 337 3
291 414 10
291 428 5
291 455 4
291 535 8
291 599 8
291 666 10
291 725 6
291 744 8
291 785 8
291 811 8
291 828 3
291 860 6
291 896 7
291 929 1
291 991 4
292 335 1
292 371 4
292 373 4
292 375 6
292 406 1
292 435 9
292 465 1
292 467 3
292 493 7
292 519 10
292 534 5
292 543 10
292 564 10
292 604 8
292 657 6
292 693 10
292 724 10
292 728 8
292 813 4
292 869 4
292 935 9
292 962 6
293 301 5
293 388 10
293 462 1
293 477 8
293 597 1
293 599 3
293 625 5
293 656 4
293 796 9
293 800 9
293 829 9
293 880 5
293 905 1
293 934 2
293 971 6
293 984 7
294 314 5
294 366 8
294 378 4
294 384 6
294 400 1
294 461 6
294 470 5
294 490 4
294 497 9
294 502 4
294 503 5
294 504 9
294 508 1
294 564 8
294 697 9
294 709 8
294 722 2
294 760 3
294 799 6
294 830 10
294 836 6
294 951 1
294 957 3
294 976 3
295 308 9
295 382 8
295 401 7
295 432 8
295 447 1
295 672 3
295 682 10
295 697 4
295 732 3
295 790 2
295 806 9
295 847 10
295 871 5
295 898 3
295 914 5
296 383 3
296 397 6
296 416 6
296 430 2
296 490 3
296 571 8
296 573 2
296 580 5
296 585 1
296 591 10
296 633 5
296 646 1
296 652 9
296 662 1
296 675 4
296 707 4
296 730 2
296 735 4
296 785 2
296 817 10
296 858 1
296 879 7
296 916 5
296 958 1
296 993 7
297 316 1
297 330 9
297 352 1
297 363 6
297 393 9
297 409 5
297 424 3
297 440 10
297 460 8
297 599 5
297 627 6
297 645 9
297 646 1
297 672 4
297 686 7
297 719 7
297 753 1
297 777 4
297 930 1
297 938 5
297 941 6
297 950 5
297 953 1
297 958 1
297 975 7
298 403 4
298 426 7
298 428 6
298 447 2
298 453 3
298 478 6
298 503 1
298 588 10
298 600 4
298 604 4
298 662 8
298 881 3
298 898 2
298 941 7
299 334 9
299 339 1
299 380 9
299 435 7
299 446 5
299 465 4
299 504 9
299 599 1
299 708 3
299 811 9
299 875 7
299 881 7
299 951 4
299 995 4
300 304 4
300 308 8
300 320 8
300 423 9
300 443 9
300 450 2
300 472 9
300 493 4
300 537 6
300 554 3
300 604 3
300 611 3
300 630 6
300 655 10
300 693 3
300 700 4
300 704 2
300 712 5
300 720 9
300 807 8
300 852 9
300 894 7
300 910 2
300 918 1
300 926 1
301 399 2
301 409 2
301 463 4
301 486 2
301 492 6
301 589 2
301 621 6
301 624 7
301 846 9
301 855 3
301 870 6
301 871 7
301 893 8
301 932 9
301 966 4
301 977 2
301 999 3
302 336 1
302 348 1
302 375 7
302 394 10
302 404 2
302 406 6
302 495 1
302 502 9
302 524 5
302 564 9
302 628 3
302 646 6
302 761 7
302 819 5
302 900 8
302 907 1
302 946 8
302 985 6
303 333 6
303 342 4
303 367 5
303 411 7
303 478 4
303 520 7
303 616 8
303 621 5
303 657 2
303 674 2
303 703 10
303 775 3
303 799 8
303 800 1
303 829 5
303 837 9
303 842 3
303 891 10
303 941 9
303 949 7
303 962 3
304 309 2
304 310 2
304 359 3
304 360 7
304 381 3
304 439 4
304 449 4
304 451 4
304 507 5
304 512 10
304 527 3
304 562 9
304 569 3
304 572 10
304 582 2
304 608 1
304 681 3
304 708 5
304 809 5
304 836 4
304 870 1
304 904 1
304 909 7
304 937 6
304 941 6
304 957 5
305 342 2
305 348 9
305 358 1
305 408 2
305 416 3
305 422 1
305 434 9
305 441 3
305 443 10
305 458 8
305 464 6
305 505 10
305 507 2
305 541 1
305 685 7
305 686 7
305 708 8
305 711 7
305 754 4
305 814 4
305 841 9
305 895 4
305 952 5
305 970 6
305 974 3
305 991 3
305 998 3
306 312 4
306 321 5
306 334 10
306 485 3
306 556 9
306 668 10
306 709 10
306 724 8
306 732 6
306 735 6
306 774 5
306 877 9
306 885 2
306 895 6
306 904 1
306 905 6
306 908 1
306 931 7
306 937 8
306 944 6
307 354 9
307 356 10
307 369 8
307 427 10
307 473 5
307 484 9
307 490 1
307 522 2
307 536 2
307 560 7
307 585 6
307 633 1
307 649 6
307 687 4
307 753 7
307 761 9
307 773 10
307 778 4
307 843 6
307 857 10
307 858 3
307 876 6
307 914 9
307 974 6
307 983 5
307 997 1
308 348 10
308 404 7
308 406 7
308 415 9
308 419 7
308 452 8
308 460 5
308 476 8
308 509 1
308 528 8
308 547 7
308 562 5
308 586 4
308 587 6
308 619 6
308 653 6
308 700 7
308 716 2
308 738 8
308 795 7
308 814 4
308 818 5
308 833 9
308 843 9
308 898 10
308 943 1
308 944 9
308 999 2
309 418 5
309 425 6
309 487 4
309 489 9
309 520 10
309 528 8
309 534 4
309 579 9
309 582 3
309 640 3
309 643 7
309 666 1
309 675 1
309 679 1
309 753 1
309 807 7
309 808 7
309 839 10
309 855 7
309 888 7
309 890 6
310 329 10
310 375 3
310 376 9
310 380 2
310 427 4
310 436 8
310 473 9
310 506 7
310 516 1
310 623 6
310 652 5
310 670 6
310 705 8
310 713 4
310 720 9
310 775 2
310 780 8
310 796 2
310 874 7
310 879 5
310 884 8
310 907 1
310 918 3
310 995 9
311 324 6
311 355 5
311 420 3
311 467 1
311 475 9
311 491 9
311 508 5
311 515 3
311 547 4
311 559 8
311 586 4
311 591 9
311 600 4
311 643 2
311 679 3
311 695 2
311 829 6
311 858 3
311 864 9
311 907 6
311 949 5
311 950 6
312 321 9
312 346 10
312 391 6
312 406 4
312 424 3
312 427 10
312 450 2
312 477 6
312 553 7
312 563 3
312 614 1
312 616 1
312 757 10
312 773 8
312 784 3
312 786 7
312 858 7
312 980 10
312 995 4
313 364 7
313 491 2
313 540 1
313 543 2
313 557 9
313 585 4
313 586 9
313 598 7
313 627 1
313 664 5
313 680 4
313 714 7
313 751 10
313 821 2
313 831 7
313 845 7
313 853 2
313 855 1
313 867 4
313 892 8
313 901 4
313 973 3
314 321 5
314 389 1
314 439 1
314 474 9
314 486 5
314 497 10
314 573 2
314 595 3
314 657 7
314 682 5
314 773 10
314 787 6
314 808 5
314 813 3
314 834 1
314 843 3
314 859 2
314 955 8
314 975 10
314 978 3
315 396 8
315 563 5
315 579 9
315 580 10
315 587 8
315 592 2
315 646 4
315 679 7
315 738 2
315 752 5
315 754 6
315 756 3
315 770 1
315 788 2
315 815 8
315 879 7
315 905 9
315 941 1
315 965 3
315 966 4
315 969 9
316 344 1
316 371 8
316 433 3
316 509 7
316 564 1
316 570 10
316 584 3
316 599 6
316 605 7
316 631 2
316 636 10
316 686 9
316 777 9
316 847 2
316 911 10
316 949 9
316 997 2
317 357 8
317 370 2
317 432 2
317 440 8
317 480 1
317 490 9
317 495 1
317 568 2
317 607 8
317 619 5
317 659 8
317 664 5
317 679 2
317 711 8
317 726 6
317 795 6
317 807 9
317 854 10
317 867 7
317 875 3
317 903 5
317 938 5
318 338 9
318 348 4
318 379 7
318 381 1
318 387 8
318 395 8
318 408 7
318 426 2
318 456 10
318 458 2
318 500 5
318 504 4
318 595 6
318 601 9
318 603 9
318 617 9
318 666 6
318 677 5
318 806 7
318 830 10
318 871 8
318 942 10
318 979 9
319 473 1
319 482 5
319 546 10
319 604 5
319 708 1
319 714 2
319 750 7
319 847 2
319 877 6
319 889 9
319 900 3
319 939 4
320 335 8
320 432 1
320 441 3
320 464 10
320 478 10
320 482 6
320 486 3
320 514 4
320 575 5
320 587 8
320 652 6
320 656 6
320 699 10
320 775 10
320 786 5
320 789 4
320 807 2
320 837 3
320 881 3
320 916 8
320 983 7
321 327 5
321 431 2
321 442 4
321 551 10
321 553 8
321 674 1
321 697 8
321 698 7
321 721 4
321 761 4
321 811 7
321 840 10
321 849 9
321 851 8
321 906 10
321 940 4
321 954 5
321 974 3
321 991 1
322 329 9
322 359 3
322 366 4
322 378 4
322 393 8
322 446 2
322 465 7
322 481 10
322 486 2
322 494 6
322 509 5
322 529 5
322 568 1
322 595 2
322 619 10
322 677 4
322 700 10
322 702 3
322 711 10
322 729 7
322 768 10
322 814 5
322 841 5
322 919 3
322 996 3
323 326 1
323 364 6
323 414 2
323 421 8
323 423 5
323 490 10
323 560 1
323 708 2
323 958 3
324 361 2
324 375 6
324 410 10
324 440 6
324 443 3
324 445 9
324 522 4
324 539 5
324 580 1
324 594 1
324 603 9
324 659 4
324 687 5
324 967 3
324 969 4
324 982 9
325 346 4
325 403 7
325 404 4
325 485 9
325 538 3
325 545 1
325 561 10
325 573 3
325 691 6
325 716 7
325 755 4
325 795 9
325 848 4
325 886 5
325 955 10
325 976 6
325 993 1
326 359 10
326 369 1
326 395 1
326 404 1
326 419 8
326 424 3
326 459 5
326 517 4
326 522 2
326 524 2
326 565 4
326 592 1
326 599 7
326 600 5
326 612 9
326 648 3
326 656 1
326 663 7
326 690 3
326 785 2
326 830 1
326 897 3
326 953 9
327 363 2
327 364 3
327 407 10
327 416 7
327 533 4
327 559 5
327 574 8
327 579 2
327 590 8
327 596 10
327 610 4
327 624 5
327 663 10
327 712 10
327 722 9
327 723 4
327 773 9
327 798 3
327 894 7
327 897 1
327 916 8
327 947 8
327 956 4
327 994 2
328 362 9
328 371 7
328 484 8
328 489 8
328 559 6
328 644 10
328 657 7
328 665 4
328 677 2
328 706 9
328 733 2
328 764 6
328 774 5
328 798 8
328 805 7
328 875 7
328 891 9
328 911 7
328 959 10
328 963 3
329 354 1
329 487 1
329 520 7
329 580 1
329 623 6
329 739 9
329 753 1
329 757 5
329 791 8
329 836 7
329 865 3
329 880 10
329 944 5
330 348 9
330 376 10
330 411 6
330 412 6
330 457 5
330 458 2
330 510 1
330 533 8
330 644 3
330 684 8
330 689 3
330 715 9
330 749 3
330 794 4
330 854 5
330 866 3
330 899 5
330 934 3
330 960 1
330 964 3
330 966 3
330 985 9
330 992 7
331 371 3
331 405 10
331 414 6
331 429 4
331 437 3
331 452 9
331 475 4
331 479 1
331 600 7
331 606 2
331 628 4
331 636 10
331 659 1
331 660 8
331 664 9
331 694 3
331 747 6
331 750 1
331 777 2
331 806 3
331 820 4
331 866 3
331 894 4
331 948 9
331 966 3
331 968 3
331 969 2
331 980 8
331 982 8
332 346 9
332 377 10
332 383 10
332 389 7
332 405 5
332 424 1
332 467 8
332 486 2
332 501 9
332 525 5
332 533 10
332 544 10
332 547 1
332 588 10
332 596 3
332 651 8
332 688 10
332 745 1
332 748 10
332 788 7
332 795 8
332 812 4
332 843 6
332 845 3
332 852 1
332 858 5
332 882 5
332 883 1
332 892 4
332 893 10
332 938 7
332 940 8
333 334 2
333 335 3
333 352 5
333 359 2
333 407 3
333 484 4
333 574 7
333 602 6
333 612 5
333 618 4
333 825 3
333 873 3
333 932 1
333 947 9
333 988 4
334 353 4
334 357 8
334 409 5
334 425 7
334 464 5
334 474 6
334 483 8
334 515 5
334 551 10
334 560 3
334 648 1
334 651 3
334 682 1
334 696 9
334 698 7
334 704 6
334 733 1
334 826 1
334 874 3
334 890 2
334 954 8
334 962 8
335 338 1
335 352 8
335 384 4
335 399 8
335 402 8
335 448 1
335 457 4
335 483 2
335 546 1
335 553 3
335 561 3
335 618 2
335 627 3
335 651 8
335 737 1
335 813 1
335 816 9
335 849 3
335 870 1
335 873 6
335 906 4
335 914 9
335 944 10
335 945 6
336 355 6
336 375 8
336 380 5
336 460 1
336 464 10
336 550 5
336 612 1
336 683 2
336 691 3
336 821 4
336 824 6
336 912 2
336 914 7
336 916 8
336 917 7
336 931 4
337 381 4
337 426 4
337 442 5
337 633 3
337 681 10
337 688 10
337 714 1
337 758 9
337 760 8
337 820 6
337 856 4
337 864 1
337 888 10
337 914 6
337 922 10
337 939 6
337 975 6
337 993 7
338 361 7
338 406 7
338 435 9
338 439 10
338 519 4
338 579 8
338 586 3
338 638 5
338 643 9
338 743 10
338 799 1
338 808 3
338 878 10
338 928 6
338 933 7
338 982 4
338 988 5
339 379 8
339 418 3
339 443 1
339 444 6
339 482 3
339 564 9
339 638 8
339 647 1
339 650 6
339 682 7
339 729 7
339 754 10
339 764 7
339 776 9
339 787 1
339 812 4
339 829 10
339 853 8
339 868 4
339 886 5
339 911 6
339 919 2
339 973 5
339 976 9
339 990 2
339 997 2
340 426 4
340 432 2
340 459 7
340 474 10
340 491 5
340 498 7
340 508 9
340 514 5
340 608 3
340 672 8
340 699 3
340 706 10
340 719 3
340 722 6
340 752 10
340 773 10
340 812 8
340 842 2
340 848 5
340 865 3
340 919 9
340 943 3
340 961 1
340 975 6
341 351 3
341 425 6
341 467 1
341 590 8
341 638 10
341 735 1
341 787 2
341 798 5
341 826 2
341 830 8
341 841 2
341 842 5
341 904 9
341 905 5
341 960 1
342 369 4
342 400 10
342 401 4
342 410 7
342 413 2
342 435 10
342 436 5
342 457 4
342 481 6
342 517 8
342 539 5
342 543 9
342 552 2
342 566 4
342 607 9
342 648 4
342 669 1
342 676 9
342 691 4
342 707 6
342 748 5
342 753 9
342 777 3
342 802 4
342 814 5
342 834 9
342 838 4
342 877 6
342 971 4
343 352 3
343 539 10
343 542 2
343 660 1
343 678 4
343 701 2
343 707 5
343 729 3
343 738 2
343 758 4
343 869 7
343 896 1
344 371 9
344 458 3
344 550 3
344 552 4
344 580 10
344 602 8
344 612 6
344 730 6
344 787 8
344 821 7
344 845 6
344 924 5
344 945 5
345 357 1
345 412 1
345 437 5
345 465 7
345 512 4
345 513 7
345 601 9
345 608 1
345 619 5
345 701 3
345 706 5
345 785 8
345 809 4
345 943 5
345 950 3
345 985 4
346 375 3
346 416 9
346 428 5
346 498 1
346 514 3
346 526 5
346 534 3
346 540 7
346 557 3
346 574 10
346 575 8
346 596 1
346 604 10
346 636 10
346 654 7
346 657 1
346 682 5
346 723 2
346 731 2
346 750 4
346 809 2
346 831 7
346 844 3
346 953 6
347 395 7
347 401 6
347 434 8
347 469 2
347 484 9
347 507 4
347 545 6
347 749 1
347 791 3
347 801 7
347 815 4
347 856 6
347 864 1
347 867 7
347 868 7
347 876 7
347 892 4
347 917 10
347 930 8
347 938 8
347 949 7
347 957 5
347 969 6
347 979 1
347 992 8
347 998 3
348 370 8
348 379 5
348 397 10
348 500 4
348 537 1
348 547 3
348 585 3
348 612 2
348 651 8
348 662 2
348 667 10
348 675 5
348 702 7
348 734 3
348 760 6
348 761 4
348 804 4
348 808 1
348 811 7
348 815 8
348 830 4
348 850 4
348 869 10
348 933 6
348 966 2
349 350 7
349 360 6
349 381 5
349 387 7
349 405 3
349 429 2
349 456 7
349 467 10
349 496 1
349 504 9
349 526 10
349 563 9
349 608 2
349 631 5
349 675 8
349 727 1
349 747 4
349 829 8
349 840 2
349 843 9
349 846 7
349 910 4
349 945 2
350 371 6
350 435 6
350 475 9
350 478 1
350 493 1
350 613 8
350 618 6
350 771 6
350 800 5
350 816 2
350 818 4
350 878 10
350 899 3
350 915 4
350 926 7
350 931 9
350 982 3
351 377 4
351 396 5
351 419 4
351 464 1
351 497 2
351 553 8
351 574 5
351 602 6
351 683 9
351 721 3
351 756 10
351 769 10
351 784 1
351 794 2
351 828 6
351 877 5
351 881 5
352 418 10
352 439 6
352 451 3
352 561 4
352 608 7
352 622 9
352 672 3
352 727 4
352 758 3
352 762 2
352 801 7
352 810 10
352 822 5
352 844 5
352 933 6
352 936 10
352 987 5
353 370 6
353 405 8
353 423 3
353 448 4
353 463 5
353 541 3
353 575 5
353 635 6
353 637 8
353 658 7
353 661 3
353 698 1
353 773 7
353 775 6
353 784 4
353 866 9
353 874 5
353 935 7
353 972 9
354 367 5
354 483 4
354 484 5
354 485 1
354 540 10
354 602 7
354 704 7
354 709 7
354 728 6
354 758 4
354 853 7
354 869 10
354 886 4
355 424 4
355 451 7
355 484 7
355 620 5
355 638 9
355 693 10
355 719 2
355 729 2
355 789 4
355 833 1
355 838 2
355 912 10
355 933 3
355 937 3
356 362 4
356 450 9
356 511 6
356 550 10
356 553 1
356 659 5
356 699 7
356 765 6
356 785 8
356 786 5
356 802 10
356 816 3
356 901 1
356 933 5
356 961 1
356 994 6
357 402 1
357 408 3
357 428 2
357 469 2
357 537 6
357 592 1
357 593 3
357 622 5
357 715 9
357 724 5
357 758 7
357 759 1
357 764 1
357 769 4
357 805 6
357 808 7
357 809 2
357 875 5
357 895 4
357 922 7
357 960 7
358 431 7
358 443 8
358 464 4
358 488 7
358 535 9
358 586 5
358 600 8
358 606 1
358 625 7
358 643 4
358 659 9
358 667 8
358 770 6
358 824 4
358 850 7
358 867 7
358 870 8
358 892 5
358 914 6
358 941 5
359 441 1
359 528 6
359 538 5
359 546 2
359 566 2
359 581 3
359 606 7
359 624 5
359 701 6
359 706 8
359 733 10
359 753 8
359 771 4
359 842 4
359 845 6
359 860 7
359 870 10
359 888 10
359 896 6
359 931 6
360 362 3
360 379 7
360 421 8
360 442 10
360 530 4
360 547 1
360 629 7
360 642 7
360 652 8
360 723 10
360 726 6
360 745 9
360 799 9
360 977 4
360 988 9
361 370 4
361 429 6
361 447 7
361 497 1
361 518 6
361 567 7
361 569 5
361 578 4
361 580 2
361 595 7
361 646 9
361 685 8
361 760 1
361 775 3
361 817 9
361 843 6
361 845 1
361 924 3
361 926 4
361 935 9
362 396 1
362 403 5
362 436 2
362 527 8
362 544 4
362 594 3
362 605 3
362 607 4
362 724 7
362 731 2
362 733 2
362 748 5
362 750 9
362 751 1
362 767 1
362 816 10
362 817 7
362 821 10
362 872 7
362 903 3
362 918 4
363 372 1
363 397 8
363 440 7
363 519 4
363 605 10
363 607 1
363 623 4
363 652 8
363 683 8
363 721 4
363 752 9
363 785 4
363 817 7
363 832 3
363 863 2
363 866 9
363 888 7
363 911 10
363 951 7
363 953 8
363 976 3
363 978 7
363 993 3
364 425 3
364 467 4
364 555 1
364 589 9
364 661 9
364 720 9
364 729 6
364 771 2
364 806 3
364 833 1
364 873 10
364 883 10
364 952 3
364 958 8
365 426 1
365 437 3
365 477 8
365 501 2
365 508 5
365 511 1
365 567 4
365 638 10
365 676 2
365 703 9
365 719 6
365 845 10
365 866 1
365 885 1
365 959 3
366 407 7
366 416 5
366 510 2
366 517 2
366 615 7
366 633 2
366 647 9
366 673 1
366 675 4
366 676 1
366 774 7
366 903 7
366 910 10
366 913 9
367 444 3
367 471 6
367 486 6
367 487 5
367 624 4
367 633 7
367 852 2
367 908 8
367 940 6
368 445 8
368 457 2
368 529 4
368 542 9
368 548 7
368 572 4
368 576 4
368 624 8
368 651 4
368 683 7
368 791 8
368 827 5
368 862 9
368 880 8
368 966 9
369 401 1
369 408 8
369 497 9
369 575 8
369 590 5
369 628 4
369 643 10
369 688 4
369 700 9
369 701 6
369 730 4
369 756 5
369 781 3
369 881 4
369 986 1
370 390 7
370 400 7
370 414 1
370 422 9
370 436 7
370 451 8
370 464 2
370 518 4
370 554 9
370 563 6
370 636 7
370 677 3
370 709 2
370 774 10
370 800 7
370 801 9
370 846 9
370 877 5
370 901 3
370 923 1
370 939 4
370 994 6
371 406 1
371 447 1
371 503 4
371 563 2
371 572 5
371 587 1
371 595 10
371 606 10
371 745 10
371 804 9
371 833 9
371 873 1
371 903 8
371 965 9
372 406 7
372 450 2
372 529 7
372 583 4
372 602 1
372 637 8
372 643 6
372 711 9
372 729 2
372 748 7
372 751 6
372 783 9
372 793 10
372 798 5
372 808 4
372 818 6
372 861 8
372 864 6
372 915 3
372 946 7
372 954 3
372 987 1
372 990 4
373 490 10
373 531 10
373 532 10
373 542 8
373 673 9
373 677 8
373 701 10
373 719 6
373 725 3
373 797 8
373 886 9
373 950 7
373 966 4
374 379 2
374 430 7
374 454 5
374 463 4
374 512 10
374 518 7
374 571 1
374 594 2
374 603 9
374 629 2
374 689 1
374 723 6
374 771 1
374 792 3
374 815 4
374 834 3
374 841 2
374 905 6
374 914 6
374 923 3
374 930 4
374 931 1
374 934 1
374 939 1
374 957 8
375 385 3
375 406 7
375 510 10
375 517 8
375 537 3
375 565 6
375 689 10
375 726 2
375 731 5
375 741 9
375 761 8
375 921 3
375 952 2
375 970 5
375 989 6
375 998 10
376 384 8
376 406 8
376 412 5
376 433 6
376 454 8
376 460 5
376 461 10
376 496 4
376 498 4
376 501 5
376 506 4
376 555 9
376 556 1
376 559 10
376 571 4
376 596 4
376 667 3
376 675 9
376 679 1
376 699 4
376 760 10
376 780 1
376 784 9
376 803 6
376 808 5
376 854 10
376 858 1
376 875 6
376 881 9
376 937 1
377 408 7
377 417 8
377 433 8
377 448 1
377 468 8
377 489 3
377 542 4
377 608 8
377 653 2
377 710 8
377 723 5
377 734 1
377 744 8
377 782 4
377 790 4
377 806 1
377 815 10
377 839 6
377 899 4
377 919 9
377 927 9
377 929 1
377 970 9
378 451 5
378 486 8
378 562 10
378 565 8
378 592 7
378 626 8
378 646 6
378 780 8
378 810 3
378 828 10
378 833 5
378 840 7
378 900 9
378 928 10
378 993 6
379 401 2
379 409 9
379 440 6
379 489 5
379 517 4
379 639 5
379 690 4
379 720 1
379 734 3
379 745 8
379 754 3
379 779 2
379 804 6
379 814 8
379 824 3
379 892 3
379 912 7
379 945 2
379 955 3
380 411 6
380 504 8
380 532 4
380 557 4
380 579 6
380 598 8
380 608 1
380 673 10
380 687 8
380 700 7
380 716 8
380 740 4
380 771 7
380 790 5
380 795 1
380 799 5
380 822 2
380 854 6
380 875 5
380 882 5
380 935 10
381 383 6
381 462 9
381 479 2
381 501 7
381 506 9
381 512 5
381 515 3
381 536 5
381 541 8
381 642 2
381 696 1
381 700 7
381 713 2
381 730 4
381 735 2
381 765 3
381 781 7
381 808 6
381 828 8
381 829 7
381 842 6
381 871 7
381 927 3
381 928 5
381 967 3
381 971 2
381 982 9
382 411 9
382 432 6
382 446 6
382 462 7
382 474 10
382 479 2
382 518 10
382 527 6
382 549 10
382 591 4
382 619 1
382 678 1
382 679 8
382 724 5
382 799 7
382 807 6
382 822 6
382 825 2
382 844 6
382 845 6
382 893 8
382 909 10
382 943 6
382 961 10
383 386 5
383 402 5
383 404 8
383 422 3
383 423 9
383 522 7
383 551 9
383 558 4
383 636 6
383 735 6
383 768 2
383 791 5
383 797 8
383 826 6
383 843 5
383 876 2
383 935 3
383 972 7
383 987 9
383 994 8
384 402 6
384 518 1
384 546 6
384 558 2
384 572 8
384 584 7
384 593 6
384 644 1
384 666 3
384 685 1
384 716 8
384 734 9
384 850 5
384 864 6
384 883 8
384 885 6
384 953 7
384 978 3
384 982 4
385 398 3
385 400 3
385 490 10
385 514 2
385 524 6
385 544 7
385 619 6
385 638 7
385 644 4
385 675 8
385 764 6
385 775 2
385 840 6
385 870 9
385 944 8
386 452 1
386 661 1
386 674 10
386 707 1
386 722 7
386 728 1
386 773 2
386 788 3
386 794 10
386 831 5
386 855 4
386 929 2
386 941 10
387 391 8
387 400 4
387 439 1
387 476 4
387 526 3
387 530 6
387 542 5
387 552 6
387 622 7
387 694 1
387 722 8
387 731 8
387 740 5
387 840 8
387 869 3
387 872 3
387 877 10
387 920 6
387 984 10
388 414 6
388 475 3
388 524 3
388 541 3
388 549 10
388 562 2
388 576 6
388 588 10
388 626 8
388 635 1
388 687 4
388 712 5
388 743 3
388 769 5
388 784 7
388 798 3
388 806 10
388 823 2
388 826 2
388 837 1
388 852 5
388 899 7
388 902 5
388 906 9
388 914 3
388 916 9
388 957 2
388 972 8
389 422 7
389 456 5
389 538 2
389 588 1
389 609 10
389 671 4
389 732 9
389 794 1
389 879 3
389 885 9
389 986 6
390 401 2
390 405 6
390 422 7
390 457 10
390 461 7
390 474 7
390 553 2
390 580 6
390 583 3
390 614 6
390 628 4
390 672 2
390 688 5
390 760 7
390 803 2
390 873 8
390 885 4
390 953 4
390 996 4
391 405 3
391 594 10
391 619 6
391 636 10
391 717 2
391 727 3
391 739 7
391 747 2
391 786 8
391 940 3
391 955 10
391 967 6
392 429 10
392 445 6
392 468 1
392 475 6
392 521 6
392 584 4
392 610 3
392 627 1
392 699 6
392 802 3
392 820 6
392 830 3
392 908 6
392 953 4
392 954 7
392 970 1
392 974 2
392 982 10
392 995 10
393 463 1
393 500 10
393 511 4
393 543 4
393 661 6
393 764 2
393 785 1
393 792 6
393 820 6
393 823 9
393 852 1
393 879 10
393 927 7
393 962 8
394 430 8
394 456 5
394 458 3
394 464 6
394 543 1
394 640 8
394 695 3
394 699 7
394 718 3
394 738 5
394 783 7
394 793 2
394 864 2
394 873 2
394 907 6
394 922 4
394 935 5
394 938 5
394 973 1
394 982 10
394 998 5
395 401 7
395 414 4
395 435 4
395 450 9
395 498 1
395 524 6
395 532 7
395 554 2
395 603 6
395 686 4
395 747 9
395 761 4
395 858 8
395 974 1
395 984 9
396 426 6
396 432 9
396 437 7
396 481 10
396 484 9
396 499 7
396 551 2
396 595 8
396 642 5
396 661 6
396 689 7
396 699 10
396 703 10
396 753 2
396 771 9
396 799 7
396 836 10
396 849 3
396 877 2
396 884 9
396 981 9
397 423 5
397 430 3
397 503 10
397 584 1
397 591 5
397 597 6
397 613 8
397 752 6
397 838 4
397 845 9
397 858 3
397 985 3
397 996 1
398 502 2
398 545 1
398 592 8
398 595 4
398 619 1
398 802 8
398 869 2
398 897 1
398 932 10
398 943 9
398 950 5
398 971 1
398 984 9
399 437 10
399 454 7
399 489 1
399 556 9
399 622 6
399 660 4
399 728 5
399 778 7
399 825 10
399 894 5
399 916 8
399 937 3
399 940 5
399 947 2
399 986 9
400 419 2
400 428 1
400 436 6
400 450 5
400 514 10
400 517 2
400 575 7
400 611 8
400 658 6
400 731 6
400 749 3
400 799 1
400 826 7
400 870 5
400 873 4
400 906 1
400 952 3
400 982 8
401 455 3
401 495 3
401 512 1
401 530 2
401 539 4
401 540 2
401 605 2
401 751 1
401 777 1
401 835 2
401 839 8
401 854 6
401 863 9
401 891 3
401 918 5
401 929 4
401 935 4
401 980 8
402 409 2
402 424 7
402 438 7
402 473 3
402 496 1
402 521 10
402 552 9
402 707 8
402 749 9
402 800 9
402 835 1
402 836 1
402 967 6
402 968 4
402 991 9
402 993 8
403 431 5
403 443 1
403 472 8
403 509 1
403 524 1
403 533 4
403 560 4
403 680 3
403 681 4
403 713 9
403 721 2
403 722 3
403 727 6
403 747 1
403 796 10
403 817 2
403 822 3
403 928 6
403 933 4
403 968 5
403 989 8
403 990 1
404 421 2
404 425 2
404 431 2
404 445 10
404 490 6
404 627 9
404 648 1
404 664 5
404 679 8
404 728 5
404 750 6
404 762 10
404 767 7
404 769 10
404 771 1
404 818 1
404 866 3
404 869 5
404 924 3
404 946 7
404 968 6
404 999 8
405 466 8
405 534 9
405 564 7
405 589 3
405 775 8
405 781 5
405 831 4
405 850 10
405 899 9
405 985 5
406 428 7
406 506 5
406 556 10
406 561 5
406 572 8
406 580 9
406 626 4
406 708 10
406 720 8
406 741 3
406 845 3
406 888 4
406 900 1
406 910 4
406 936 7
407 493 4
407 530 1
407 577 8
407 652 9
407 670 5
407 688 8
407 695 1
407 823 10
407 828 2
407 834 7
407 835 6
407 843 4
407 866 1
407 877 10
407 915 8
407 967 9
407 979 8
408 445 5
408 452 2
408 498 7
408 499 7
408 518 5
408 569 4
408 613 1
408 666 7
408 706 4
408 738 1
408 786 8
408 882 7
408 885 1
408 921 10
408 976 4
409 410 10
409 448 8
409 449 5
409 457 5
409 514 7
409 553 5
409 555 2
409 575 9
409 596 10
409 634 7
409 638 7
409 804 7
409 828 1
409 832 3
409 879 6
409 891 9
409 892 3
409 932 10
409 945 9
409 975 8
409 998 2
410 462 4
410 585 4
410 647 7
410 697 6
410 864 7
410 885 7
410 895 2
410 937 5
411 438 1
411 467 6
411 496 3
411 508 6
411 514 2
411 524 7
411 529 8
411 583 3
411 586 6
411 624 3
411 659 9
411 682 4
411 687 7
411 714 5
411 772 4
411 776 8
411 811 8
411 823 7
411 827 7
411 830 5
411 832 5
411 847 7
411 850 2
411 862 10
411 865 7
411 915 4
411 927 2
411 960 6
411 979 3
412 433 5
412 510 2
412 552 10
412 553 10
412 601 10
412 673 9
412 699 8
412 807 9
412 852 9
412 913 5
412 917 4
412 952 6
412 954 10
412 959 6
412 963 3
412 986 8
412 998 7
413 573 5
413 585 8
413 657 6
413 665 4
413 671 5
413 679 10
413 684 2
413 710 3
413 804 6
413 876 10
414 418 10
414 447 6
414 460 9
414 498 9
414 531 1
414 552 8
414 554 1
414 582 6
414 602 2
414 610 10
414 613 10
414 629 3
414 634 6
414 639 10
414 683 4
414 716 5
414 730 2
414 762 5
414 774 5
414 865 4
414 890 9
414 891 7
414 905 10
414 966 4
415 432 8
415 466 7
415 492 8
415 545 7
415 555 7
415 570 6
415 578 4
415 657 8
415 681 9
415 686 3
415 744 8
415 764 1
415 788 4
415 817 9
415 872 7
415 971 3
415 973 1
415 997 8
416 512 8
416 518 6
416 556 6
416 569 9
416 612 10
416 620 2
416 653 6
416 654 6
416 676 8
416 688 4
416 708 3
416 730 6
416 747 10
416 791 8
416 842 3
416 874 2
416 884 8
416 922 1
417 429 6
417 465 9
417 469 4
417 493 10
417 528 6
417 537 7
417 549 5
417 581 6
417 713 10
417 729 5
417 749 5
417 793 5
417 818 3
417 833 3
417 892 7
417 894 3
417 895 7
417 927 9
417 958 2
417 984 5
418 429 7
418 514 7
418 523 8
418 552 1
418 566 8
418 600 7
418 635 4
418 636 3
418 742 10
418 775 10
418 854 10
418 918 6
418 946 7
419 465 7
419 479 3
419 486 6
419 514 4
419 532 1
419 630 5
419 695 8
419 746 9
419 770 5
419 806 1
419 810 6
419 831 4
419 877 5
419 893 2
419 906 3
419 909 6
419 967 6
420 554 7
420 585 2
420 589 1
420 609 6
420 614 4
420 633 9
420 735 5
420 741 7
420 766 1
420 771 6
420 791 7
420 801 9
420 809 2
420 838 8
420 864 5
420 870 3
420 888 5
420 912 3
420 915 3
420 936 5
420 945 1
420 956 10
420 976 10
420 980 4
421 443 9
421 452 1
421 498 5
421 505 6
421 527 7
421 546 2
421 553 10
421 567 6
421 585 8
421 588 1
421 642 8
421 770 2
421 797 9
421 832 3
421 835 8
421 888 6
421 928 10
421 948 9
422 530 2
422 551 10
422 616 5
422 667 7
422 738 7
422 807 5
422 859 7
422 934 1
423 435 4
423 524 6
423 533 9
423 621 8
423 670 4
423 687 2
423 699 9
423 705 9
423 760 10
423 786 3
423 803 10
423 830 4
423 845 8
423 877 9
423 953 10
423 955 5
423 970 3
423 973 4
423 976 8
423 982 2
424 488 7
424 500 1
424 519 5
424 653 9
424 665 10
424 669 7
424 675 3
424 715 5
424 746 6
424 785 8
424 831 4
424 839 8
424 850 8
424 861 9
424 932 1
424 941 10
424 964 3
425 472 1
425 506 2
425 535 5
425 579 6
425 587 5
425 589 6
425 626 2
425 737 8
425 839 3
425 842 7
425 882 2
425 892 3
425 934 5
425 965 1
426 443 9
426 485 8
426 505 8
426 507 2
426 516 5
426 557 8
426 565 6
426 581 5
426 669 5
426 684 6
426 765 2
426 836 3
426 839 6
426 880 1
426 958 7
426 993 10
427 437 10
427 455 4
427 469 1
427 477 4
427 506 5
427 509 1
427 554 3
427 604 8
427 630 2
427 671 5
427 746 7
427 769 9
427 820 5
427 822 8
427 853 1
427 858 7
427 861 6
427 862 8
427 867 5
427 884 7
427 901 2
427 948 8
427 986 1
428 450 3
428 472 8
428 540 2
428 548 9
428 579 3
428 590 4
428 610 7
428 618 1
428 672 5
428 735 3
428 751 7
428 772 10
428 793 9
428 804 9
428 807 10
428 828 9
428 847 4
428 875 7
428 908 6
428 909 8
428 910 2
428 930 4
428 938 9
429 430 3
429 450 2
429 586 8
429 617 2
429 668 6
429 715 3
429 730 3
429 832 4
429 838 6
429 919 5
429 990 3
430 490 2
430 502 10
430 513 7
430 525 9
430 547 9
430 562 2
430 570 2
430 593 10
430 599 5
430 621 1
430 683 3
430 701 10
430 737 4
430 744 1
430 751 8
430 755 4
430 903 7
430 945 7
430 996 6
431 467 5
431 487 6
431 491 8
431 503 8
431 504 7
431 512 4
431 519 1
431 569 10
431 571 8
431 592 1
431 610 2
431 653 5
431 695 8
431 700 1
431 707 4
431 740 3
431 761 3
431 762 5
431 816 5
431 860 9
431 918 7
432 475 5
432 519 6
432 589 7
432 609 6
432 632 9
432 647 7
432 683 8
432 708 8
432 715 1
432 773 2
432 810 10
432 817 2
432 820 8
432 823 10
432 848 5
432 860 10
432 872 7
432 880 4
432 929 6
432 946 2
432 982 4
433 440 8
433 448 3
433 463 5
433 543 7
433 546 10
433 556 4
433 602 1
433 612 7
433 688 7
433 746 8
433 759 7
433 766 10
433 785 10
433 799 1
433 832 10
433 865 9
433 876 8
433 879 1
433 934 2
433 991 10
434 464 6
434 497 1
434 502 10
434 518 9
434 535 2
434 664 8
434 708 3
434 723 4
434 786 8
434 816 6
434 823 2
434 878 7
434 885 9
434 886 10
434 936 2
434 937 2
434 943 8
434 957 10
434 971 6
435 439 6
435 466 2
435 521 2
435 527 1
435 596 10
435 658 6
435 671 4
435 675 2
435 677 10
435 732 5
435 803 1
435 834 1
435 885 4
435 896 8
435 905 4
435 907 3
435 910 5
435 916 9
435 923 3
435 949 10
435 960 1
436 488 2
436 503 10
436 545 8
436 548 4
436 692 6
436 695 6
436 742 6
436 779 10
436 795 10
436 796 1
436 824 4
436 879 1
436 880 7
436 974 4
437 463 6
437 528 7
437 533 1
437 576 4
437 590 8
437 596 1
437 639 10
437 691 9
437 707 4
437 811 3
437 825 9
437 876 3
437 905 2
437 914 6
437 919 5
437 925 5
437 958 4
438 476 5
438 482 5
438 490 5
438 584 5
438 606 4
438 658 2
438 730 3
438 787 6
438 808 6
438 852 1
438 858 7
438 859 9
438 930 10
439 497 2
439 509 7
439 550 10
439 614 9
439 616 1
439 787 7
439 813 8
439 846 8
439 857 8
439 887 5
439 888 4
439 898 3
439 939 9
439 956 4
440 442 4
440 457 10
440 487 10
440 491 10
440 519 10
440 528 6
440 551 6
440 608 6
440 632 2
440 640 5
440 692 7
440 714 7
440 722 4
440 774 1
440 781 3
440 782 9
440 784 5
440 786 4
440 938 5
440 999 9
441 445 4
441 451 9
441 460 4
441 480 6
441 524 1
441 539 7
441 548 8
441 614 1
441 633 7
441 762 1
441 782 4
441 927 8
442 458 2
442 512 3
442 517 2
442 529 9
442 587 7
442 674 6
442 678 5
442 688 6
442 700 4
442 752 6
442 770 6
442 779 6
442 832 10
442 848 1
442 870 10
443 454 4
443 496 3
443 502 2
443 557 6
443 571 6
443 598 7
443 619 2
443 628 8
443 632 10
443 634 8
443 668 1
443 692 7
443 720 4
443 732 1
443 772 6
443 838 8
443 844 6
443 852 3
443 881 6
443 913 6
443 928 5
443 978 2
444 449 4
444 466 5
444 494 2
444 525 8
444 542 10
444 575 1
444 597 5
444 660 4
444 669 2
444 760 2
444 792 3
444 823 7
444 835 3
444 843 3
444 861 5
444 863 2
444 874 2
444 879 6
444 904 7
444 923 2
444 935 6
444 983 5
445 470 1
445 484 10
445 499 9
445 500 5
445 510 6
445 531 9
445 539 8
445 576 6
445 600 10
445 648 1
445 684 8
445 812 2
445 814 7
445 831 5
445 857 2
446 455 3
446 470 5
446 512 5
446 595 3
446 612 10
446 730 7
446 754 1
446 760 4
446 776 9
446 784 3
446 789 6
446 795 4
447 451 1
447 484 6
447 486 5
447 494 3
447 511 5
447 514 5
447 611 10
447 625 9
447 655 4
447 690 4
447 725 10
447 745 4
447 795 8
447 890 5
447 892 5
447 907 1
447 949 4
447 957 5
447 959 2
447 996 8
448 458 9
448 504 8
448 512 1
448 514 3
448 517 8
448 546 6
448 566 8
448 600 10
448 643 3
448 675 10
448 680 1
448 704 2
448 706 4
448 775 1
448 791 8
448 798 3
448 903 6
448 911 5
448 925 6
448 942 8
448 949 10
448 951 5
448 959 6
448 980 9
449 455 9
449 478 1
449 511 1
449 551 1
449 600 2
449 624 9
449 649 8
449 677 7
449 708 8
449 739 6
449 744 10
449 770 8
449 778 10
449 802 10
449 812 3
449 825 8
449 840 6
449 850 5
449 866 10
449 875 7
449 906 6
449 917 7
449 965 7
449 972 5
449 998 8
450 463 4
450 505 7
450 509 9
450 596 2
450 645 9
450 656 10
450 736 9
450 755 3
450 793 3
450 815 9
450 851 6
450 924 3
450 937 8
451 540 6
451 545 2
451 558 1
451 578 4
451 585 7
451 684 7
451 772 9
451 789 2
451 848 8
451 878 3
451 893 9
451 909 6
451 955 1
451 956 7
451 960 2
451 984 3
452 475 6
452 504 10
452 507 9
452 557 5
452 565 6
452 566 10
452 592 9
452 617 3
452 624 6
452 639 4
452 641 10
452 673 2
452 710 1
452 749 8
452 774 1
452 785 7
452 786 2
452 806 10
452 821 4
452 822 8
452 832 3
452 837 3
452 858 9
452 859 4
452 895 4
452 927 1
452 933 8
452 965 2
453 480 10
453 495 2
453 553 2
453 564 2
453 604 5
453 610 4
453 644 5
453 712 1
453 758 2
453 781 8
453 801 6
453 819 8
453 841 9
453 877 9
453 888 10
453 898 4
453 939 7
454 493 3
454 518 9
454 550 5
454 616 7
454 658 6
454 662 4
454 699 5
454 710 2
454 727 3
454 729 6
454 730 8
454 735 8
454 751 8
454 802 4
454 806 6
454 862 1
454 942 5
455 458 6
455 481 4
455 544 3
455 661 4
455 711 6
455 749 1
455 762 6
455 774 1
455 777 10
455 853 6
455 860 6
455 945 3
456 490 3
456 503 10
456 509 3
456 525 2
456 526 9
456 555 8
456 559 9
456 625 8
456 658 10
456 801 7
456 863 6
456 935 2
456 965 10
456 986 6
457 512 3
457 608 10
457 666 8
457 719 10
457 726 1
457 751 8
457 761 8
457 771 2
457 775 7
457 788 8
457 801 3
457 822 1
457 860 6
457 903 5
457 931 6
457 957 9
457 959 7
457 983 2
458 484 6
458 515 4
458 530 1
458 531 1
458 533 10
458 536 10
458 539 5
458 577 10
458 596 4
458 609 9
458 638 1
458 643 6
458 676 4
458 685 10
458 713 3
458 850 1
458 856 2
458 916 8
458 931 3
458 936 3
458 999 4
459 563 1
459 607 4
459 688 10
459 695 7
459 715 8
459 740 10
459 764 10
459 800 7
459 828 6
459 892 10
459 945 2
459 969 7
459 986 3
460 600 7
460 632 9
460 668 9
460 740 7
460 744 8
460 854 10
460 884 2
460 911 4
460 915 5
460 982 4
460 996 7
461 617 2
461 618 6
461 651 4
461 671 5
461 817 9
461 843 9
461 855 4
461 867 7
461 895 6
461 947 3
461 963 5
461 966 2
461 973 4
461 991 2
461 994 9
462 570 1
462 595 2
462 635 9
462 638 4
462 734 5
462 747 2
462 748 7
462 749 2
462 806 1
462 837 10
462 849 10
462 904 7
462 908 2
462 932 3
462 938 10
462 954 10
462 972 3
463 487 5
463 552 7
463 581 3
463 613 3
463 678 6
463 709 7
463 740 5
463 748 9
463 752 4
463 768 9
463 774 8
463 785 3
463 808 4
463 837 4
463 881 3
463 891 4
463 935 4
463 949 4
463 973 2
463 977 4
463 995 10
464 524 3
464 530 4
464 572 4
464 618 5
464 665 3
464 718 2
464 769 6
464 853 8
464 941 9
464 951 8
464 963 5
464 978 10
464 999 7
465 518 9
465 536 2
465 561 5
465 569 5
465 582 9
465 669 2
465 760 9
465 766 10
465 800 4
465 804 7
465 885 4
465 903 2
465 942 9
465 997 6
466 477 8
466 496 5
466 531 3
466 539 6
466 557 9
466 570 1
466 608 1
466 614 4
466 678 4
466 805 5
466 824 3
466 834 2
466 898 5
466 901 7
466 919 10
466 922 2
466 925 3
466 976 9
467 489 3
467 494 2
467 538 3
467 723 1
467 733 1
467 760 7
467 776 1
467 777 5
467 793 9
467 829 2
467 889 5
467 891 10
467 944 2
467 945 10
467 957 3
467 958 10
467 966 1
467 972 8
468 539 5
468 601 7
468 602 5
468 648 3
468 657 5
468 735 9
468 757 3
468 771 9
468 787 3
468 803 1
468 846 5
468 850 10
468 916 5
468 942 6
468 986 10
468 998 1
469 474 1
469 506 2
469 560 6
469 564 10
469 565 7
469 650 7
469 674 8
469 712 9
469 760 6
469 763 9
469 792 8
469 798 10
469 806 2
469 839 5
469 871 10
469 878 4
469 887 4
469 890 1
469 914 8
469 961 4
469 964 3
470 497 7
470 505 2
470 517 6
470 518 8
470 533 5
470 583 10
470 690 5
470 711 6
470 852 10
470 920 9
470 945 4
471 485 4
471 537 8
471 626 8
471 641 6
471 733 10
471 817 3
471 894 4
471 974 9
471 990 10
472 498 4
472 643 9
472 648 7
472 715 7
472 720 10
472 809 3
472 810 6
472 858 1
472 916 8
472 930 6
472 934 7
472 949 9
473 479 7
473 495 6
473 515 3
473 575 9
473 581 4
473 616 1
473 682 2
473 694 3
473 702 6
473 716 1
473 736 8
473 749 4
473 770 10
473 802 7
473 810 4
473 878 8
474 520 8
474 522 9
474 565 5
474 616 4
474 621 6
474 631 9
474 632 9
474 659 2
474 681 2
474 707 6
474 717 10
474 718 3
474 725 10
474 733 5
474 754 1
474 755 8
474 813 7
474 834 2
474 867 2
474 890 10
474 891 4
474 924 8
474 943 10
474 948 4
474 955 5
474 984 1
475 478 7
475 488 9
475 514 7
475 538 5
475 543 4
475 575 2
475 606 10
475 692 4
475 780 10
475 958 7
476 514 9
476 519 3
476 563 9
476 570 1
476 639 2
476 643 1
476 650 2
476 682 9
476 704 8
476 789 4
476 806 2
476 833 4
476 892 4
476 896 9
476 959 4
476 972 3
476 977 8
477 507 4
477 570 4
477 597 3
477 626 3
477 643 1
477 650 6
477 736 3
477 760 7
477 794 10
477 804 4
477 812 4
477 819 7
477 915 8
477 934 5
477 962 6
478 508 3
478 512 4
478 521 1
478 522 7
478 605 7
478 664 9
478 815 6
478 832 7
478 867 7
478 926 5
478 939 4
478 948 1
479 480 8
479 519 8
479 532 3
479 541 1
479 555 1
479 612 1
479 629 10
479 666 2
479 707 2
479 715 2
479 739 3
479 812 2
479 818 10
479 848 9
479 859 10
479 872 3
479 881 7
479 966 8
479 972 10
479 993 9
480 488 7
480 508 3
480 525 4
480 538 5
480 544 5
480 569 4
480 571 6
480 603 2
480 631 1
480 634 7
480 669 6
480 687 3
480 694 2
480 748 1
480 768 8
480 776 3
480 791 4
480 815 10
480 831 9
480 835 10
480 836 3
480 847 5
481 650 3
481 716 1
481 767 3
481 826 1
481 871 9
481 887 6
481 908 9
481 914 4
481 964 1
482 537 6
482 542 10
482 574 9
482 592 5
482 600 3
482 632 8
482 657 4
482 661 5
482 716 10
482 756 9
482 796 4
482 817 2
482 872 6
482 873 9
482 874 7
482 901 3
482 908 10
482 992 3
483 554 10
483 627 5
483 674 2
483 736 10
483 758 5
483 824 3
483 849 4
483 875 3
483 888 8
483 894 2
483 934 7
483 990 2
484 535 10
484 538 3
484 632 4
484 644 1
484 667 4
484 676 4
484 736 6
484 796 9
484 829 1
484 852 7
484 956 6
484 996 4
485 498 8
485 503 4
485 527 6
485 572 10
485 622 2
485 657 3
485 691 4
485 692 8
485 813 4
485 864 6
485 880 5
485 890 1
485 897 6
485 899 1
485 900 2
485 947 8
485 978 3
485 979 5
485 989 5
486 496 5
486 513 4
486 575 7
486 633 7
486 653 5
486 724 6
486 751 5
486 779 10
486 826 9
486 839 2
486 853 8
486 898 5
486 973 7
486 989 1
486 995 4
486 996 9
487 498 7
487 501 7
487 515 6
487 516 8
487 526 6
487 571 10
487 595 5
487 618 7
487 663 8
487 685 3
487 699 8
487 732 10
487 764 4
487 792 4
487 817 8
487 900 6
487 907 9
487 921 7
487 925 9
488 496 10
488 506 8
488 519 2
488 565 2
488 567 9
488 585 1
488 595 1
488 598 8
488 617 1
488 633 9
488 636 3
488 657 9
488 665 3
488 677 8
488 784 6
488 812 1
488 834 4
488 839 5
488 876 7
488 888 6
488 940 1
488 994 9
489 496 6
489 518 7
489 521 5
489 530 8
489 565 10
489 667 10
489 673 2
489 694 10
489 696 4
489 742 1
489 849 6
489 877 8
489 928 1
489 940 8
489 969 3
489 971 4
489 975 6
489 996 3
490 518 5
490 547 10
490 623 2
490 631 4
490 639 4
490 654 3
490 674 8
490 676 3
490 722 1
490 744 2
490 746 5
490 759 1
490 790 2
490 827 4
490 851 8
490 885 5
490 908 5
490 935 1
491 500 8
491 571 8
491 576 10
491 624 1
491 631 6
491 660 4
491 663 10
491 768 9
491 854 4
491 928 7
491 969 3
491 995 5
492 500 5
492 523 6
492 531 9
492 545 2
492 576 3
492 578 3
492 684 1
492 687 7
492 723 3
492 852 2
492 970 5
493 521 8
493 565 4
493 778 10
493 783 2
493 784 9
493 823 3
493 861 2
493 890 2
493 919 7
493 939 2
493 961 2
494 540 2
494 554 6
494 604 6
494 630 4
494 642 3
494 648 2
494 650 8
494 651 7
494 689 9
494 696 6
494 711 4
494 857 10
494 926 8
494 933 4
494 941 4
495 554 3
495 556 3
495 560 10
495 626 6
495 649 3
495 671 7
495 677 1
495 739 4
495 826 2
495 944 1
495 948 8
496 520 10
496 539 4
496 570 9
496 583 10
496 629 8
496 672 1
496 680 3
496 711 4
496 777 7
496 803 4
496 852 8
496 921 1
497 503 1
497 563 4
497 586 10
497 702 3
497 748 6
497 812 2
498 530 3
498 551 5
498 566 3
498 574 2
498 582 5
498 738 10
498 744 1
498 761 4
498 766 5
498 791 8
498 840 8
498 841 8
498 860 1
498 904 3
498 911 9
498 917 9
498 972 2
498 999 8
499 514 2
499 521 9
499 531 3
499 556 2
499 569 6
499 623 4
499 676 10
499 706 6
499 717 9
499 734 10
499 735 8
499 790 4
499 799 4
499 810 7
499 834 1
499 874 10
499 886 1
499 924 5
499 941 9
500 534 10
500 546 2
500 561 10
500 603 5
500 604 6
500 662 7
500 747 4
500 756 7
500 758 9
500 812 10
500 843 6
500 850 6
500 894 4
500 896 2
500 918 4
500 924 8
500 955 7
500 976 6
501 504 1
501 523 2
501 561 10
501 616 5
501 623 2
501 675 7
501 747 6
501 785 9
501 791 5
501 802 5
501 804 5
501 886 2
501 998 4
502 602 9
502 603 6
502 642 2
502 667 3
502 694 5
502 749 1
502 785 7
502 823 1
502 928 8
502 993 6
502 998 3
503 511 2
503 541 1
503 547 3
503 578 5
503 583 6
503 618 2
503 626 10
503 675 7
503 697 7
503 722 4
503 725 10
503 734 8
503 877 7
503 913 7
503 918 8
503 958 4
503 967 1
504 522 4
504 530 1
504 536 4
504 558 6
504 610 1
504 622 5
504 646 5
504 648 7
504 678 10
504 738 6
504 794 4
504 846 3
504 860 3
504 870 9
504 906 2
504 912 5
504 913 7
504 940 9
504 947 2
505 520 6
505 600 8
505 644 6
505 738 10
505 751 3
505 753 5
505 795 9
505 797 5
505 810 9
505 837 10
505 860 5
505 874 10
505 932 3
505 957 7
505 969 5
505 979 6
506 509 7
506 513 6
506 543 9
506 551 4
506 556 8
506 576 2
506 583 10
506 611 1
506 614 2
506 659 4
506 662 2
506 676 1
506 703 3
506 760 2
506 805 6
506 819 4
506 850 1
506 917 4
506 958 9
506 993 1
507 512 1
507 546 1
507 570 1
507 577 2
507 589 7
507 672 4
507 750 7
507 838 9
507 840 8
507 873 5
507 887 4
507 910 3
507 916 5
507 920 4
507 950 7
508 541 10
508 543 8
508 607 6
508 669 7
508 683 6
508 687 6
508 696 9
508 720 7
508 770 5
508 780 4
508 786 10
508 824 7
508 829 10
508 858 10
508 860 3
508 898 10
508 924 3
508 932 8
508 951 10
509 547 9
509 622 6
509 661 7
509 677 10
509 687 6
509 692 4
509 697 5
509 721 6
509 753 8
509 767 5
509 782 7
509 796 6
509 821 8
509 831 8
509 907 3
509 974 4
509 988 8
510 513 5
510 519 1
510 613 3
510 687 10
510 705 5
510 706 10
510 911 8
510 939 1
511 554 6
511 610 5
511 613 10
511 716 8
511 724 5
511 786 6
511 849 7
511 858 4
511 860 10
511 961 1
511 964 9
511 973 4
511 983 4
511 991 5
512 578 2
512 692 6
512 751 7
512 797 8
512 831 2
512 833 2
512 889 10
512 927 3
512 951 2
512 977 3
513 606 2
513 739 10
513 854 4
513 856 9
513 859 5
513 860 2
513 889 7
513 893 2
513 935 2
514 524 10
514 531 1
514 545 3
514 562 10
514 568 10
514 616 3
514 646 4
514 694 7
514 702 6
514 746 10
514 764 8
514 795 7
514 824 4
514 835 8
514 864 5
514 884 10
514 961 6
514 966 1
514 988 2
515 581 4
515 616 4
515 622 4
515 684 8
515 699 10
515 741 9
515 769 3
515 805 8
515 814 5
515 825 7
515 855 6
515 880 4
515 883 1
515 897 7
515 904 7
515 936 5
515 939 5
515 961 9
515 966 10
516 612 8
516 641 9
516 650 3
516 663 8
516 671 4
516 683 8
516 782 6
516 794 5
516 840 4
516 854 10
516 858 4
516 874 9
516 917 5
516 937 3
517 579 4
517 608 5
517 623 9
517 641 10
517 724 8
517 747 1
517 774 7
517 776 3
517 794 3
517 795 5
517 854 3
517 904 5
517 928 10
517 930 5
517 942 2
517 973 1
517 975 2
518 605 4
518 628 8
518 651 7
518 680 7
518 724 8
518 814 7
518 838 7
518 859 5
518 944 1
518 949 3
519 529 7
519 644 10
519 666 4
519 700 8
519 771 6
519 781 8
519 786 10
519 838 3
519 895 4
519 908 10
519 926 3
519 931 8
519 938 3
520 525 4
520 549 2
520 573 8
520 606 6
520 662 4
520 686 3
520 750 2
520 765 1
520 780 9
520 790 3
520 797 9
520 812 2
520 882 8
521 539 10
521 563 9
521 653 4
521 703 3
521 737 8
521 759 7
521 769 5
521 773 4
521 802 2
521 888 7
521 905 9
521 909 6
521 917 1
521 920 3
521 942 9
521 951 10
521 957 8
522 552 8
522 554 2
522 563 9
522 565 8
522 578 5
522 593 2
522 613 3
522 645 10
522 665 9
522 730 4
522 774 5
522 830 1
522 869 8
523 537 9
523 545 6
523 552 3
523 646 4
523 685 9
523 690 6
523 698 9
523 720 2
523 721 1
523 767 6
523 891 7
523 894 2
523 900 2
523 908 7
523 920 8
523 954 10
524 582 3
524 590 7
524 619 8
524 626 1
524 686 10
524 764 6
524 786 4
524 828 3
524 882 1
524 890 6
524 920 8
525 581 9
525 586 7
525 616 7
525 617 5
525 641 2
525 646 9
525 672 7
525 713 9
525 724 1
525 726 1
525 742 6
525 748 1
525 755 5
525 780 1
525 786 10
525 827 3
525 837 7
525 880 10
525 932 4
526 528 2
526 547 10
526 555 8
526 602 2
526 608 8
526 628 6
526 672 1
526 689 5
526 711 5
526 718 10
526 796 3
526 809 1
526 837 7
526 901 1
526 929 9
526 931 4
526 936 4
526 964 8
527 567 4
527 696 7
527 709 10
527 712 1
527 767 10
527 872 7
527 989 3
527 998 8
528 559 8
528 591 3
528 595 6
528 599 7
528 609 6
528 645 7
528 687 7
528 700 9
528 701 2
528 703 5
528 723 9
528 745 7
528 783 5
528 787 3
528 837 4
528 881 8
528 954 4
529 547 3
529 548 5
529 556 10
529 574 2
529 617 1
529 710 4
529 711 7
529 739 7
529 814 5
529 816 1
529 859 7
529 917 9
529 936 9
529 941 10
529 950 4
530 533 2
530 538 8
530 565 6
530 573 9
530 593 8
530 607 8
530 612 2
530 700 7
530 701 5
530 727 4
530 812 9
530 825 3
530 871 9
530 875 10
530 925 10
530 936 2
531 538 8
531 570 5
531 575 9
531 597 9
531 601 3
531 650 8
531 690 8
531 739 3
531 742 6
531 743 3
531 749 3
531 884 4
531 928 10
532 541 9
532 621 5
532 639 1
532 711 10
532 712 10
532 714 4
532 757 4
532 771 8
532 791 7
532 802 2
532 832 6
532 861 4
532 883 9
532 884 10
532 891 10
532 912 2
532 924 6
532 945 2
532 964 1
533 549 8
533 593 8
533 595 10
533 602 5
533 607 6
533 617 9
533 656 7
533 685 7
533 725 1
533 731 7
533 743 6
533 783 1
533 802 8
533 867 7
533 890 1
533 902 2
533 926 9
533 941 2
533 948 8
533 996 8
534 562 7
534 572 4
534 609 1
534 634 6
534 637 4
534 655 1
534 656 8
534 701 6
534 702 1
534 721 5
534 801 9
534 803 7
534 819 4
534 847 1
534 867 6
534 948 7
534 957 1
535 559 6
535 635 9
535 643 3
535 677 4
535 678 7
535 693 3
535 727 6
535 768 9
535 825 3
535 952 9
535 996 2
536 636 1
536 654 5
536 695 2
536 801 10
536 816 7
536 826 9
536 888 2
536 891 7
536 895 8
536 915 5
536 928 9
537 543 3
537 544 8
537 562 6
537 563 9
537 637 3
537 742 8
537 753 6
537 785 10
537 805 3
537 813 7
537 869 4
537 991 9
538 597 8
538 611 7
538 678 8
538 682 8
538 690 6
538 695 9
538 703 10
538 716 6
538 717 2
538 740 4
538 743 2
538 790 7
538 853 2
538 943 8
538 968 8
538 992 5
539 566 4
539 596 5
539 632 8
539 661 6
539 723 8
539 725 9
539 779 2
539 791 5
539 838 1
539 843 1
539 966 1
539 972 4
540 592 5
540 654 5
540 746 3
540 754 5
540 778 4
540 780 2
540 811 5
540 816 9
540 905 9
540 927 9
540 943 10
541 556 3
541 583 9
541 623 8
541 635 7
541 660 6
541 684 4
541 685 9
541 739 1
541 814 3
541 846 5
541 856 7
541 873 10
541 942 4
541 989 1
542 568 2
542 630 6
542 650 3
542 739 4
542 768 8
542 807 9
542 850 5
542 879 10
542 935 2
542 953 2
542 959 7
542 963 6
542 985 2
543 573 10
543 612 2
543 702 7
543 790 9
543 881 4
543 911 6
543 946 6
543 960 6
543 965 2
543 989 9
544 558 1
544 560 9
544 599 5
544 622 8
544 693 4
544 705 7
544 803 8
544 815 7
544 825 5
544 852 1
544 882 9
544 951 4
544 962 7
544 970 4
544 974 10
544 985 7
545 554 2
545 625 7
545 626 8
545 652 2
545 739 10
545 761 10
545 814 3
545 823 2
545 901 2
545 947 6
545 967 5
545 991 2
546 598 10
546 615 7
546 622 3
546 642 6
546 649 6
546 655 3
546 791 8
546 799 10
546 840 10
546 881 8
546 917 8
546 928 8
546 951 2
546 991 7
547 553 2
547 574 8
547 585 10
547 595 6
547 602 9
547 603 4
547 606 2
547 629 4
547 667 8
547 741 8
547 751 10
547 760 7
547 783 4
547 836 7
547 895 1
547 943 3
547 993 10
548 578 4
548 611 1
548 614 9
548 618 2
548 640 3
548 693 6
548 696 8
548 751 2
548 771 6
548 791 5
548 803 6
548 824 2
548 860 2
548 894 10
548 907 5
548 921 9
548 945 1
548 949 7
548 978 2
549 575 2
549 620 8
549 654 10
549 685 9
549 716 9
549 756 8
549 757 7
549 774 9
549 785 2
549 804 8
549 825 2
549 831 9
549 853 5
549 895 2
549 938 2
550 595 8
550 659 6
550 680 2
550 739 4
550 751 3
550 794 6
550 798 10
550 824 5
550 852 5
550 859 8
550 869 8
550 911 9
550 927 7
550 970 1
550 979 8
550 981 10
551 555 2
551 562 10
551 574 3
551 590 2
551 622 5
551 637 1
551 665 2
551 678 4
551 708 6
551 822 10
551 854 5
551 889 4
551 912 6
552 555 8
552 576 5
552 637 9
552 657 7
552 718 5
552 728 7
552 781 7
552 918 6
552 935 8
552 936 6
552 989 5
553 575 2
553 579 10
553 584 1
553 649 6
553 671 7
553 687 5
553 751 7
553 772 6
553 789 1
553 804 7
553 838 9
553 855 6
553 930 8
553 958 9
553 969 10
554 577 4
554 705 9
554 754 9
554 761 10
554 771 1
554 791 10
554 798 6
554 823 6
554 918 6
554 969 4
554 971 8
554 987 8
555 677 8
555 709 1
555 727 1
555 764 2
555 854 9
555 859 1
555 928 4
555 935 3
556 563 7
556 609 8
556 722 2
556 729 4
556 756 10
556 767 7
556 770 9
556 849 4
556 884 7
556 887 9
556 963 1
556 968 4
557 609 3
557 681 7
557 682 2
557 688 10
557 710 8
557 744 9
557 772 5
557 775 5
557 799 7
557 807 8
557 824 8
557 842 6
557 881 3
557 895 6
557 900 3
557 912 9
557 919 7
557 921 6
557 934 6
557 943 6
557 950 5
557 955 1
557 971 1
557 989 10
557 995 6
558 559 2
558 561 10
558 699 1
558 718 3
558 780 3
558 800 10
558 860 5
558 923 1
559 604 4
559 620 2
559 685 5
559 748 1
559 761 4
559 810 9
559 817 7
559 863 5
559 894 3
559 963 3
560 645 2
560 652 8
560 681 1
560 714 1
560 723 3
560 820 7
560 825 5
560 872 3
560 897 3
561 625 1
561 758 6
561 794 2
561 811 8
561 896 7
561 903 10
561 905 10
561 937 7
562 615 2
562 648 2
562 672 9
562 709 8
562 739 10
562 750 10
562 791 7
562 801 6
562 828 3
562 836 8
562 894 7
563 586 5
563 587 5
563 678 3
563 685 9
563 727 8
563 739 9
563 801 9
563 841 5
563 893 10
563 929 2
563 963 2
564 590 4
564 600 5
564 610 2
564 611 6
564 620 4
564 640 9
564 659 1
564 666 2
564 667 1
564 687 1
564 692 1
564 717 4
564 746 2
564 772 5
564 776 2
564 892 10
564 895 4
564 908 3
565 585 10
565 794 2
565 796 3
565 842 5
565 974 10
565 986 7
566 575 8
566 616 9
566 695 4
566 708 7
566 738 8
566 766 3
566 832 1
566 871 2
566 880 10
566 901 7
566 909 3
566 911 10
566 926 5
566 948 8
566 977 2
566 984 7
567 589 6
567 612 5
567 625 4
567 652 5
567 673 3
567 728 5
567 732 3
567 763 9
567 826 7
567 838 1
567 855 1
567 865 10
567 873 6
567 925 3
567 945 6
568 572 2
568 592 5
568 624 4
568 658 7
568 744 3
568 838 7
568 875 2
568 891 9
568 917 3
568 928 4
569 574 8
569 593 2
569 658 4
569 660 6
569 673 8
569 715 1
569 754 5
569 765 4
569 794 1
569 812 9
569 824 4
569 838 10
569 887 7
569 889 5
569 911 1
569 934 10
569 944 7
569 957 1
570 589 10
570 608 9
570 725 10
570 734 10
570 739 10
570 765 5
570 873 3
570 876 10
570 961 9
570 988 7
571 573 6
571 580 9
571 615 10
571 644 8
571 695 6
571 705 3
571 711 5
571 717 6
571 721 8
571 722 6
571 723 10
571 730 4
571 803 10
571 820 5
571 841 4
571 846 8
571 869 6
571 890 9
571 898 9
571 932 5
571 952 8
572 581 6
572 595 5
572 646 2
572 677 9
572 696 9
572 747 2
572 816 8
572 829 10
572 862 5
572 876 5
572 946 1
573 630 9
573 654 3
573 710 1
573 729 3
573 734 8
573 855 8
573 918 10
574 577 5
574 618 9
574 647 2
574 804 7
574 826 3
574 887 1
574 892 1
574 905 2
574 925 4
574 966 9
575 626 6
575 635 10
575 686 4
575 690 1
575 788 6
575 811 1
575 875 8
575 905 10
575 955 2
575 956 1
575 982 8
575 989 4
575 998 10
576 600 10
576 659 7
576 665 4
576 691 4
576 693 8
576 694 1
576 741 4
576 759 7
576 767 10
576 782 2
576 823 9
576 927 6
576 940 5
577 616 1
577 618 2
577 699 1
577 801 4
577 895 10
577 932 2
577 985 4
578 666 6
578 674 1
578 678 4
578 688 5
578 732 6
578 754 1
578 793 7
578 803 6
578 830 5
578 881 2
578 944 7
578 961 1
578 995 3
578 998 4
579 656 4
579 686 2
579 688 6
579 689 9
579 728 10
579 753 9
579 784 7
579 785 6
579 825 8
579 860 9
579 927 5
579 942 4
579 946 6
579 953 3
579 978 1
580 581 2
580 647 9
580 761 8
580 774 5
580 805 9
580 924 7
580 971 10
581 586 6
581 624 4
581 645 8
581 652 1
581 680 7
581 701 10
581 707 1
581 714 2
581 834 2
581 844 8
581 898 4
581 913 10
581 931 6
581 970 2
581 979 3
582 594 1
582 628 7
582 644 10
582 665 8
582 668 6
582 740 5
582 759 9
582 772 4
582 774 5
582 781 7
582 785 7
582 796 10
582 843 2
582 872 5
582 889 10
582 891 10
582 899 7
582 904 7
582 911 4
582 929 5
582 943 3
582 991 8
583 609 2
583 725 1
583 760 9
583 847 5
583 864 6
583 909 5
583 942 10
583 946 3
583 952 4
584 585 10
584 613 6
584 726 1
584 752 10
584 809 6
584 868 1
584 893 4
584 927 2
584 949 8
584 996 2
585 591 7
585 638 1
585 643 8
585 651 10
585 675 4
585 703 9
585 714 6
585 754 4
585 834 6
585 861 2
586 651 6
586 653 4
586 719 4
586 811 1
586 815 3
586 848 2
586 860 2
586 875 6
586 886 1
586 995 3
587 595 4
587 608 4
587 614 9
587 653 10
587 685 1
587 735 6
587 761 5
587 770 8
587 772 10
587 783 6
587 849 3
587 859 2
587 911 10
587 931 8
587 995 3
588 621 5
588 622 5
588 677 8
588 810 9
588 864 1
588 888 9
588 915 1
588 996 2
589 619 5
589 655 7
589 673 3
589 678 9
589 710 5
589 766 5
589 859 8
589 904 9
589 913 5
589 939 8
590 593 6
590 624 10
590 633 6
590 648 6
590 662 5
590 719 9
590 835 8
590 847 9
590 857 9
590 937 8
590 938 4
590 959 3
590 982 6
590 993 7
591 599 3
591 602 8
591 634 7
591 661 4
591 729 10
591 730 1
591 780 7
591 841 8
591 860 7
591 864 2
591 904 5
591 926 2
591 993 5
592 619 2
592 685 9
592 705 7
592 751 4
592 753 10
592 780 9
592 813 6
592 826 8
592 884 4
592 885 10
592 892 3
592 904 7
592 910 9
592 924 1
592 946 2
592 959 4
592 963 10
592 997 7
593 604 4
593 649 10
593 663 7
593 687 8
593 694 9
593 783 9
593 796 3
593 802 3
593 808 8
593 826 1
593 830 6
593 834 6
593 861 9
593 865 4
593 889 1
593 927 5
593 929 4
594 702 3
594 755 5
594 800 1
594 845 8
594 918 3
594 973 10
594 994 2
595 639 10
595 665 8
595 711 4
595 720 8
595 725 1
595 824 10
595 915 10
595 921 4
595 927 8
595 976 5
595 984 9
596 606 5
596 637 10
596 659 2
596 701 8
596 735 8
596 773 6
596 798 3
596 807 2
596 810 8
596 817 6
596 825 10
596 849 3
596 882 2
596 898 8
596 924 3
596 939 4
596 973 7
597 607 4
597 663 3
597 760 3
597 777 10
597 833 6
597 967 7
597 987 6
598 677 4
598 770 9
598 778 8
598 837 3
598 895 3
598 907 3
598 938 3
598 950 8
598 954 2
598 971 7
599 605 4
599 621 3
599 669 6
599 670 7
599 703 7
599 711 8
599 800 1
599 819 6
599 870 3
599 880 6
599 892 10
599 901 8
600 608 4
600 610 4
600 614 7
600 618 7
600 714 5
600 799 3
600 801 1
600 806 2
600 862 7
600 873 9
600 875 1
600 898 9
600 912 8
601 610 8
601 651 4
601 695 6
601 807 8
601 861 7
601 870 7
601 883 4
601 889 1
601 892 1
601 898 7
601 924 4
601 926 6
602 613 6
602 635 5
602 640 8
602 646 7
602 710 2
602 792 1
602 804 1
602 806 1
602 849 9
602 926 8
602 968 4
603 693 8
603 727 8
603 738 3
603 768 4
603 777 2
603 781 7
603 812 3
603 863 5
603 880 8
603 935 4
603 985 6
603 990 10
604 608 2
604 612 1
604 640 7
604 680 8
604 731 2
604 745 7
604 759 8
604 779 5
604 796 1
604 877 9
604 893 10
604 956 1
604 978 5
605 608 3
605 739 1
605 740 10
605 774 6
605 778 2
605 780 5
605 827 4
605 884 9
605 983 7
605 991 5
605 993 4
606 671 3
606 691 4
606 696 2
606 701 9
606 745 8
606 789 10
606 798 9
606 834 3
606 842 8
606 857 7
606 865 1
606 914 6
607 618 4
607 687 1
607 701 4
607 783 8
607 858 4
607 916 3
607 930 9
607 983 4
607 985 6
608 622 5
608 649 5
608 650 4
608 666 7
608 737 4
608 764 7
608 778 7
608 815 1
608 816 2
608 887 8
608 892 10
608 917 1
608 976 2
609 615 10
609 622 4
609 682 10
609 697 9
609 734 5
609 760 6
609 812 4
609 822 7
609 856 4
609 877 2
609 891 1
609 920 4
609 924 6
609 950 7
609 983 3
609 984 6
610 623 8
610 631 1
610 651 6
610 738 2
610 746 6
610 749 10
610 801 2
610 869 3
610 894 1
610 932 3
610 987 3
611 622 4
611 646 8
611 720 5
611 740 8
611 753 2
611 790 8
611 813 1
611 876 4
611 891 8
611 935 4
611 936 7
611 960 6
611 992 6
611 993 4
612 648 8
612 710 2
612 849 4
612 888 4
612 922 9
612 946 2
612 974 9
612 987 5
613 645 1
613 711 7
613 716 5
613 757 4
613 826 9
613 864 8
613 922 10
613 931 10
613 938 2
614 712 10
614 724 9
614 761 7
614 796 6
614 803 10
614 821 8
614 851 1
614 854 9
614 865 10
614 872 9
614 891 1
614 901 7
615 643 10
615 668 7
615 708 9
615 738 10
615 752 4
615 820 10
615 835 6
615 860 10
615 871 8
615 881 9
615 949 3
615 981 7
616 644 10
616 679 7
616 710 1
616 728 3
616 807 9
616 823 7
616 839 3
616 870 8
616 896 4
616 979 1
617 628 4
617 683 1
617 705 5
617 709 8
617 736 2
617 738 3
617 740 7
617 798 9
617 854 1
617 879 3
617 886 3
617 970 1
617 974 10
618 636 8
618 656 3
618 674 7
618 717 4
618 726 2
618 729 3
618 796 6
618 904 7
619 636 8
619 640 6
619 651 10
619 652 7
619 659 3
619 829 10
619 840 8
619 856 10
619 866 9
619 998 7
620 700 2
620 781 7
620 804 2
620 826 3
620 909 6
620 920 10
620 956 1
621 626 7
621 677 9
621 701 2
621 706 8
621 731 6
621 867 9
621 874 4
621 887 8
621 905 3
621 914 2
621 933 5
621 940 2
621 977 7
622 653 8
622 675 4
622 779 4
622 785 2
622 862 8
622 899 6
622 901 8
622 940 9
622 967 10
622 995 1
623 638 5
623 727 4
623 749 3
623 751 4
623 830 5
623 838 8
623 856 2
623 886 2
623 942 3
623 966 4
623 988 5
623 998 7
624 656 4
624 684 7
624 699 9
624 713 8
624 719 5
624 720 2
624 732 7
624 743 5
624 752 9
624 778 8
624 795 9
624 799 4
624 824 9
624 826 9
624 833 10
624 844 8
624 857 6
624 871 4
624 897 3
624 899 6
624 921 3
624 961 3
625 666 9
625 667 10
625 683 5
625 684 5
625 698 1
625 727 2
625 767 8
625 809 1
625 835 7
625 848 6
625 857 3
625 888 6
625 900 5
625 929 1
625 964 8
625 971 10
625 974 10
625 987 2
625 991 8
626 641 5
626 679 6
626 682 2
626 723 2
626 782 3
626 792 9
626 818 8
626 858 4
626 886 9
626 901 1
626 902 7
626 971 6
627 628 8
627 630 1
627 639 3
627 766 5
627 803 9
627 806 7
627 886 5
627 889 1
627 951 1
627 960 4
627 983 2
628 639 2
628 648 7
628 658 8
628 692 5
628 696 9
628 725 2
628 804 3
628 835 8
628 842 5
628 846 2
628 849 7
628 930 7
628 984 10
628 987 5
629 650 3
629 652 2
629 670 2
629 679 7
629 767 5
629 777 5
629 788 8
629 814 9
629 880 2
629 885 8
629 887 4
629 912 4
629 978 3
630 659 1
630 705 6
630 720 1
630 742 1
630 785 1
630 805 2
630 835 4
630 906 8
630 915 6
630 952 9
631 638 1
631 647 4
631 683 10
631 705 10
631 713 8
631 843 8
631 851 8
631 912 6
631 923 10
631 924 8
631 992 6
631 998 8
632 660 8
632 676 10
632 735 10
632 752 9
632 753 2
632 832 4
632 844 3
632 850 3
632 875 10
632 903 6
632 948 8
632 976 5
632 999 4
633 733 7
633 744 1
633 749 9
633 754 2
633 795 7
633 800 2
633 835 9
633 883 9
633 906 5
633 925 4
633 984 10
634 659 9
634 670 9
634 690 2
634 832 7
634 837 10
634 997 8
635 696 3
635 740 8
635 745 9
635 892 9
635 907 3
635 914 7
635 960 4
635 993 9
636 653 1
636 675 2
636 687 10
636 722 4
636 751 4
636 887 10
636 899 3
636 914 7
636 943 8
637 661 1
637 681 10
637 783 7
637 790 1
637 793 1
637 802 9
637 803 5
637 811 9
637 828 3
637 924 4
637 990 2
638 705 6
638 706 5
638 781 10
638 788 5
638 799 6
638 810 8
638 881 3
638 958 7
638 971 2
639 698 8
639 760 10
639 778 6
639 790 3
639 874 5
639 935 5
639 995 5
640 661 9
640 679 5
640 683 2
640 712 9
640 726 3
640 764 7
640 765 4
640 794 2
640 806 4
640 816 5
640 820 10
640 842 1
640 914 6
640 958 6
640 969 1
640 971 1
640 986 6
641 711 3
641 774 9
641 781 6
641 803 4
641 815 4
641 824 9
641 867 8
641 875 4
641 892 2
641 909 7
641 913 8
641 940 5
641 949 1
641 978 4
641 980 5
641 991 10
642 651 10
642 699 8
642 717 6
642 752 2
642 771 2
642 792 6
642 795 2
642 797 9
642 856 5
642 876 4
642 895 1
642 912 7
642 950 9
642 963 7
643 694 1
643 712 6
643 725 6
643 747 6
643 775 8
643 796 2
643 839 4
643 842 7
643 879 6
643 907 3
643 910 4
643 927 9
643 939 6
643 953 9
643 998 5
644 651 9
644 652 6
644 660 1
644 701 1
644 724 3
644 751 4
644 796 7
644 802 9
644 816 8
644 836 3
644 873 6
644 902 2
644 928 9
644 936 3
644 942 8
644 981 5
645 656 2
645 683 1
645 712 8
645 784 5
645 822 9
645 842 8
645 852 9
645 862 8
645 863 9
645 927 1
645 964 7
645 980 1
646 688 10
646 715 5
646 741 8
646 788 3
646 815 6
646 828 1
646 859 4
646 887 5
646 897 1
646 904 5
646 925 7
646 939 9
647 660 4
647 760 6
647 771 9
647 810 7
647 891 8
647 903 7
647 921 2
647 941 7
647 965 10
648 731 4
648 751 2
648 804 8
648 840 2
648 900 3
648 945 1
648 958 6
648 991 1
648 997 4
649 653 4
649 787 6
649 795 6
649 815 1
649 877 10
650 657 5
650 661 1
650 668 5
650 684 4
650 773 4
650 798 4
650 835 5
650 965 1
650 970 2
650 971 4
651 672 4
651 690 2
651 724 8
651 801 8
651 822 2
651 823 9
651 829 7
651 858 6
651 935 8
651 978 9
651 993 6
652 662 10
652 695 8
652 775 6
652 781 9
652 789 4
652 809 2
652 822 5
652 856 5
652 874 9
652 877 2
652 904 2
652 910 10
652 922 9
652 984 4
653 755 6
653 796 10
653 818 10
653 837 7
653 927 5
653 929 7
653 931 7
654 660 3
654 752 10
654 756 9
654 784 4
654 807 6
654 984 5
654 986 7
654 995 7
655 677 9
655 678 4
655 689 9
655 710 4
655 711 7
655 806 4
655 809 5
655 817 4
655 824 6
655 830 1
655 867 8
655 873 2
655 895 9
655 932 2
656 688 2
656 691 8
656 740 5
656 752 9
656 762 7
656 763 7
656 771 3
656 811 1
656 849 8
656 856 5
656 892 4
656 924 4
656 982 1
656 983 5
656 984 6
657 665 9
657 682 2
657 697 3
657 785 9
657 789 6
657 847 5
657 853 9
657 863 6
657 898 5
657 949 5
658 676 4
658 764 8
658 821 5
658 844 4
658 852 7
658 860 8
658 944 6
658 946 4
658 953 4
658 984 9
659 660 5
659 663 3
659 671 5
659 686 7
659 788 9
659 847 2
659 850 1
659 862 7
659 951 10
660 663 5
660 672 2
660 730 1
660 777 1
660 815 10
660 840 6
660 847 9
660 848 7
660 871 5
660 916 3
660 929 7
661 670 3
661 677 5
661 709 7
661 776 9
661 791 4
661 801 2
661 803 9
661 839 4
661 849 4
661 882 9
661 918 3
661 935 6
661 941 5
661 942 2
662 672 6
662 739 1
662 740 9
662 744 1
662 831 5
662 888 5
662 892 9
662 939 3
662 952 4
662 953 4
663 725 1
663 729 4
663 737 7
663 742 10
663 796 3
663 811 9
663 826 7
663 867 9
663 902 1
663 919 10
663 942 9
663 958 7
663 963 8
663 980 7
663 992 8
663 997 4
664 710 10
664 724 7
664 738 2
664 743 9
664 811 1
664 835 10
664 882 6
664 884 6
664 938 7
664 946 8
664 987 4
665 689 8
665 734 4
665 810 3
665 823 7
665 897 5
665 912 7
665 933 3
665 985 2
665 987 3
665 994 7
666 704 4
666 707 4
666 714 5
666 719 9
666 750 1
666 773 9
666 780 5
666 789 3
666 790 5
666 795 10
666 851 4
666 869 1
666 893 2
666 905 10
666 945 4
666 946 7
666 952 3
666 968 1
666 987 4
667 720 9
667 721 9
667 728 10
667 775 10
667 779 6
667 826 1
667 830 7
667 839 7
667 893 5
667 905 6
667 933 7
668 679 9
668 701 6
668 815 4
668 841 5
668 868 4
668 881 7
668 941 9
668 962 6
669 707 9
669 734 6
669 759 2
669 765 7
669 780 3
669 785 8
669 808 5
669 820 6
669 870 4
669 881 6
669 888 2
669 943 7
669 946 1
669 949 7
669 975 6
669 993 4
670 695 8
670 717 7
670 741 6
670 743 6
670 768 10
670 789 5
670 824 2
670 828 4
670 838 7
670 908 5
670 941 4
670 943 5
670 987 2
671 689 6
671 717 10
671 820 4
671 828 8
671 842 1
671 847 9
671 855 6
671 874 7
671 884 3
671 888 7
671 904 10
671 936 1
671 966 1
672 673 10
672 674 7
672 676 4
672 683 6
672 693 3
672 730 7
672 825 3
672 854 9
672 972 3
672 976 2
672 977 7
672 981 9
672 988 4
673 704 6
673 713 3
673 736 6
673 759 2
673 821 5
673 904 7
673 978 9
674 678 10
674 743 4
674 768 4
674 769 3
674 796 7
674 800 9
674 823 7
674 868 2
674 869 3
674 910 9
674 959 5
674 967 8
674 979 3
675 707 8
675 711 2
675 827 4
675 835 6
675 846 3
675 857 7
675 909 7
675 943 6
675 962 8
675 969 9
676 680 7
676 731 8
676 845 6
676 857 10
676 889 9
677 692 5
677 732 8
677 759 2
677 821 1
677 824 7
677 826 4
677 880 2
677 903 5
677 939 4
677 971 8
677 976 6
678 689 3
678 690 4
678 704 4
678 723 5
678 734 5
678 758 3
678 760 1
678 777 10
678 825 1
678 837 10
678 925 2
679 686 2
679 687 3
679 706 4
679 720 7
679 734 2
679 846 7
679 848 8
679 853 1
679 866 5
679 893 9
679 907 8
679 932 2
679 940 2
679 943 10
679 953 5
680 710 10
680 716 2
680 733 3
680 745 6
680 764 3
680 774 8
680 789 10
680 793 4
680 808 5
680 836 5
680 843 6
680 868 5
680 933 3
680 934 8
680 990 10
681 736 8
681 763 1
681 785 7
681 844 4
681 883 7
681 885 1
681 908 3
681 978 4
682 763 6
682 848 1
682 920 5
682 940 1
682 950 10
682 967 6
682 986 10
682 988 6
683 697 5
683 778 2
683 830 2
683 834 8
683 903 5
683 931 6
683 938 5
683 949 1
683 953 2
683 963 4
683 964 8
684 730 3
684 745 3
684 923 9
684 927 3
684 936 3
685 694 9
685 704 4
685 713 3
685 733 4
685 829 4
685 855 10
685 865 9
685 951 6
685 955 3
686 707 5
686 727 3
686 761 3
686 787 3
686 790 7
686 824 5
686 887 9
686 932 5
686 970 6
687 700 3
687 756 4
687 775 3
687 850 10
687 946 6
687 966 6
687 982 9
688 744 9
688 745 9
688 812 9
688 851 10
688 898 9
688 911 6
688 992 9
689 704 8
689 713 1
689 749 7
689 769 2
689 788 9
689 830 7
689 873 6
689 889 2
689 932 7
689 943 9
689 953 10
689 994 9
689 996 9
690 695 4
690 703 10
690 862 7
690 867 9
690 944 2
690 964 9
690 975 3
691 705 2
691 784 10
691 822 6
691 834 6
691 841 10
691 915 4
691 938 5
691 947 3
692 773 9
692 803 2
692 874 5
692 918 3
692 948 4
692 956 9
693 696 4
693 863 6
693 882 3
693 901 3
693 902 3
693 923 10
693 956 9
693 974 9
693 983 3
694 700 2
694 880 4
694 908 8
694 929 9
694 940 9
695 697 2
695 734 9
695 773 2
695 780 8
695 794 10
695 836 1
695 838 7
695 969 6
695 977 2
695 978 9
695 981 2
696 701 5
696 702 3
696 714 5
696 768 6
696 779 7
696 880 10
696 883 10
696 908 3
696 909 6
697 716 3
697 722 4
697 733 9
697 756 9
697 768 10
697 831 2
697 849 3
697 858 9
697 903 2
697 917 7
697 926 9
697 977 1
697 990 10
698 699 3
698 702 1
698 712 5
698 747 5
698 880 4
698 889 9
698 902 7
698 916 9
698 960 4
698 968 2
699 766 9
699 767 8
699 805 4
699 839 9
699 900 3
699 918 6
699 941 3
699 948 10
699 972 7
700 761 1
700 770 4
700 779 5
700 822 1
700 857 7
700 917 2
701 751 2
701 825 8
701 869 1
701 889 1
701 908 9
701 917 4
701 995 2
702 708 9
702 711 9
702 717 2
702 723 9
702 735 3
702 766 1
702 783 5
702 788 10
702 801 3
702 812 8
702 828 6
702 893 10
702 929 4
702 955 6
703 766 2
703 807 5
703 818 3
703 890 3
703 926 5
703 931 6
704 705 7
704 801 4
704 812 7
704 898 10
704 951 7
704 953 1
704 958 8
704 966 8
704 986 7
704 996 7
705 720 5
705 782 5
705 832 4
705 840 10
705 908 1
705 957 8
705 973 6
706 718 7
706 720 8
706 747 7
706 751 2
706 758 9
706 796 2
706 848 10
706 913 8
706 936 6
706 950 9
706 974 6
706 985 1
707 721 7
707 732 6
707 744 7
707 787 2
707 822 6
707 837 8
707 856 10
707 860 10
707 863 6
707 883 8
707 948 10
708 739 9
708 749 4
708 757 5
708 766 2
709 714 6
709 751 1
709 754 10
709 759 5
709 771 6
709 787 5
709 871 1
709 911 6
709 958 8
709 964 1
709 972 10
709 981 1
710 746 3
710 749 7
710 776 8
710 817 8
710 837 5
710 858 1
710 865 3
710 884 1
710 937 10
710 966 4
710 971 6
710 988 10
711 763 1
711 867 10
711 868 1
711 915 5
711 916 5
711 966 7
712 757 9
712 782 4
712 858 5
712 862 5
712 874 10
712 926 6
712 942 2
712 978 3
712 989 9
713 729 3
713 743 10
713 771 7
713 817 5
713 857 5
713 874 1
713 936 9
713 940 6
713 944 2
713 963 9
713 970 10
714 742 5
714 767 6
714 830 8
714 878 9
714 914 8
715 720 8
715 728 5
715 739 1
715 868 2
715 884 6
715 908 5
715 960 5
715 970 10
715 993 10
716 853 4
716 865 3
716 889 5
716 904 5
716 940 3
716 945 3
716 988 1
717 732 8
717 745 3
717 808 1
717 956 5
717 960 2
717 961 2
717 984 2
717 997 6
718 720 2
718 722 3
718 723 4
718 818 10
718 832 6
718 906 10
718 927 4
718 983 5
718 993 7
719 731 2
719 742 7
719 743 2
719 904 8
719 923 3
719 937 10
719 966 10
720 748 4
720 760 8
720 764 4
720 800 10
720 812 4
720 828 5
720 848 3
720 954 5
720 983 4
720 995 6
720 998 8
721 729 8
721 808 4
721 810 3
721 836 7
721 880 9
721 989 7
722 734 6
722 843 6
722 856 5
722 881 4
722 906 4
722 928 8
722 932 3
722 994 4
723 724 1
723 737 8
723 770 9
723 773 7
723 788 5
723 817 2
723 821 7
723 998 4
724 758 10
724 762 2
724 781 1
724 836 9
724 858 10
724 860 1
724 999 2
725 888 8
725 896 5
725 931 10
725 939 3
725 943 4
726 767 1
726 805 4
726 820 7
726 839 10
726 844 5
726 865 8
726 870 9
726 881 3
726 889 4
726 963 10
726 971 9
727 738 6
727 743 9
727 784 2
727 787 10
727 807 1
727 809 8
727 872 6
727 891 10
727 910 1
727 946 10
727 986 3
728 749 9
728 756 1
728 769 7
728 780 1
728 787 4
728 791 3
728 841 4
728 906 3
728 948 3
728 956 7
728 972 5
729 748 2
729 805 4
729 837 10
729 839 4
729 975 7
729 982 2
729 993 5
730 823 6
730 831 3
730 914 1
730 928 9
730 950 7
730 971 8
731 744 2
731 869 1
731 897 9
731 914 6
731 928 5
731 935 8
731 942 3
731 944 7
731 959 9
731 960 4
731 993 2
732 806 9
732 817 6
732 870 3
732 884 9
732 896 10
732 913 7
732 972 3
733 745 5
733 750 1
733 754 8
733 774 6
733 780 1
733 904 5
733 921 2
733 976 5
734 745 7
734 761 1
734 806 6
734 840 4
734 869 5
734 873 7
734 875 2
734 949 3
734 954 8
734 990 3
735 788 3
735 804 9
735 812 10
735 815 7
735 928 10
735 947 3
735 957 2
735 975 3
735 980 9
736 746 5
736 801 9
736 818 6
736 819 6
736 838 3
736 862 7
736 921 9
736 950 4
736 970 2
737 784 5
737 796 10
737 879 8
737 908 10
737 930 10
737 935 8
738 807 2
738 887 4
738 913 8
738 954 10
738 966 10
738 994 10
738 995 2
739 794 2
739 851 1
739 945 7
739 978 8
740 766 5
740 805 4
740 831 9
740 841 9
740 907 7
740 919 2
740 938 1
740 942 6
740 946 7
740 957 9
740 966 1
741 764 9
741 777 4
741 788 4
741 812 1
741 858 10
741 872 3
741 885 2
741 888 4
741 916 2
742 760 1
742 841 10
742 848 6
742 850 5
742 951 9
742 982 7
743 765 3
743 777 7
743 830 5
743 832 1
743 860 9
743 918 1
743 928 4
743 933 9
743 944 10
743 970 8
743 982 6
743 994 8
743 998 8
744 774 2
744 860 9
744 928 5
744 949 2
744 977 10
745 846 1
745 876 6
745 882 6
745 887 9
745 909 2
745 929 1
745 971 2
745 975 5
745 982 10
746 761 8
746 779 5
746 798 4
746 804 9
746 826 2
746 872 9
746 908 1
746 943 10
747 754 9
747 768 8
747 797 6
747 799 7
748 751 1
748 758 3
748 779 1
748 839 1
748 879 8
748 918 8
748 928 7
748 929 3
748 935 2
748 986 8
749 774 6
749 780 4
749 817 2
749 916 3
749 939 5
749 976 4
750 767 5
750 799 4
750 819 7
750 825 2
750 852 4
750 859 10
750 887 4
750 919 9
750 957 6
751 834 4
751 890 6
751 897 4
751 922 3
751 941 7
751 952 4
751 963 5
751 988 6
751 991 2
752 753 8
752 905 1
753 765 2
753 772 5
753 791 7
753 870 9
753 883 2
753 887 4
753 968 3
753 974 9
754 763 4
754 768 10
754 794 1
754 846 5
754 891 6
754 914 6
754 924 4
754 929 4
754 972 9
755 760 10
755 762 5
755 783 4
755 798 7
755 800 7
755 825 2
755 832 8
755 874 9
755 886 1
755 889 10
755 911 5
755 932 3
755 959 4
755 960 1
755 961 5
755 985 1
755 987 7
756 809 7
756 817 7
756 922 6
756 934 3
756 950 1
756 963 8
756 976 4
756 980 3
757 764 2
757 767 8
757 780 4
757 794 9
757 800 4
757 819 3
757 824 4
757 856 2
757 864 6
757 871 5
757 877 10
757 896 6
757 935 10
757 958 8
757 960 8
758 773 10
758 811 4
758 833 7
758 854 10
758 863 5
759 820 8
759 835 9
759 957 9
759 963 10
760 798 6
760 841 7
760 849 7
760 880 6
760 884 8
760 903 9
760 925 5
760 932 4
760 942 2
760 952 4
761 837 3
761 848 6
761 876 2
761 908 10
761 975 6
762 826 8
762 878 5
762 921 7
762 922 7
763 765 10
763 790 2
763 876 5
763 895 10
763 899 8
763 908 2
763 929 4
763 970 7
764 816 7
764 877 10
764 895 5
764 966 3
765 775 3
765 797 4
765 907 3
765 921 3
765 980 7
766 777 4
766 789 7
766 795 8
766 824 8
766 869 3
766 895 1
766 911 5
766 923 5
766 930 6
766 934 1
766 970 1
767 786 4
767 815 2
767 847 6
767 872 5
767 896 1
767 916 3
767 918 7
767 974 2
767 981 8
768 773 8
768 831 3
768 895 3
768 947 6
769 782 4
769 791 3
769 800 9
769 839 4
769 858 1
769 904 7
769 981 7
770 808 5
770 810 1
770 815 2
770 851 8
770 864 9
770 875 2
770 917 9
770 918 10
770 951 5
770 954 2
771 773 1
771 781 2
771 799 1
771 921 1
771 949 5
771 982 8
771 996 8
772 785 7
772 796 9
772 810 10
772 814 9
772 832 6
772 846 4
772 863 2
772 924 9
772 994 9
773 905 3
773 911 10
773 934 7
773 947 8
773 985 2
773 987 9
774 779 2
774 782 3
774 801 5
774 861 5
774 893 3
774 972 10
775 827 4
775 880 1
775 943 9
775 950 7
775 954 5
775 960 9
775 994 5
776 883 3
776 899 2
776 911 8
776 929 9
776 955 1
776 974 4
777 793 7
777 853 4
777 916 2
777 947 7
777 962 4
777 979 10
778 811 3
778 825 2
778 841 5
779 861 10
779 873 5
779 933 7
779 988 6
780 844 7
780 901 2
780 937 8
780 967 8
781 986 4
782 789 8
782 812 4
782 822 9
782 879 4
782 947 7
782 975 5
783 829 5
783 881 6
783 896 7
783 908 10
783 916 3
783 920 3
783 975 1
783 991 10
784 792 5
784 846 10
784 892 5
784 905 2
784 914 9
784 931 3
784 974 1
785 845 5
785 854 9
785 868 3
785 988 4
786 795 4
786 866 3
786 878 5
786 900 7
786 991 4
787 813 6
787 854 9
787 898 10
787 944 8
787 975 6
788 798 1
788 812 6
788 893 2
788 894 3
788 902 2
789 794 7
789 809 2
789 828 8
789 863 2
789 873 3
789 881 8
789 890 4
789 898 2
789 928 10
789 932 1
789 935 2
789 951 10
789 964 3
789 973 5
790 811 8
790 817 9
790 822 1
790 853 2
790 888 7
790 919 1
790 978 1
791 819 2
791 839 5
791 897 2
791 911 2
791 955 3
791 972 10
791 978 8
792 887 3
792 976 6
793 805 2
793 827 4
793 914 4
793 924 10
793 949 7
793 961 4
793 962 8
793 977 10
793 999 7
794 869 9
794 893 6
794 899 8
794 931 8
795 835 1
795 848 2
795 868 9
795 904 7
795 918 4
795 928 4
796 847 7
796 869 3
796 939 3
796 980 2
797 803 6
797 829 1
797 895 2
797 910 6
797 911 10
797 942 5
797 947 6
797 973 9
798 800 4
798 825 5
798 856 2
798 858 5
798 894 1
798 930 9
798 965 1
799 811 7
799 826 9
799 834 7
799 909 3
799 922 6
799 930 3
799 941 7
799 952 3
799 990 8
800 866 4
800 878 3
800 901 6
800 920 4
801 811 6
801 815 1
801 918 3
801 919 10
801 943 4
801 979 6
801 995 2
802 810 8
802 830 10
802 919 1
803 839 4
803 868 9
803 869 8
803 891 6
803 949 9
803 961 6
803 989 1
804 829 6
804 832 10
804 843 3
804 924 8
804 943 9
804 967 4
804 979 1
804 989 2
805 810 6
805 872 2
805 882 6
805 908 7
805 932 2
805 981 8
805 993 7
806 809 6
806 819 3
806 820 9
806 826 1
806 833 8
806 910 7
806 981 4
806 986 5
807 810 4
807 834 9
807 867 8
807 903 3
807 927 4
807 952 7
807 959 9
807 971 1
807 995 9
808 890 10
808 891 10
808 911 2
808 931 2
808 996 4
809 890 1
809 924 3
809 928 7
809 933 6
809 987 3
810 816 1
810 875 9
811 830 7
811 871 1
811 938 2
811 948 8
811 994 6
812 907 1
812 927 6
812 933 6
813 855 6
813 859 6
813 869 6
813 880 9
813 988 6
814 864 3
814 880 5
814 901 6
814 956 7
814 983 3
815 850 5
815 895 10
815 953 3
816 851 1
816 875 4
816 891 1
816 924 6
816 991 7
817 918 10
817 939 6
817 944 5
818 846 6
818 856 4
818 870 5
818 933 7
818 961 2
819 843 5
819 875 1
819 876 1
819 898 5
819 942 3
819 970 6
819 991 3
820 838 1
820 892 10
820 988 10
821 850 4
821 924 8
821 971 5
821 974 6
821 999 2
822 834 1
822 868 6
822 957 9
822 958 4
822 959 9
822 988 6
823 827 8
823 862 6
823 916 9
823 934 8
823 938 4
823 976 4
823 986 3
824 892 10
824 918 10
824 981 7
824 994 7
825 934 6
825 968 1
825 977 7
826 839 4
826 841 3
826 842 4
826 886 10
827 941 4
827 948 6
827 959 8
828 839 5
828 846 2
828 865 1
828 895 8
828 912 6
829 904 1
829 906 10
829 909 5
829 944 10
830 856 10
830 879 2
830 896 2
830 985 9
831 836 6
831 851 5
831 929 6
831 935 4
831 977 7
831 988 10
832 849 5
832 944 2
833 897 7
833 900 1
833 901 5
833 906 1
833 941 7
833 973 2
833 991 3
833 993 10
834 876 10
834 881 10
834 924 4
834 946 1
835 854 7
835 865 2
835 879 2
835 881 1
835 890 5
835 936 1
835 973 6
836 838 10
836 869 10
836 876 8
836 900 5
836 915 8
836 944 9
836 980 4
836 983 8
837 890 1
837 935 7
837 940 9
837 972 2
837 988 8
838 872 1
838 965 7
839 877 4
839 905 4
839 913 2
839 951 3
839 953 2
839 975 7
840 885 8
840 912 8
841 902 4
841 993 6
842 872 1
842 875 5
842 920 9
842 986 3
843 875 9
843 967 9
843 974 5
843 984 3
843 988 10
844 868 2
844 890 4
844 893 1
844 937 4
844 972 4
844 982 8
844 988 7
845 847 9
845 879 4
845 902 8
845 915 3
845 937 5
846 875 3
846 941 1
846 943 3
846 950 5
846 995 10
847 855 4
847 862 2
847 961 8
847 988 8
848 869 3
848 883 3
848 899 8
848 905 9
848 909 4
848 917 10
848 931 6
848 968 3
848 973 7
848 992 4
849 854 3
849 862 9
849 864 1
849 879 6
849 900 5
849 914 8
850 863 5
850 956 5
851 854 5
851 867 9
851 915 2
851 924 10
851 935 10
851 969 1
851 977 6
852 864 1
852 888 7
852 936 9
853 918 9
853 958 3
853 971 2
853 979 7
854 858 1
854 918 6
854 928 2
854 954 1
854 974 5
855 898 2
855 924 2
855 926 5
855 960 9
855 988 2
856 882 7
856 888 9
856 892 9
856 931 3
856 937 4
856 938 5
856 998 3
857 939 2
857 979 4
857 986 8
858 974 2
858 983 8
859 874 9
859 911 4
859 945 8
859 956 3
859 960 9
859 991 6
860 878 9
860 941 2
861 898 4
861 956 2
861 962 9
861 979 2
862 886 6
862 930 9
862 932 9
862 965 10
863 870 8
863 877 6
863 999 6
864 894 5
864 920 1
864 957 7
864 994 1
865 871 5
865 880 9
865 931 4
866 939 4
866 947 6
866 955 5
867 871 10
867 878 5
867 880 7
867 909 5
867 911 5
867 943 1
867 951 4
867 960 5
867 976 6
867 980 3
867 981 5
868 903 3
868 937 3
869 903 1
869 963 4
869 984 1
870 939 10
870 945 5
870 973 6
871 900 2
871 903 9
871 906 3
871 914 9
871 952 3
871 982 6
871 988 10
872 903 5
872 941 3
872 944 5
872 950 2
873 936 1
873 938 6
874 889 6
874 928 8
875 912 6
875 919 9
875 952 1
876 877 1
876 898 3
876 907 9
876 921 10
876 956 4
876 974 1
876 987 1
876 991 10
876 997 4
878 945 6
878 998 3
879 880 9
879 936 7
879 952 8
879 963 3
880 928 9
880 948 4
881 894 10
881 957 8
882 929 2
882 932 8
882 938 10
882 939 1
882 991 1
882 994 9
883 906 5
883 964 3
884 917 4
884 922 4
884 989 3
885 895 3
885 982 9
886 934 1
887 928 9
887 961 6
887 982 8
888 892 9
888 899 6
888 989 9
889 903 9
889 926 10
889 958 10
889 986 5
890 950 9
890 996 8
891 899 6
891 901 7
891 931 9
891 934 7
891 960 3
891 961 5
891 975 6
892 951 7
892 984 6
892 985 7
893 975 4
893 996 9
895 905 5
895 922 4
895 935 1
895 956 3
895 985 4
896 911 1
896 945 7
896 988 7
897 956 8
897 991 10
898 903 7
898 914 8
898 933 6
898 962 10
898 968 5
899 904 3
899 918 2
899 954 5
899 959 5
899 975 2
899 982 2
900 922 2
900 925 7
900 948 10
900 991 4
901 915 5
902 976 3
903 930 6
903 935 8
905 995 10
906 922 6
906 979 1
907 923 9
907 961 1
908 911 3
908 914 4
908 917 3
908 923 5
908 935 4
908 948 10
908 972 2
909 944 5
910 938 7
910 970 2
910 979 3
912 977 9
912 982 2
913 920 2
914 933 6
914 996 1
915 944 8
916 918 6
916 920 5
916 930 1
916 963 10
916 970 4
916 996 8
917 918 10
917 919 2
917 945 6
918 947 8
919 941 3
919 943 8
919 957 9
919 967 6
920 922 8
920 929 1
922 930 5
922 956 8
922 983 3
922 996 7
923 947 10
923 971 5
923 996 6
924 939 6
924 940 6
924 951 9
924 977 5
924 980 5
925 957 5
925 979 8
925 995 8
926 931 10
927 939 7
927 943 1
927 977 1
928 982 4
931 993 2
931 996 8
932 946 7
932 947 2
932 968 7
932 993 9
933 965 3
933 979 2
934 963 1
934 967 1
934 978 10
934 993 8
935 947 2
935 973 7
935 995 1
936 954 6
936 958 1
937 978 5
939 967 4
939 982 2
939 993 1
942 970 4
942 974 1
942 975 4
942 976 9
942 978 7
942 996 2
943 957 4
944 960 10
944 992 5
945 978 7
945 986 9
946 984 5
947 962 9
948 991 9
949 959 10
949 964 2
949 971 3
950 963 4
950 968 8
951 973 10
952 997 10
953 991 2
953 996 2
954 970 4
954 978 2
955 959 10
955 996 5
957 985 1
957 992 2
959 988 2
960 961 1
960 984 7
960 999 3
961 985 10
961 995 2
961 999 4
962 992 7
964 966 6
964 997 10
965 996 7
966 976 6
966 983 8
966 987 10
968 969 4
968 974 10
968 977 9
969 997 9
970 979 2
970 984 7
970 993 1
970 999 10
971 996 1
975 977 4
975 981 7
977 999 9
978 979 9
982 994 3
983 986 1
984 985 9
984 997 8
987 988 3
990 996 10
991 994 3
993 996 8