1000 14790
0 6 3
0 12 3
0 17 7
0 48 10
0 74 7
0 198 6
0 224 6
0 241 3
0 285 2
0 290 2
0 297 5
0 314 9
0 327 10
0 358 8
0 373 8
0 379 6
0 396 1
0 519 6
0 530 8
0 553 6
0 566 7
0 653 6
0 667 5
0 694 3
0 708 5
0 718 6
0 760 6
0 817 6
0 890 4
0 914 3
0 939 4
1 23 6
1 139 10
1 158 8
1 170 10
1 409 8
1 445 6
1 485 4
1 519 10
1 549 8
1 550 1
1 586 1
1 595 9
1 599 7
1 627 6
1 628 6
1 665 8
1 679 3
1 699 10
1 714 7
1 759 2
1 760 1
1 769 5
1 857 4
1 875 1
1 906 3
1 933 9
1 977 4
2 26 3
2 57 2
2 94 10
2 104 7
2 145 9
2 152 4
2 159 8
2 178 8
2 195 10
2 234 8
2 252 9
2 253 2
2 275 8
2 278 5
2 298 9
2 312 5
2 332 3
2 351 3
2 363 6
2 364 7
2 463 2
2 481 9
2 491 5
2 492 3
2 590 9
2 641 5
2 679 9
2 699 5
2 703 1
2 739 7
2 760 2
2 826 8
2 892 7
2 900 6
2 922 5
2 924 6
2 931 7
2 963 9
2 985 7
3 11 7
3 25 8
3 37 2
3 60 1
3 67 4
3 106 8
3 126 10
3 219 9
3 223 5
3 230 1
3 235 9
3 321 8
3 449 5
3 485 6
3 515 9
3 536 6
3 546 9
3 567 1
3 570 5
3 576 9
3 584 5
3 618 2
3 620 9
3 667 4
3 674 10
3 681 6
3 722 8
3 762 3
3 795 9
3 898 1
3 900 4
3 915 5
3 918 8
3 923 1
4 6 1
4 67 2
4 102 5
4 106 8
4 147 9
4 195 5
4 214 2
4 220 8
4 229 5
4 279 10
4 311 6
4 379 7
4 388 9
4 421 3
4 482 8
4 486 2
4 492 8
4 503 8
4 516 8
4 606 3
4 610 2
4 614 1
4 629 6
4 659 2
4 693 2
4 695 9
4 720 3
4 745 1
4 981 5
5 107 6
5 119 6
5 143 2
5 150 1
5 192 6
5 218 6
5 228 9
5 251 8
5 255 8
5 305 5
5 335 4
5 337 1
5 350 2
5 395 7
5 409 1
5 462 5
5 504 7
5 631 10
5 639 8
5 672 2
5 680 3
5 733 10
5 735 6
5 758 4
5 801 4
5 808 1
5 835 10
5 852 1
5 880 10
5 898 9
5 920 6
5 951 4
5 978 10
6 17 10
6 74 7
6 95 5
6 96 8
6 101 3
6 108 10
6 127 6
6 139 8
6 140 2
6 172 1
6 218 4
6 238 2
6 279 2
6 305 5
6 308 6
6 311 6
6 333 6
6 340 10
6 434 10
6 455 7
6 500 2
6 550 3
6 608 9
6 617 1
6 631 6
6 738 4
6 788 7
6 795 4
6 845 4
6 877 8
6 884 3
6 900 3
6 918 8
6 919 7
6 931 9
6 937 9
6 970 7
7 74 7
7 100 3
7 102 5
7 174 3
7 192 8
7 262 6
7 293 7
7 305 3
7 322 4
7 350 6
7 366 2
7 409 10
7 443 9
7 563 2
7 571 7
7 579 4
7 638 9
7 663 1
7 673 10
7 690 5
7 773 8
7 822 5
7 825 10
7 909 10
7 924 8
7 935 4
7 971 10
8 14 9
8 70 10
8 71 10
8 113 6
8 120 3
8 190 7
8 271 6
8 272 4
8 335 4
8 424 2
8 448 4
8 476 9
8 534 9
8 551 5
8 662 8
8 774 6
8 775 7
8 826 1
8 897 5
8 900 1
9 65 5
9 95 9
9 153 2
9 187 3
9 206 4
9 280 5
9 335 3
9 351 7
9 368 4
9 413 8
9 450 10
9 478 3
9 486 7
9 531 2
9 550 8
9 559 10
9 583 4
9 650 10
9 694 3
9 698 3
9 699 6
9 771 3
9 788 2
9 805 7
9 816 9
9 827 1
9 831 2
9 833 2
9 859 1
9 946 3
9 957 6
9 984 3
9 994 10
10 45 1
10 54 7
10 104 8
10 169 2
10 181 9
10 211 4
10 291 7
10 297 5
10 304 3
10 313 10
10 328 9
10 336 3
10 368 10
10 427 3
10 436 9
10 442 5
10 459 7
10 506 2
10 512 1
10 555 8
10 593 4
10 618 10
10 622 2
10 627 1
10 668 4
10 754 1
10 983 8
11 12 7
11 50 1
11 89 1
11 174 3
11 194 1
11 279 3
11 288 4
11 306 3
11 363 7
11 386 5
11 425 10
11 436 4
11 457 4
11 464 2
11 491 3
11 500 7
11 502 10
11 524 10
11 550 4
11 568 2
11 623 1
11 624 10
11 764 5
11 825 7
11 850 8
11 859 10
11 882 9
11 909 5
12 39 7
12 62 3
12 90 9
12 108 4
12 189 5
12 219 10
12 244 6
12 277 4
12 288 8
12 337 1
12 366 4
12 370 3
12 380 2
12 403 9
12 437 9
12 576 8
12 599 6
12 607 1
12 642 4
12 645 3
12 662 4
12 682 7
12 764 9
12 798 3
12 869 10
12 892 1
12 916 1
12 945 8
12 958 2
13 22 8
13 27 6
13 105 9
13 239 3
13 254 10
13 296 8
13 299 6
13 303 10
13 329 4
13 367 9
13 380 7
13 439 3
13 506 3
13 634 2
13 688 1
13 750 6
13 780 3
13 785 10
13 799 5
13 810 9
13 834 5
13 854 8
13 880 8
13 948 10
14 46 6
14 48 9
14 57 4
14 60 2
14 88 7
14 101 2
14 107 2
14 155 4
14 236 10
14 240 8
14 247 3
14 262 6
14 295 6
14 305 10
14 319 7
14 340 8
14 343 1
14 375 10
14 453 1
14 502 1
14 514 6
14 519 2
14 579 10
14 608 7
14 636 9
14 700 1
14 750 8
14 757 8
14 759 10
14 760 10
14 795 2
14 811 10
14 840 8
14 883 1
14 917 1
14 918 6
14 921 7
14 939 5
14 945 2
14 958 1
14 970 7
15 44 5
15 57 9
15 161 7
15 205 9
15 230 7
15 261 4
15 271 3
15 288 9
15 315 7
15 346 4
15 421 3
15 473 1
15 483 9
15 493 5
15 503 7
15 624 3
15 748 7
15 807 9
15 844 3
15 847 5
15 848 3
15 856 7
15 908 7
15 934 5
16 29 8
16 36 9
16 58 4
16 127 9
16 177 7
16 274 7
16 275 9
16 303 1
16 311 9
16 330 6
16 345 6
16 361 9
16 372 5
16 426 1
16 510 8
16 530 9
16 589 7
16 618 3
16 679 8
16 692 6
16 754 1
16 756 8
16 772 8
16 776 5
16 785 6
16 859 8
16 867 8
16 886 8
16 904 5
16 948 4
16 962 2
16 968 10
16 977 3
16 979 8
16 988 8
17 31 10
17 35 3
17 42 8
17 48 10
17 122 7
17 214 3
17 242 4
17 281 3
17 307 1
17 323 8
17 352 10
17 435 2
17 448 10
17 487 9
17 488 1
17 558 3
17 651 1
17 678 9
17 680 6
17 698 8
17 710 3
17 776 7
17 895 7
17 919 7
18 92 5
18 124 4
18 148 9
18 206 7
18 346 3
18 347 2
18 353 2
18 379 2
18 386 4
18 408 2
18 415 5
18 420 10
18 421 8
18 482 2
18 484 4
18 547 3
18 603 9
18 605 4
18 614 6
18 680 7
18 721 8
18 735 7
18 781 10
18 782 1
18 785 2
18 788 6
18 802 4
18 831 8
18 896 10
18 913 9
18 937 10
18 958 4
18 966 10
19 42 2
19 75 10
19 132 3
19 145 5
19 157 7
19 158 7
19 160 5
19 164 3
19 174 10
19 215 1
19 217 7
19 262 2
19 270 5
19 282 7
19 386 10
19 401 2
19 406 6
19 491 6
19 523 8
19 528 4
19 581 7
19 583 4
19 617 5
19 776 1
19 825 4
19 888 3
19 910 10
19 934 9
20 22 10
20 116 7
20 153 1
20 196 2
20 238 8
20 306 10
20 394 10
20 411 3
20 457 7
20 475 8
20 480 1
20 559 9
20 565 5
20 596 1
20 655 3
20 678 8
20 711 1
20 720 3
20 725 8
20 726 2
20 728 6
20 748 1
20 777 7
20 793 7
20 812 1
20 850 9
20 885 9
20 961 9
20 971 3
20 997 7
21 53 6
21 56 3
21 67 4
21 89 4
21 134 2
21 273 6
21 289 7
21 327 5
21 341 8
21 385 10
21 439 3
21 441 4
21 449 6
21 639 10
21 668 5
21 701 5
21 769 3
21 780 8
21 814 7
21 840 6
21 910 4
21 953 3
22 58 6
22 79 4
22 144 1
22 237 6
22 362 2
22 418 2
22 524 2
22 540 2
22 572 9
22 607 9
22 708 5
22 762 10
22 800 9
22 956 2
23 32 10
23 50 4
23 58 7
23 144 6
23 181 6
23 275 8
23 284 4
23 307 4
23 335 4
23 341 2
23 355 5
23 376 1
23 392 9
23 406 3
23 427 7
23 465 6
23 466 2
23 475 2
23 482 10
23 485 4
23 487 7
23 553 6
23 554 6
23 596 1
23 623 3
23 625 3
23 633 4
23 648 5
23 754 2
23 822 5
23 923 1
23 944 7
23 992 8
24 41 7
24 71 4
24 80 8
24 92 6
24 102 1
24 150 5
24 166 6
24 175 8
24 177 1
24 197 10
24 281 4
24 357 1
24 367 7
24 368 7
24 421 6
24 423 2
24 433 5
24 442 6
24 465 7
24 525 9
24 566 8
24 648 4
24 688 8
24 736 2
24 747 1
24 761 2
24 799 9
24 802 2
24 816 6
24 898 10
24 910 9
24 933 10
24 957 4
24 964 9
25 52 8
25 70 8
25 111 1
25 226 5
25 237 8
25 248 9
25 250 4
25 350 8
25 357 7
25 360 1
25 361 1
25 371 7
25 407 8
25 409 5
25 412 5
25 430 9
25 442 9
25 506 8
25 509 6
25 526 8
25 662 4
25 687 7
25 690 4
25 691 7
25 768 9
25 776 4
25 808 8
25 814 3
25 861 6
25 898 3
25 915 7
25 926 10
25 943 1
25 964 5
26 39 3
26 55 6
26 145 3
26 156 5
26 181 5
26 201 3
26 223 7
26 275 8
26 281 10
26 282 1
26 285 1
26 325 4
26 380 1
26 397 4
26 405 8
26 420 7
26 431 3
26 443 3
26 448 4
26 483 10
26 508 9
26 575 10
26 579 2
26 585 4
26 639 1
26 668 8
26 697 5
26 767 4
26 814 3
26 830 8
26 880 9
26 897 4
26 912 10
26 921 7
26 936 3
26 964 1
26 980 4
27 49 4
27 177 4
27 184 6
27 206 5
27 219 3
27 226 3
27 353 5
27 372 10
27 462 3
27 465 2
27 469 4
27 524 7
27 566 5
27 614 3
27 619 9
27 674 8
27 716 4
27 730 2
27 754 4
27 763 10
27 769 5
27 801 6
27 816 2
27 847 2
27 849 1
27 890 8
27 914 9
27 964 4
27 992 5
27 993 9
28 63 3
28 74 4
28 180 7
28 186 7
28 239 6
28 279 1
28 306 8
28 406 4
28 453 4
28 481 7
28 499 7
28 515 5
28 534 6
28 579 2
28 614 4
28 644 10
28 652 9
28 659 8
28 773 4
28 842 1
28 878 4
28 885 5
28 909 8
28 923 4
29 36 4
29 63 8
29 67 7
29 86 9
29 91 8
29 92 2
29 93 1
29 103 9
29 114 9
29 135 4
29 254 1
29 305 3
29 364 4
29 379 1
29 412 2
29 420 7
29 492 10
29 510 10
29 514 9
29 528 4
29 555 10
29 592 7
29 593 6
29 594 3
29 599 6
29 612 1
29 615 6
29 664 2
29 693 8
29 703 8
29 715 1
29 740 10
29 748 4
29 808 8
29 826 10
29 867 1
29 876 8
29 900 8
29 920 1
29 967 10
29 994 3
30 76 2
30 78 7
30 148 5
30 171 2
30 204 2
30 234 1
30 256 4
30 305 2
30 308 2
30 355 2
30 396 8
30 424 3
30 519 10
30 523 7
30 538 7
30 549 4
30 578 2
30 615 6
30 635 2
30 650 5
30 658 2
30 702 9
30 711 10
30 740 2
30 763 10
30 793 6
30 804 7
30 844 5
30 846 4
30 850 4
30 870 5
30 919 9
30 933 8
30 958 3
30 983 8
31 138 7
31 147 8
31 154 3
31 170 6
31 256 1
31 312 6
31 327 3
31 365 3
31 368 6
31 491 8
31 554 9
31 556 9
31 579 5
31 662 7
31 682 5
31 731 9
31 795 8
31 822 4
31 824 7
31 953 7
31 979 3
32 39 9
32 53 2
32 72 4
32 126 4
32 179 5
32 183 3
32 250 6
32 265 7
32 310 9
32 330 3
32 361 10
32 389 5
32 401 3
32 417 3
32 506 10
32 507 2
32 549 7
32 590 4
32 655 6
32 712 4
32 727 3
32 748 7
32 799 6
32 801 7
32 808 3
32 849 7
32 851 5
32 852 3
32 904 8
32 962 7
32 977 6
32 992 10
33 39 5
33 74 2
33 130 5
33 184 3
33 196 5
33 207 4
33 216 1
33 219 2
33 283 8
33 377 3
33 382 5
33 466 2
33 554 1
33 555 3
33 577 5
33 607 3
33 632 4
33 656 4
33 720 6
33 728 9
33 755 4
33 757 9
33 771 4
33 811 3
33 835 8
33 844 8
33 899 2
33 916 7
33 918 7
33 964 9
33 974 1
33 977 6
34 42 6
34 53 1
34 54 10
34 103 8
34 120 2
34 140 1
34 148 2
34 161 10
34 174 4
34 189 2
34 204 8
34 218 4
34 229 10
34 231 5
34 254 6
34 285 2
34 314 10
34 322 2
34 325 7
34 372 2
34 383 5
34 386 5
34 414 2
34 415 6
34 485 10
34 542 7
34 598 10
34 633 2
34 730 2
34 751 9
34 772 9
34 783 3
34 791 1
34 822 7
34 839 9
34 994 7
34 998 6
35 95 8
35 131 6
35 204 8
35 255 1
35 313 1
35 320 4
35 370 5
35 393 8
35 395 5
35 452 4
35 481 7
35 490 2
35 496 1
35 535 6
35 552 1
35 568 8
35 604 3
35 607 5
35 631 10
35 649 2
35 687 4
35 721 2
35 723 3
35 748 9
35 790 3
35 840 1
35 846 6
35 929 4
35 989 9
36 77 9
36 175 2
36 281 2
36 324 2
36 349 6
36 371 8
36 400 2
36 410 6
36 488 8
36 528 9
36 536 9
36 550 5
36 605 1
36 635 7
36 650 6
36 670 3
36 693 5
36 707 9
36 725 7
36 811 9
36 817 2
36 896 3
36 906 5
36 917 3
36 961 2
37 69 4
37 79 3
37 140 10
37 163 7
37 174 10
37 188 1
37 248 7
37 278 7
37 285 8
37 320 3
37 348 7
37 351 7
37 421 9
37 488 5
37 496 2
37 510 2
37 655 5
37 661 4
37 665 8
37 681 10
37 748 2
37 771 8
37 782 7
37 820 6
37 861 10
37 980 5
38 57 6
38 187 6
38 188 5
38 286 6
38 287 10
38 337 1
38 364 7
38 369 6
38 393 1
38 398 9
38 400 4
38 478 10
38 505 7
38 588 9
38 636 5
38 725 1
38 806 4
38 810 2
38 868 2
38 910 7
39 115 7
39 181 6
39 272 1
39 291 1
39 314 9
39 329 5
39 430 7
39 439 10
39 453 3
39 492 2
39 512 5
39 530 8
39 534 1
39 536 3
39 553 5
39 576 8
39 586 10
39 603 7
39 608 5
39 633 7
39 713 2
39 793 3
39 800 8
39 839 8
39 930 8
39 954 4
39 967 1
40 89 3
40 127 5
40 134 6
40 145 2
40 155 6
40 177 4
40 190 6
40 230 10
40 250 2
40 258 6
40 263 10
40 407 8
40 415 4
40 421 10
40 568 10
40 573 8
40 638 8
40 646 2
40 699 1
40 712 6
40 717 7
40 718 6
40 726 10
40 744 5
40 755 4
40 866 5
40 902 4
40 904 6
40 913 8
40 915 7
40 929 5
40 967 2
40 978 4
41 57 10
41 63 4
41 75 5
41 89 3
41 104 1
41 123 4
41 166 3
41 243 9
41 245 4
41 337 4
41 367 10
41 455 3
41 468 2
41 553 3
41 562 1
41 599 6
41 627 10
41 672 9
41 685 2
41 713 1
41 787 1
41 842 9
41 887 1
41 940 2
42 68 3
42 175 10
42 176 4
42 181 6
42 206 4
42 216 5
42 252 2
42 265 9
42 299 6
42 340 4
42 343 6
42 388 6
42 395 5
42 426 4
42 504 1
42 505 5
42 538 8
42 569 8
42 575 2
42 581 3
42 585 8
42 603 8
42 611 5
42 637 2
42 641 9
42 653 9
42 802 10
42 820 10
42 939 9
43 55 9
43 63 2
43 93 10
43 138 8
43 173 4
43 194 2
43 240 9
43 262 4
43 268 7
43 295 6
43 320 7
43 342 5
43 378 4
43 420 1
43 442 1
43 477 7
43 482 1
43 507 10
43 570 9
43 575 9
43 595 10
43 609 8
43 610 8
43 761 3
43 773 8
43 775 2
43 961 2
43 962 3
43 963 6
44 48 5
44 74 8
44 151 8
44 196 1
44 213 10
44 220 4
44 231 4
44 301 7
44 326 2
44 330 4
44 339 8
44 349 1
44 358 9
44 428 7
44 456 2
44 478 2
44 521 5
44 705 4
44 743 3
44 872 5
44 879 10
44 882 2
44 898 7
44 910 6
44 945 9
44 956 9
44 970 8
45 131 3
45 151 4
45 161 4
45 230 3
45 244 6
45 259 2
45 450 7
45 463 3
45 488 8
45 533 5
45 540 4
45 565 2
45 588 1
45 630 3
45 703 9
45 706 7
45 711 9
45 757 3
45 767 3
45 785 6
45 814 5
45 837 8
45 850 10
45 859 2
45 867 4
45 936 9
45 954 3
45 961 5
46 135 2
46 143 3
46 147 7
46 196 4
46 201 2
46 314 6
46 315 1
46 340 10
46 406 10
46 472 6
46 523 2
46 525 8
46 552 8
46 594 10
46 653 2
46 668 3
46 774 5
46 857 9
46 890 7
46 962 4
47 48 8
47 88 6
47 102 3
47 142 2
47 189 10
47 209 3
47 259 1
47 337 1
47 386 8
47 413 3
47 425 8
47 434 7
47 461 5
47 522 5
47 532 9
47 536 8
47 555 8
47 612 8
47 619 8
47 645 2
47 646 6
47 667 5
47 690 8
47 726 3
47 741 10
47 756 4
47 757 10
47 770 5
47 831 10
47 854 8
47 949 2
48 75 10
48 123 2
48 143 7
48 144 4
48 174 5
48 252 9
48 290 1
48 292 2
48 294 1
48 332 9
48 340 1
48 389 2
48 410 3
48 411 8
48 495 3
48 571 2
48 594 1
48 606 2
48 640 3
48 661 10
48 770 2
48 829 10
48 838 5
48 910 10
48 917 3
49 65 5
49 108 8
49 115 6
49 116 7
49 160 2
49 181 10
49 190 1
49 233 1
49 283 8
49 366 4
49 412 8
49 449 9
49 461 6
49 471 10
49 495 1
49 556 10
49 576 4
49 588 1
49 633 5
49 676 1
49 712 10
49 719 4
49 753 9
49 763 1
49 875 2
49 904 8
49 912 3
49 952 5
49 966 3
49 982 9
49 999 2
50 131 3
50 158 8
50 209 10
50 232 1
50 264 9
50 310 8
50 337 1
50 453 6
50 516 4
50 517 6
50 536 10
50 680 1
50 703 8
50 713 2
50 720 8
50 849 3
50 859 5
50 938 4
50 951 1
50 955 5
50 963 3
50 975 8
51 99 4
51 139 1
51 160 8
51 166 4
51 171 7
51 176 6
51 233 10
51 257 9
51 288 4
51 311 5
51 360 6
51 424 8
51 586 6
51 588 8
51 613 3
51 618 6
51 646 1
51 749 10
51 796 4
51 810 9
51 905 4
51 917 7
51 935 6
51 987 9
51 988 3
52 80 7
52 126 3
52 135 4
52 138 7
52 147 4
52 157 5
52 185 10
52 200 3
52 229 2
52 278 8
52 331 5
52 410 3
52 457 10
52 458 10
52 460 4
52 472 10
52 475 6
52 516 6
52 675 9
52 699 3
52 775 3
52 829 9
52 851 10
52 923 1
52 924 7
52 970 1
53 91 8
53 154 9
53 156 6
53 172 4
53 218 3
53 290 2
53 297 3
53 317 1
53 350 3
53 359 9
53 396 2
53 406 1
53 436 4
53 563 9
53 602 2
53 615 10
53 744 3
53 777 9
53 793 2
53 814 9
53 817 10
53 819 3
53 835 6
53 872 1
53 882 3
53 891 10
53 903 9
53 956 4
53 981 9
53 982 6
53 992 5
53 994 1
54 84 8
54 116 1
54 137 6
54 300 3
54 379 6
54 401 9
54 428 4
54 444 5
54 488 10
54 497 1
54 554 10
54 628 4
54 666 4
54 685 10
54 729 7
54 733 1
54 756 1
54 776 6
54 800 10
54 874 3
54 937 4
55 59 9
55 61 5
55 74 10
55 114 3
55 153 1
55 202 2
55 213 7
55 217 5
55 224 9
55 306 6
55 328 6
55 347 7
55 452 1
55 493 1
55 599 1
55 632 5
55 642 2
55 660 4
55 721 5
55 736 6
55 776 1
55 834 10
55 837 2
56 69 9
56 133 4
56 207 10
56 214 7
56 249 8
56 328 6
56 342 5
56 378 6
56 455 8
56 458 5
56 459 3
56 482 1
56 501 10
56 523 2
56 532 4
56 535 3
56 547 3
56 554 9
56 631 1
56 662 6
56 722 8
56 733 1
56 742 6
56 803 2
56 864 2
56 927 9
56 939 4
56 957 9
56 963 2
57 149 3
57 198 9
57 254 1
57 285 1
57 287 2
57 296 10
57 418 6
57 455 1
57 458 3
57 544 4
57 596 6
57 681 9
57 694 10
57 705 8
57 755 1
57 775 2
57 830 4
57 839 8
57 850 10
57 912 7
57 989 2
58 66 6
58 138 6
58 139 8
58 179 6
58 192 6
58 203 2
58 223 3
58 229 5
58 250 3
58 254 7
58 285 10
58 327 5
58 334 2
58 337 8
58 416 2
58 425 3
58 445 1
58 457 6
58 470 2
58 479 4
58 482 8
58 558 6
58 613 2
58 628 10
58 692 9
58 711 9
58 723 10
58 781 9
58 902 8
58 918 4
58 961 1
59 88 6
59 156 5
59 181 2
59 200 6
59 240 6
59 329 10
59 445 2
59 523 2
59 531 3
59 563 5
59 681 8
59 687 8
59 751 9
59 835 6
59 871 7
59 887 2
59 913 2
60 107 8
60 196 10
60 315 4
60 329 10
60 346 3
60 396 6
60 441 5
60 446 1
60 447 5
60 460 3
60 502 7
60 543 2
60 549 9
60 604 3
60 623 2
60 635 10
60 685 2
60 724 3
60 743 5
60 770 4
60 773 4
60 783 8
60 799 3
60 806 3
60 885 1
60 998 4
61 122 1
61 146 9
61 150 2
61 209 5
61 242 5
61 317 4
61 318 9
61 358 2
61 380 7
61 450 2
61 462 6
61 478 10
61 496 3
61 497 2
61 570 4
61 579 7
61 581 3
61 632 4
61 638 6
61 649 4
61 650 1
61 747 8
61 749 10
61 754 10
61 768 8
61 770 2
61 773 6
61 774 3
61 822 2
61 949 10
61 979 3
62 64 1
62 71 1
62 75 7
62 81 10
62 112 10
62 129 2
62 151 10
62 158 1
62 191 8
62 197 6
62 201 2
62 206 10
62 260 5
62 281 5
62 319 3
62 344 8
62 357 9
62 416 8
62 440 6
62 473 5
62 490 2
62 494 10
62 693 7
62 767 7
62 771 4
62 779 2
62 806 8
62 813 9
62 926 10
62 938 6
62 970 4
63 101 10
63 185 7
63 190 6
63 256 1
63 299 9
63 300 5
63 432 8
63 468 7
63 483 6
63 528 9
63 548 7
63 649 7
63 667 3
63 669 6
63 673 2
63 771 10
63 772 3
63 775 9
63 843 10
63 931 6
63 960 4
64 67 8
64 84 4
64 96 8
64 125 6
64 207 9
64 209 8
64 231 1
64 240 4
64 249 5
64 257 5
64 285 8
64 322 4
64 443 10
64 525 9
64 537 1
64 566 8
64 568 8
64 608 10
64 642 9
64 659 4
64 695 3
64 727 7
64 736 6
64 747 5
64 755 9
64 845 5
64 853 1
64 873 3
64 881 7
64 898 6
64 912 1
64 914 9
64 927 7
64 930 10
64 980 2
65 84 10
65 87 4
65 268 6
65 286 8
65 368 2
65 414 3
65 462 10
65 509 2
65 529 9
65 615 5
65 645 6
65 768 1
65 801 2
65 836 8
65 864 7
65 900 4
65 918 4
65 934 2
65 937 1
65 990 7
66 83 4
66 147 10
66 184 9
66 256 4
66 272 2
66 305 8
66 355 10
66 400 4
66 405 2
66 513 10
66 532 9
66 539 3
66 598 5
66 602 6
66 633 3
66 704 1
66 709 5
66 856 7
66 908 7
67 92 1
67 116 10
67 128 3
67 129 9
67 138 10
67 169 6
67 197 5
67 299 10
67 453 4
67 464 4
67 495 2
67 505 7
67 506 2
67 513 2
67 514 8
67 589 6
67 654 3
67 693 1
67 703 6
67 719 8
67 746 6
67 753 9
67 786 9
67 805 9
67 890 1
67 891 6
67 917 9
67 987 8
67 992 7
68 125 3
68 176 8
68 209 1
68 234 10
68 239 5
68 259 9
68 385 7
68 433 6
68 453 1
68 491 8
68 515 5
68 538 5
68 641 6
68 696 9
68 708 7
68 709 1
68 731 1
68 764 4
68 772 1
68 779 10
68 910 1
68 932 7
68 935 7
68 937 5
69 134 10
69 136 1
69 151 1
69 155 4
69 182 4
69 249 3
69 257 10
69 273 4
69 391 5
69 436 2
69 504 4
69 530 8
69 556 10
69 670 2
69 675 9
69 726 7
69 749 1
69 779 4
69 831 8
69 909 6
69 988 7
70 80 9
70 85 6
70 216 5
70 235 4
70 240 6
70 255 2
70 306 6
70 340 3
70 369 7
70 393 3
70 445 5
70 456 9
70 505 2
70 555 1
70 592 5
70 702 4
70 723 6
70 733 4
70 851 9
70 869 4
70 992 8
71 144 10
71 218 8
71 242 1
71 267 10
71 311 8
71 356 7
71 380 10
71 414 4
71 458 5
71 573 10
71 590 6
71 620 5
71 641 7
71 650 4
71 693 6
71 773 1
71 787 6
71 809 9
71 904 9
71 924 9
72 88 7
72 227 10
72 362 9
72 412 8
72 415 1
72 430 10
72 436 4
72 448 1
72 508 7
72 561 1
72 597 2
72 600 9
72 607 10
72 624 2
72 637 10
72 670 10
72 734 5
72 735 8
72 817 10
72 828 2
73 87 2
73 88 5
73 95 2
73 161 4
73 218 7
73 221 9
73 345 2
73 379 4
73 448 8
73 453 2
73 491 1
73 497 3
73 498 1
73 510 4
73 520 6
73 524 8
73 541 3
73 583 7
73 610 8
73 618 4
73 620 1
73 642 1
73 679 10
73 688 5
73 808 5
73 811 6
73 865 3
73 958 8
73 976 9
74 82 1
74 138 1
74 164 10
74 212 7
74 324 8
74 433 6
74 490 8
74 537 6
74 596 8
74 636 8
74 669 3
74 715 4
74 770 4
74 775 8
74 829 10
74 839 3
74 850 1
74 912 3
74 921 1
74 941 2
74 942 10
74 943 4
74 944 2
74 965 8
75 86 9
75 88 5
75 115 10
75 132 5
75 140 9
75 143 7
75 167 5
75 168 4
75 212 6
75 220 4
75 238 2
75 253 2
75 288 9
75 293 7
75 320 8
75 323 10
75 353 1
75 372 1
75 405 10
75 408 10
75 507 9
75 515 10
75 521 10
75 522 8
75 571 1
75 648 7
75 664 1
75 681 5
75 741 2
75 809 9
75 902 3
75 920 2
75 942 2
76 103 5
76 128 8
76 132 3
76 138 2
76 146 5
76 148 1
76 153 3
76 190 5
76 247 5
76 400 6
76 413 8
76 450 6
76 451 7
76 500 4
76 507 3
76 517 1
76 527 4
76 585 9
76 620 3
76 654 8
76 715 6
76 720 3
76 790 3
76 818 8
76 891 9
76 920 6
76 969 5
76 983 8
77 149 2
77 198 6
77 199 3
77 218 3
77 240 1
77 255 5
77 264 5
77 280 8
77 286 6
77 318 10
77 324 9
77 338 10
77 356 1
77 419 4
77 474 10
77 524 1
77 531 5
77 555 4
77 566 9
77 585 9
77 642 2
77 755 1
77 803 5
77 811 7
77 819 2
77 851 8
77 916 2
77 950 5
77 951 10
77 965 9
77 995 8
77 999 4
78 91 9
78 127 1
78 148 5
78 154 1
78 166 8
78 167 7
78 178 5
78 183 2
78 193 5
78 200 7
78 217 2
78 255 1
78 328 9
78 336 2
78 370 1
78 382 6
78 385 10
78 386 9
78 407 6
78 413 1
78 421 8
78 427 3
78 455 7
78 473 1
78 531 7
78 557 10
78 629 6
78 632 6
78 668 5
78 674 3
78 704 3
78 764 9
78 784 7
78 801 2
78 816 6
78 838 9
78 842 5
78 860 1
78 867 6
78 888 8
78 918 10
78 940 6
79 150 6
79 191 6
79 247 8
79 260 3
79 342 9
79 343 8
79 352 5
79 388 2
79 413 5
79 417 9
79 430 4
79 437 8
79 441 10
79 442 8
79 451 10
79 501 5
79 519 3
79 549 3
79 556 10
79 600 1
79 675 5
79 728 5
79 758 3
79 762 5
79 808 4
79 809 6
79 819 9
79 833 8
79 859 4
79 865 8
79 866 3
79 873 5
79 902 9
79 903 5
79 907 8
79 935 1
79 985 3
79 994 8
80 169 9
80 191 3
80 309 6
80 320 7
80 322 7
80 329 1
80 345 8
80 354 7
80 390 7
80 391 7
80 419 6
80 495 6
80 550 7
80 610 5
80 648 5
80 680 3
80 755 9
80 772 8
80 786 9
80 849 10
80 880 7
80 935 6
81 137 7
81 140 10
81 146 10
81 203 4
81 255 8
81 294 5
81 305 8
81 330 6
81 333 10
81 361 6
81 370 2
81 375 8
81 380 9
81 439 5
81 558 2
81 592 2
81 599 10
81 649 2
81 721 6
81 730 9
81 758 5
81 761 10
81 764 8
81 773 10
81 820 8
81 875 2
81 952 2
81 973 2
81 976 1
82 109 5
82 153 5
82 218 10
82 265 6
82 282 5
82 284 7
82 307 9
82 372 4
82 512 5
82 539 7
82 588 2
82 650 4
82 790 4
82 802 9
82 836 2
82 839 10
82 840 1
82 891 9
82 976 8
82 991 4
83 102 7
83 143 9
83 144 5
83 194 8
83 204 3
83 242 8
83 267 3
83 324 1
83 328 7
83 347 6
83 354 5
83 398 5
83 406 10
83 412 4
83 429 4
83 435 1
83 481 10
83 503 3
83 550 10
83 587 4
83 632 2
83 633 5
83 674 1
83 743 7
83 770 9
83 795 5
83 813 1
83 947 8
83 980 5
83 994 10
84 113 10
84 115 5
84 169 9
84 179 2
84 220 1
84 343 9
84 345 3
84 449 4
84 450 4
84 495 6
84 535 8
84 551 10
84 638 3
84 746 5
84 747 10
84 798 10
84 811 8
84 848 4
84 891 10
84 934 5
84 985 2
84 987 1
84 997 6
85 153 1
85 167 10
85 225 10
85 257 10
85 313 8
85 344 7
85 346 1
85 383 10
85 395 10
85 469 6
85 475 6
85 495 8
85 503 10
85 518 1
85 530 3
85 542 4
85 593 5
85 604 4
85 605 8
85 609 7
85 724 1
85 745 10
85 748 3
85 790 3
85 864 10
85 914 1
86 137 9
86 182 10
86 235 4
86 241 1
86 242 5
86 262 7
86 268 9
86 277 6
86 282 3
86 298 10
86 373 2
86 396 10
86 403 4
86 447 6
86 578 7
86 629 3
86 654 8
86 656 10
86 713 6
86 732 10
86 740 6
86 783 10
86 812 6
86 845 7
86 857 9
86 864 2
86 895 6
86 909 10
86 947 8
86 971 8
87 113 3
87 167 7
87 179 3
87 182 8
87 217 10
87 223 6
87 243 2
87 285 9
87 361 10
87 381 4
87 408 2
87 409 3
87 414 1
87 433 2
87 452 3
87 460 4
87 463 5
87 473 8
87 497 8
87 504 9
87 604 8
87 716 7
87 737 10
87 743 5
87 783 10
87 910 10
87 929 1
87 943 4
87 995 9
88 223 7
88 261 10
88 279 1
88 287 2
88 352 8
88 368 7
88 376 1
88 434 7
88 438 4
88 459 8
88 493 1
88 506 6
88 706 10
88 711 5
88 738 9
88 788 10
88 801 5
88 822 4
88 834 3
88 914 7
88 916 5
88 922 5
88 933 2
88 986 3
89 119 10
89 146 3
89 148 1
89 150 3
89 162 6
89 226 7
89 252 3
89 276 1
89 304 3
89 344 7
89 381 9
89 393 10
89 407 2
89 543 5
89 611 9
89 658 5
89 660 7
89 664 7
89 697 5
89 735 7
89 740 8
89 889 9
89 944 4
89 979 7
90 95 5
90 178 1
90 252 8
90 278 1
90 353 2
90 356 9
90 410 1
90 414 6
90 474 6
90 486 2
90 540 10
90 561 5
90 569 2
90 604 6
90 668 10
90 758 9
90 786 9
90 792 5
90 806 3
90 822 1
90 879 2
90 906 7
90 919 5
90 920 6
90 931 7
90 938 1
90 943 3
90 966 1
91 179 8
91 181 7
91 189 6
91 235 6
91 255 6
91 321 9
91 326 9
91 351 10
91 398 8
91 429 9
91 433 5
91 438 9
91 439 7
91 442 4
91 470 5
91 490 4
91 496 1
91 547 10
91 574 9
91 657 6
91 709 8
91 714 7
91 742 4
91 846 7
91 857 9
91 884 10
91 900 3
91 948 1
91 955 6
91 967 2
91 969 2
92 143 7
92 154 9
92 177 4
92 184 2
92 231 6
92 264 9
92 272 9
92 298 4
92 354 8
92 388 9
92 413 6
92 638 10
92 661 5
92 700 3
92 707 1
92 730 1
92 754 8
92 780 3
92 787 4
92 846 1
92 857 5
92 900 10
92 949 9
92 963 8
93 101 4
93 129 4
93 140 1
93 143 10
93 194 10
93 225 9
93 257 2
93 281 1
93 398 6
93 429 10
93 436 4
93 466 2
93 655 5
93 659 1
93 746 3
93 750 9
93 787 9
93 870 5
93 892 6
93 936 4
93 939 10
93 941 4
93 979 9
94 122 10
94 152 3
94 258 2
94 349 9
94 483 8
94 554 6
94 576 3
94 596 2
94 621 9
94 650 10
94 684 8
94 697 7
94 718 3
94 811 9
94 870 2
94 890 5
94 913 6
94 914 5
94 968 2
94 992 5
95 117 1
95 128 10
95 137 6
95 140 4
95 187 1
95 229 5
95 239 3
95 240 3
95 286 1
95 307 9
95 366 1
95 400 3
95 410 5
95 444 5
95 499 3
95 502 4
95 531 7
95 547 8
95 549 4
95 565 6
95 590 7
95 632 10
95 650 1
95 706 1
95 740 3
95 741 8
95 793 3
95 827 6
95 892 2
95 925 5
95 976 3
96 131 4
96 203 2
96 239 1
96 284 8
96 286 10
96 309 3
96 362 1
96 383 5
96 385 10
96 393 7
96 430 1
96 493 8
96 523 8
96 543 2
96 558 9
96 641 6
96 642 6
96 643 9
96 664 6
96 780 4
96 822 7
96 874 8
96 925 8
96 937 5
96 942 1
96 947 5
96 968 7
97 137 3
97 140 7
97 160 6
97 197 8
97 201 1
97 250 8
97 261 7
97 277 10
97 307 6
97 310 2
97 349 10
97 351 8
97 352 10
97 364 7
97 375 4
97 463 10
97 468 3
97 496 8
97 500 9
97 549 9
97 557 7
97 571 4
97 580 3
97 584 10
97 595 3
97 601 6
97 615 3
97 649 2
97 655 4
97 692 10
97 740 10
97 873 3
97 891 2
97 894 1
97 938 8
97 953 10
97 965 6
97 976 7
97 995 4
97 999 10
98 109 10
98 111 2
98 124 5
98 214 3
98 263 7
98 314 5
98 348 2
98 361 7
98 383 1
98 456 7
98 555 1
98 621 8
98 689 2
98 711 5
98 712 9
98 719 5
98 753 8
98 768 5
98 806 3
98 830 9
98 851 9
98 879 6
98 881 1
98 975 8
99 117 6
99 131 4
99 146 8
99 168 7
99 249 9
99 258 7
99 333 9
99 341 3
99 397 4
99 404 4
99 474 2
99 648 10
99 709 7
99 732 2
99 811 3
99 837 4
99 841 8
99 850 6
99 911 4
99 917 4
99 946 8
99 971 5
99 984 10
100 110 6
100 147 3
100 168 4
100 187 4
100 188 7
100 323 10
100 337 1
100 343 9
100 358 10
100 420 4
100 429 4
100 516 7
100 672 9
100 680 7
100 681 9
100 702 10
100 718 5
100 729 6
100 734 3
100 746 8
100 755 9
100 784 7
100 794 3
100 875 4
100 926 5
100 983 2
101 130 5
101 202 9
101 255 8
101 264 5
101 307 5
101 327 2
101 329 8
101 351 3
101 364 5
101 410 10
101 481 3
101 488 10
101 588 3
101 589 7
101 597 3
101 634 4
101 636 5
101 643 6
101 645 10
101 649 5
101 695 2
101 701 5
101 762 5
101 768 6
101 798 2
101 815 6
101 823 3
101 866 8
101 911 9
101 914 9
101 937 6
101 941 4
101 953 3
101 969 6
102 178 9
102 185 4
102 187 1
102 202 10
102 306 6
102 370 9
102 435 1
102 460 7
102 465 7
102 469 2
102 489 2
102 496 3
102 508 8
102 527 8
102 531 4
102 588 8
102 652 3
102 699 9
102 710 2
102 711 1
102 730 2
102 762 5
102 801 2
102 825 5
102 884 10
102 916 3
102 931 8
102 939 4
103 192 8
103 197 5
103 218 3
103 225 2
103 267 2
103 272 7
103 323 9
103 419 3
103 519 8
103 549 6
103 572 8
103 588 1
103 592 9
103 679 9
103 686 10
103 688 7
103 715 3
103 782 2
103 869 6
103 941 7
103 960 1
103 970 10
104 152 2
104 193 8
104 293 3
104 298 1
104 302 5
104 358 3
104 375 4
104 434 1
104 440 1
104 465 6
104 484 6
104 502 7
104 516 2
104 519 6
104 524 7
104 591 8
104 606 5
104 607 10
104 657 9
104 748 8
104 768 8
104 776 4
104 789 8
104 808 4
104 891 9
104 909 6
104 918 5
104 965 1
104 972 1
104 989 7
105 111 8
105 122 7
105 126 9
105 147 5
105 183 9
105 187 6
105 306 4
105 348 9
105 372 3
105 389 8
105 394 8
105 411 9
105 460 3
105 464 6
105 508 5
105 545 5
105 639 3
105 681 8
105 732 8
105 747 8
105 752 9
105 763 3
105 824 6
105 909 1
105 927 9
105 963 5
106 107 7
106 109 1
106 181 2
106 193 10
106 220 4
106 239 3
106 262 10
106 280 10
106 281 3
106 288 9
106 337 1
106 390 10
106 458 9
106 461 5
106 462 6
106 478 7
106 518 3
106 523 10
106 548 5
106 574 7
106 587 9
106 626 4
106 664 10
106 705 4
106 711 1
106 714 9
106 722 6
106 730 8
106 740 9
106 772 7
106 794 4
106 811 7
106 823 9
106 839 1
106 855 3
106 920 4
106 921 6
106 936 1
106 942 1
106 963 6
106 982 10
106 990 3
107 224 9
107 245 10
107 326 2
107 352 7
107 354 1
107 511 6
107 512 9
107 516 9
107 534 6
107 535 7
107 602 5
107 610 2
107 648 10
107 694 5
107 705 1
107 718 7
107 747 3
107 767 9
107 792 8
107 820 9
107 869 6
107 923 4
107 943 6
107 969 9
108 119 9
108 196 10
108 215 5
108 223 5
108 264 9
108 271 1
108 320 4
108 342 4
108 355 3
108 367 5
108 375 10
108 468 4
108 502 3
108 510 6
108 518 2
108 571 4
108 581 9
108 640 5
108 645 4
108 661 6
108 682 9
108 737 9
108 784 1
108 794 9
108 897 2
108 905 3
108 915 6
108 939 6
108 955 8
108 959 3
108 968 6
108 991 4
108 994 6
109 145 7
109 159 7
109 224 10
109 235 1
109 242 3
109 278 7
109 289 3
109 300 1
109 315 5
109 442 3
109 456 3
109 511 4
109 531 10
109 536 2
109 580 5
109 589 7
109 630 5
109 635 4
109 684 6
109 749 5
109 750 7
109 765 8
109 819 3
109 831 6
109 872 7
109 940 7
110 185 4
110 187 5
110 200 10
110 223 5
110 246 8
110 341 4
110 350 6
110 352 6
110 358 10
110 371 8
110 389 10
110 396 2
110 440 9
110 455 5
110 605 9
110 648 1
110 680 5
110 703 8
110 765 5
110 821 3
110 838 7
110 856 6
110 870 10
110 879 8
110 922 2
110 925 7
110 945 7
111 150 7
111 165 2
111 177 8
111 178 1
111 304 4
111 364 3
111 368 10
111 379 6
111 438 10
111 461 10
111 470 3
111 514 9
111 527 7
111 543 4
111 551 4
111 559 8
111 580 10
111 677 7
111 692 3
111 752 1
111 754 2
111 789 8
111 845 5
111 867 6
111 914 7
111 966 9
111 995 10
112 174 5
112 181 9
112 197 2
112 223 1
112 243 9
112 247 1
112 293 1
112 300 1
112 314 1
112 362 1
112 424 6
112 429 4
112 434 8
112 620 8
112 636 6
112 646 3
112 663 10
112 721 3
112 740 9
112 750 4
112 777 8
112 896 9
112 936 5
112 938 10
112 969 8
112 971 10
112 976 7
113 122 1
113 126 8
113 139 7
113 159 2
113 176 1
113 179 5
113 181 8
113 201 8
113 210 3
113 224 1
113 359 1
113 370 5
113 398 8
113 428 7
113 488 4
113 571 2
113 629 1
113 632 3
113 671 5
113 687 6
113 696 9
113 716 6
113 721 10
113 727 2
113 750 8
113 792 4
113 807 5
113 939 5
113 941 1
114 137 1
114 156 7
114 192 2
114 199 6
114 273 8
114 278 3
114 286 1
114 351 10
114 367 1
114 403 5
114 414 8
114 429 7
114 665 4
114 691 10
114 752 10
114 792 10
114 821 8
114 843 3
114 905 9
114 957 2
115 201 4
115 210 2
115 214 5
115 320 7
115 371 8
115 401 7
115 410 5
115 417 3
115 423 2
115 431 5
115 440 8
115 451 4
115 537 2
115 562 8
115 581 4
115 587 2
115 621 6
115 634 8
115 639 10
115 640 6
115 681 2
115 696 5
115 706 3
115 714 10
115 725 7
115 733 9
115 794 3
115 800 9
115 814 8
115 831 2
115 845 9
115 931 1
115 980 1
116 168 7
116 193 7
116 197 6
116 263 9
116 265 6
116 275 8
116 297 2
116 314 10
116 363 9
116 364 5
116 369 9
116 389 3
116 437 1
116 470 2
116 476 10
116 499 8
116 535 4
116 635 8
116 647 2
116 758 1
116 768 1
116 772 3
116 777 2
116 837 5
116 912 10
116 947 4
116 955 7
116 975 1
117 126 1
117 227 5
117 301 5
117 302 7
117 321 1
117 325 9
117 366 8
117 374 4
117 439 3
117 519 3
117 671 10
117 676 8
117 732 6
117 750 3
117 785 6
117 826 9
117 840 5
117 849 2
117 939 5
117 970 1
117 979 3
117 994 7
118 139 2
118 197 2
118 314 8
118 382 3
118 448 4
118 535 5
118 548 2
118 644 6
118 676 6
118 723 1
118 792 4
118 823 4
118 838 7
118 871 2
118 876 10
118 927 9
118 942 10
118 989 3
119 120 2
119 149 9
119 239 2
119 263 2
119 284 9
119 292 1
119 337 1
119 384 2
119 394 8
119 470 9
119 501 5
119 531 1
119 574 5
119 578 9
119 644 1
119 659 2
119 664 1
119 757 4
119 759 2
119 763 3
119 785 6
119 823 4
119 871 6
119 895 5
119 964 7
119 994 2
120 134 2
120 156 5
120 220 10
120 222 7
120 249 7
120 256 8
120 260 8
120 298 5
120 328 10
120 373 4
120 455 10
120 469 6
120 491 6
120 500 1
120 590 9
120 597 6
120 598 6
120 627 8
120 671 8
120 702 9
120 765 3
120 799 3
120 816 10
120 860 4
120 898 1
120 906 7
120 943 7
120 964 2
121 136 10
121 140 8
121 161 6
121 182 4
121 193 7
121 206 4
121 208 2
121 237 7
121 275 9
121 276 1
121 289 1
121 314 1
121 361 4
121 401 8
121 417 10
121 440 10
121 463 8
121 521 3
121 527 4
121 549 5
121 577 3
121 687 6
121 688 4
121 718 2
121 719 2
121 765 9
121 776 4
121 782 1
121 788 6
121 818 4
121 897 9
121 917 3
121 950 4
121 963 4
121 975 4
122 168 6
122 176 5
122 186 5
122 241 9
122 269 6
122 362 2
122 399 9
122 432 1
122 447 1
122 471 2
122 487 8
122 489 7
122 510 8
122 554 8
122 566 1
122 603 7
122 608 1
122 627 2
122 628 9
122 644 10
122 648 4
122 680 5
122 752 4
122 802 6
122 828 3
122 854 10
122 868 9
122 927 7
122 993 1
122 994 8
123 142 4
123 149 6
123 212 1
123 220 9
123 283 9
123 286 8
123 406 10
123 415 6
123 424 2
123 437 3
123 465 2
123 507 3
123 561 5
123 642 4
123 724 4
123 734 10
123 759 5
123 855 9
123 869 5
123 888 10
123 897 9
123 941 5
123 945 10
123 947 2
123 949 4
124 148 1
124 235 2
124 267 3
124 291 8
124 299 2
124 358 8
124 397 4
124 414 1
124 461 4
124 470 5
124 475 5
124 513 4
124 518 9
124 540 10
124 553 6
124 613 5
124 646 4
124 661 8
124 682 10
124 694 2
124 699 10
124 713 1
124 725 4
124 732 10
124 752 5
124 759 7
124 860 5
124 892 4
124 967 6
124 980 3
124 994 5
125 194 10
125 233 5
125 251 2
125 300 4
125 402 5
125 467 10
125 481 6
125 490 5
125 527 8
125 569 2
125 570 10
125 654 8
125 656 1
125 684 9
125 686 7
125 734 2
125 760 9
125 798 6
125 804 8
125 816 7
125 848 5
125 911 2
125 920 9
125 930 2
125 968 5
125 973 6
125 979 5
125 995 5
125 997 8
126 129 6
126 130 9
126 140 4
126 141 10
126 144 10
126 145 5
126 163 6
126 198 6
126 257 5
126 278 8
126 369 10
126 374 1
126 398 5
126 418 9
126 430 8
126 493 4
126 494 5
126 534 9
126 538 9
126 553 1
126 575 1
126 581 1
126 614 3
126 622 4
126 634 4
126 647 2
126 677 3
126 702 7
126 723 7
126 747 3
126 809 6
126 811 7
126 845 4
126 868 1
126 871 10
126 875 4
126 882 3
126 894 7
127 206 4
127 217 5
127 220 10
127 260 6
127 273 8
127 296 3
127 384 7
127 400 3
127 412 7
127 440 7
127 442 10
127 542 8
127 544 5
127 587 9
127 599 6
127 660 7
127 661 5
127 667 2
127 757 9
127 766 5
127 794 1
127 855 7
127 877 4
127 927 9
128 165 1
128 186 3
128 188 2
128 210 3
128 264 5
128 271 7
128 284 6
128 293 7
128 305 9
128 310 4
128 356 9
128 357 4
128 444 9
128 456 7
128 575 7
128 611 5
128 636 2
128 803 5
128 819 7
128 892 10
128 901 5
128 960 4
128 961 8
129 149 1
129 150 1
129 163 6
129 187 9
129 214 7
129 246 10
129 258 7
129 259 9
129 347 3
129 483 7
129 555 5
129 572 2
129 600 5
129 687 9
129 700 2
129 721 5
129 773 6
129 803 3
129 911 6
129 941 6
129 944 9
129 955 4
130 152 1
130 173 3
130 210 3
130 242 6
130 260 10
130 272 7
130 277 3
130 362 2
130 364 7
130 437 3
130 447 9
130 456 4
130 604 8
130 611 7
130 615 2
130 622 7
130 657 4
130 715 9
130 729 5
130 805 9
130 818 4
130 847 3
130 853 10
130 881 1
130 945 2
130 955 8
130 980 7
131 143 4
131 228 10
131 233 3
131 241 7
131 285 8
131 310 6
131 335 8
131 350 8
131 362 4
131 404 3
131 417 9
131 422 5
131 435 2
131 455 4
131 463 7
131 502 3
131 533 9
131 560 2
131 622 8
131 666 4
131 667 5
131 728 6
131 768 1
131 805 3
131 813 10
131 841 5
131 858 6
131 860 5
131 862 4
131 905 4
131 928 7
131 931 5
131 935 3
131 943 9
131 955 2
131 962 3
132 134 8
132 196 4
132 197 6
132 262 3
132 342 6
132 361 8
132 387 4
132 401 6
132 419 2
132 431 8
132 439 5
132 457 3
132 479 8
132 512 4
132 521 1
132 638 3
132 646 8
132 663 8
132 711 7
132 713 7
132 730 9
132 754 8
132 762 3
132 805 9
132 909 10
132 930 3
132 936 3
132 944 9
132 968 3
132 970 5
132 978 3
132 989 3
133 207 1
133 313 7
133 334 9
133 350 9
133 388 8
133 395 3
133 540 2
133 659 5
133 695 9
133 775 8
133 788 3
133 821 9
133 845 9
133 881 2
133 896 1
133 913 2
133 968 1
133 978 10
134 147 5
134 232 4
134 249 6
134 302 8
134 308 6
134 339 6
134 349 10
134 354 10
134 467 2
134 469 2
134 498 7
134 547 9
134 560 4
134 575 6
134 586 10
134 600 7
134 617 4
134 626 7
134 764 4
134 811 2
134 845 1
134 850 2
134 902 10
134 908 3
134 918 10
134 924 10
134 945 9
134 956 4
134 976 6
135 156 9
135 183 8
135 199 8
135 245 6
135 263 10
135 303 10
135 372 9
135 421 7
135 556 10
135 579 2
135 598 8
135 683 10
135 715 1
135 753 5
135 847 9
135 876 5
135 893 10
135 918 4
135 922 3
135 946 7
135 951 6
135 971 8
136 151 4
136 165 5
136 225 1
136 237 1
136 240 4
136 243 5
136 294 2
136 329 6
136 433 5
136 480 7
136 532 6
136 562 7
136 593 8
136 605 5
136 613 6
136 616 3
136 646 10
136 922 4
136 970 3
137 153 6
137 154 8
137 197 8
137 208 3
137 217 8
137 221 8
137 274 3
137 380 1
137 390 9
137 417 3
137 446 7
137 464 2
137 475 1
137 485 2
137 557 5
137 586 7
137 648 2
137 740 10
137 741 9
137 772 3
137 782 10
137 786 6
137 825 2
137 835 5
137 844 6
137 860 6
137 877 9
137 879 3
137 926 3
138 204 8
138 228 9
138 430 4
138 456 8
138 477 3
138 489 6
138 491 6
138 527 9
138 540 7
138 652 10
138 657 5
138 659 5
138 703 6
138 748 2
138 835 7
138 859 6
138 870 10
138 877 2
138 949 4
138 960 2
139 181 1
139 224 2
139 261 8
139 318 1
139 359 4
139 407 4
139 501 10
139 504 6
139 506 10
139 524 4
139 526 3
139 534 8
139 561 10
139 572 8
139 577 1
139 610 9
139 616 2
139 682 2
139 768 9
139 844 5
139 845 9
139 886 7
139 988 6
140 214 5
140 220 8
140 336 2
140 356 7
140 442 1
140 466 6
140 476 2
140 533 1
140 617 2
140 692 6
140 725 3
140 746 8
140 752 9
140 754 6
140 791 6
140 912 3
141 145 5
141 169 2
141 211 8
141 251 6
141 301 1
141 361 5
141 403 3
141 405 5
141 442 9
141 469 5
141 481 10
141 486 4
141 509 9
141 567 4
141 605 5
141 608 10
141 613 7
141 617 8
141 660 3
141 678 6
141 707 2
141 721 5
141 757 10
141 765 9
141 820 5
141 849 5
141 858 3
141 920 7
141 962 7
141 969 6
141 973 5
141 990 6
142 160 10
142 204 6
142 241 1
142 248 4
142 280 4
142 325 7
142 328 7
142 340 1
142 430 5
142 459 6
142 474 3
142 479 5
142 492 4
142 502 2
142 596 8
142 639 8
142 665 4
142 714 3
142 760 9
142 765 4
142 774 7
142 944 2
142 958 6
142 969 4
142 998 5
143 151 8
143 240 7
143 241 5
143 259 1
143 262 3
143 285 3
143 300 5
143 364 7
143 384 10
143 392 10
143 408 3
143 413 10
143 424 4
143 463 8
143 480 6
143 485 1
143 489 1
143 512 9
143 570 9
143 572 7
143 605 6
143 633 5
143 660 1
143 679 10
143 733 2
143 784 10
143 818 1
143 827 8
143 876 4
143 885 9
143 887 4
143 896 5
143 959 5
144 145 8
144 161 10
144 175 10
144 177 2
144 189 10
144 286 1
144 290 5
144 296 7
144 298 2
144 333 6
144 426 1
144 511 10
144 541 7
144 567 1
144 575 6
144 603 6
144 620 3
144 621 1
144 635 6
144 689 9
144 711 2
144 713 5
144 714 7
144 740 8
144 768 3
144 809 9
144 811 4
144 829 6
144 881 4
144 885 10
144 932 5
145 156 8
145 164 5
145 218 8
145 266 2
145 293 1
145 342 5
145 434 9
145 545 9
145 583 6
145 615 5
145 642 1
145 709 6
145 740 9
145 800 2
145 838 1
145 864 7
145 875 4
145 961 7
145 965 7
146 192 8
146 265 7
146 268 9
146 273 8
146 295 3
146 315 5
146 415 7
146 420 2
146 483 9
146 523 7
146 544 9
146 566 4
146 567 8
146 578 1
146 648 3
146 654 7
146 727 9
146 732 3
146 887 5
146 907 9
146 932 7
146 933 5
146 959 7
147 149 3
147 171 5
147 186 1
147 190 3
147 212 1
147 257 8
147 260 10
147 313 3
147 319 8
147 374 5
147 386 8
147 399 8
147 428 5
147 545 4
147 572 8
147 615 7
147 622 6
147 623 9
147 661 10
147 719 5
147 727 9
147 730 6
147 781 10
147 819 1
147 829 1
147 838 8
147 865 6
147 899 3
147 909 4
147 914 7
147 922 1
147 932 6
147 994 6
147 998 9
148 163 5
148 168 6
148 202 3
148 223 4
148 252 1
148 326 6
148 452 6
148 529 1
148 558 6
148 598 3
148 611 9
148 717 8
148 786 7
148 848 9
148 909 1
148 928 8
148 931 10
148 941 7
148 990 1
148 996 1
149 246 3
149 274 6
149 401 10
149 412 5
149 418 6
149 428 4
149 485 8
149 492 10
149 496 1
149 698 2
149 701 4
149 724 6
149 726 3
149 728 4
149 734 6
149 762 5
149 775 9
149 823 4
149 878 7
149 893 4
150 185 8
150 210 2
150 227 3
150 229 7
150 289 9
150 344 4
150 363 4
150 370 3
150 379 2
150 427 7
150 440 8
150 451 7
150 465 10
150 534 5
150 569 9
150 586 9
150 610 6
150 671 4
150 692 9
150 696 8
150 714 9
150 738 1
150 773 9
150 840 2
150 863 2
150 895 1
150 900 6
150 906 10
151 168 2
151 232 2
151 345 8
151 470 2
151 482 10
151 543 10
151 558 9
151 580 4
151 642 4
151 697 2
151 700 5
151 766 2
151 773 4
151 792 4
151 796 10
151 852 3
151 886 6
151 921 6
151 924 6
151 973 3
151 977 8
152 170 7
152 184 4
152 250 10
152 256 6
152 270 9
152 296 7
152 317 10
152 325 8
152 332 9
152 340 1
152 355 7
152 382 9
152 455 3
152 497 10
152 517 9
152 527 10
152 567 9
152 574 10
152 642 3
152 649 8
152 731 10
152 741 3
152 785 10
152 797 3
152 917 8
152 968 3
153 198 2
153 229 8
153 249 4
153 264 10
153 269 8
153 338 10
153 391 3
153 418 3
153 440 1
153 449 6
153 475 4
153 531 10
153 614 2
153 668 4
153 739 6
153 798 8
153 805 9
153 821 1
153 868 6
153 880 3
153 887 5
153 892 6
153 934 2
153 973 8
153 977 10
153 993 10
154 210 4
154 215 6
154 217 7
154 225 1
154 233 1
154 304 9
154 364 5
154 386 10
154 401 6
154 433 7
154 488 3
154 491 7
154 506 6
154 561 9
154 570 9
154 593 6
154 630 7
154 653 2
154 667 1
154 668 6
154 674 3
154 689 6
154 702 2
154 713 1
154 737 7
154 745 5
154 748 2
154 750 2
154 751 6
154 864 4
154 913 7
154 929 5
154 938 10
154 948 3
154 958 7
155 180 8
155 203 7
155 238 7
155 270 4
155 323 2
155 354 10
155 389 10
155 410 4
155 444 2
155 452 4
155 524 9
155 564 3
155 577 2
155 635 7
155 691 7
155 703 3
155 734 1
155 749 6
155 762 5
155 766 1
155 797 4
155 856 6
155 939 5
155 976 4
156 189 9
156 215 5
156 242 4
156 256 5
156 293 8
156 326 6
156 362 4
156 445 3
156 453 8
156 471 10
156 493 1
156 508 1
156 542 4
156 565 4
156 609 1
156 625 3
156 644 2
156 723 6
156 729 10
156 753 9
156 778 1
156 914 10
156 951 2
157 180 10
157 181 5
157 185 3
157 199 4
157 218 3
157 301 7
157 344 6
157 375 6
157 477 3
157 523 10
157 573 2
157 640 10
157 644 10
157 648 5
157 659 7
157 673 5
157 724 7
157 734 9
157 755 1
157 813 4
157 835 9
157 876 1
157 900 5
157 911 4
157 919 2
157 961 4
157 970 1
157 986 2
158 183 6
158 189 1
158 207 6
158 228 4
158 283 7
158 289 6
158 371 7
158 379 4
158 383 9
158 394 3
158 406 4
158 430 10
158 432 6
158 453 8
158 461 7
158 464 2
158 580 6
158 609 1
158 643 9
158 664 6
158 719 2
158 726 7
158 742 5
158 752 3
158 765 5
158 801 6
158 879 10
158 891 9
158 906 6
158 933 8
158 951 10
158 952 7
159 164 6
159 189 7
159 194 4
159 195 1
159 200 3
159 212 7
159 242 10
159 304 1
159 307 1
159 333 5
159 356 3
159 462 3
159 559 8
159 638 7
159 658 5
159 663 8
159 666 7
159 712 8
159 718 10
159 748 5
159 812 1
159 822 6
159 874 3
159 922 5
160 213 1
160 238 4
160 240 4
160 244 1
160 262 6
160 319 2
160 326 3
160 330 10
160 331 6
160 348 4
160 497 6
160 559 3
160 569 10
160 575 7
160 576 3
160 578 10
160 584 4
160 600 2
160 602 8
160 647 6
160 669 10
160 742 2
160 799 4
160 816 7
160 834 10
160 836 5
160 867 8
160 886 8
160 910 1
160 915 9
160 986 2
160 990 3
161 169 3
161 180 7
161 242 9
161 252 4
161 295 2
161 317 6
161 366 4
161 368 3
161 401 2
161 406 9
161 420 2
161 427 2
161 448 6
161 497 8
161 512 6
161 568 6
161 631 4
161 720 8
161 721 7
161 839 10
161 847 8
161 981 1
161 982 6
162 220 4
162 232 6
162 296 4
162 313 3
162 332 7
162 383 8
162 390 8
162 413 6
162 442 1
162 468 1
162 479 8
162 546 10
162 551 9
162 572 2
162 619 5
162 634 3
162 643 1
162 721 10
162 739 8
162 760 6
162 764 6
162 809 3
162 826 5
162 884 9
162 907 8
162 951 5
163 191 4
163 194 2
163 206 10
163 246 1
163 247 7
163 274 6
163 312 1
163 322 6
163 324 8
163 418 2
163 478 6
163 485 2
163 545 9
163 566 4
163 597 10
163 648 5
163 659 6
163 663 1
163 680 5
163 783 2
163 813 7
163 934 6
163 967 5
163 973 9
163 988 10
164 237 2
164 310 10
164 371 2
164 372 5
164 412 1
164 443 7
164 480 3
164 518 1
164 534 2
164 543 10
164 581 2
164 594 7
164 670 5
164 740 5
164 854 8
164 875 4
164 901 5
164 972 9
164 974 2
164 999 3
165 312 9
165 350 4
165 362 6
165 364 9
165 383 3
165 491 6
165 503 1
165 508 7
165 524 9
165 537 10
165 613 8
165 623 6
165 692 9
165 694 7
165 836 4
165 838 1
165 880 2
165 887 5
165 898 10
165 899 7
165 931 4
165 935 9
165 961 5
166 280 1
166 343 7
166 365 9
166 412 10
166 470 2
166 563 9
166 589 5
166 673 10
166 705 2
166 768 2
166 888 7
166 893 4
166 906 4
166 945 6
166 946 9
166 947 5
166 982 3
167 208 9
167 224 4
167 230 3
167 299 1
167 305 3
167 431 7
167 495 7
167 519 3
167 674 8
167 676 1
167 723 9
167 748 10
167 772 8
167 836 10
167 851 1
167 852 6
167 867 5
167 869 1
167 883 8
167 905 9
168 213 10
168 239 6
168 261 9
168 311 3
168 321 3
168 363 9
168 380 6
168 407 5
168 416 4
168 435 8
168 445 10
168 452 3
168 487 10
168 514 2
168 527 6
168 557 8
168 572 2
168 581 5
168 588 4
168 622 3
168 678 7
168 726 10
168 835 5
168 844 5
168 853 2
168 912 7
169 203 2
169 232 9
169 235 2
169 250 7
169 270 5
169 287 3
169 330 10
169 351 3
169 378 9
169 382 2
169 396 7
169 426 7
169 428 10
169 432 9
169 439 3
169 450 8
169 633 9
169 643 5
169 707 10
169 712 6
169 767 1
169 784 7
169 893 8
169 922 3
169 966 6
169 968 3
170 196 3
170 216 9
170 223 10
170 242 6
170 258 7
170 280 8
170 324 5
170 341 8
170 361 6
170 415 10
170 435 2
170 526 6
170 641 5
170 690 2
170 784 10
170 812 4
170 837 5
170 887 6
170 899 3
170 909 7
170 976 8
170 990 3
171 198 1
171 216 1
171 243 10
171 266 2
171 360 6
171 365 7
171 390 4
171 400 4
171 403 3
171 441 1
171 471 6
171 496 7
171 521 2
171 605 5
171 615 3
171 633 2
171 639 3
171 702 4
171 752 8
171 816 5
171 918 10
171 934 3
171 956 6
171 998 7
172 181 4
172 288 8
172 315 4
172 438 10
172 459 3
172 471 7
172 490 8
172 510 4
172 560 9
172 583 3
172 586 6
172 617 7
172 660 6
172 686 6
172 709 1
172 731 8
172 736 7
172 739 8
172 772 4
172 798 8
172 876 10
172 921 4
172 959 7
172 961 5
172 965 4
173 244 1
173 248 6
173 260 7
173 261 4
173 274 8
173 307 8
173 360 1
173 380 9
173 389 9
173 473 10
173 475 4
173 504 7
173 538 10
173 548 1
173 549 4
173 592 1
173 623 4
173 661 3
173 749 7
173 753 1
173 755 10
173 778 7
173 831 10
173 834 10
173 837 4
173 848 9
173 876 6
173 891 9
173 903 8
173 915 10
173 923 1
173 934 8
173 974 6
174 293 3
174 304 8
174 313 7
174 489 1
174 530 10
174 538 8
174 567 1
174 574 3
174 581 7
174 582 7
174 606 7
174 633 5
174 652 3
174 666 8
174 683 2
174 712 4
174 724 10
174 788 6
174 916 7
174 918 7
174 923 9
174 927 7
175 230 2
175 302 4
175 404 2
175 413 2
175 425 5
175 431 8
175 447 7
175 466 2
175 515 4
175 527 7
175 608 3
175 680 7
175 693 10
175 721 7
175 748 9
175 838 7
175 869 3
175 922 3
175 926 9
175 944 8
175 978 6
176 177 2
176 198 10
176 232 4
176 301 1
176 350 2
176 382 8
176 384 4
176 412 8
176 423 1
176 442 9
176 455 3
176 464 1
176 469 9
176 510 2
176 522 4
176 543 1
176 546 8
176 571 2
176 611 3
176 620 5
176 659 9
176 673 2
176 795 10
176 799 10
176 852 4
176 864 4
176 882 4
176 900 10
176 963 1
177 197 3
177 219 7
177 234 1
177 256 6
177 288 2
177 321 1
177 327 9
177 338 7
177 363 8
177 380 8
177 386 9
177 398 4
177 470 4
177 493 5
177 494 7
177 506 9
177 517 3
177 569 9
177 658 4
177 703 6
177 728 3
177 732 3
177 745 8
177 832 6
177 867 2
177 887 8
177 922 3
177 990 4
178 194 6
178 255 8
178 284 4
178 292 10
178 319 8
178 329 7
178 345 1
178 346 5
178 399 6
178 401 1
178 433 9
178 435 7
178 439 10
178 451 5
178 469 4
178 537 10
178 546 2
178 600 2
178 648 4
178 697 2
178 758 5
178 798 6
178 872 5
178 897 4
178 987 5
178 989 1
178 998 8
179 180 4
179 181 4
179 188 3
179 207 10
179 230 7
179 258 1
179 274 3
179 296 2
179 396 2
179 435 7
179 487 8
179 538 9
179 597 8
179 654 2
179 682 4
179 701 9
179 725 10
179 726 6
179 749 6
179 852 9
179 869 9
179 885 4
179 934 3
179 960 3
179 984 2
179 986 6
179 990 6
180 182 1
180 191 1
180 204 4
180 221 10
180 222 3
180 283 8
180 315 6
180 359 6
180 395 3
180 414 1
180 446 5
180 489 10
180 513 9
180 592 3
180 601 6
180 651 6
180 672 6
180 700 4
180 703 6
180 710 2
180 750 7
180 942 4
180 947 3
180 976 7
181 201 10
181 205 8
181 213 4
181 238 3
181 425 1
181 426 6
181 458 8
181 471 1
181 479 1
181 525 2
181 551 9
181 555 5
181 669 9
181 697 1
181 718 8
181 729 8
181 755 6
181 763 9
181 771 8
181 789 9
181 866 6
181 878 4
181 914 9
181 928 10
181 930 3
181 955 7
181 971 9
182 230 10
182 253 8
182 301 10
182 364 9
182 372 9
182 374 4
182 381 4
182 422 8
182 430 6
182 518 2
182 520 5
182 594 3
182 622 4
182 637 7
182 642 4
182 706 4
182 783 5
182 812 9
182 848 4
182 864 7
182 887 10
182 903 8
182 922 9
182 941 6
182 985 2
183 308 5
183 318 9
183 356 9
183 366 4
183 414 4
183 465 2
183 472 3
183 516 5
183 536 10
183 541 3
183 615 4
183 616 2
183 727 4
183 768 10
183 826 4
183 839 1
183 858 10
183 877 7
183 892 8
183 895 9
183 920 2
183 982 1
184 190 8
184 212 6
184 280 2
184 286 4
184 379 1
184 419 4
184 421 1
184 509 2
184 537 6
184 545 4
184 589 3
184 618 4
184 622 5
184 646 6
184 674 9
184 707 5
184 756 10
184 765 5
184 768 8
184 797 9
184 828 4
184 865 3
184 871 3
184 904 10
184 921 5
184 995 10
185 203 7
185 249 8
185 433 3
185 514 8
185 604 7
185 667 1
185 779 1
185 799 6
185 865 7
185 891 9
185 907 1
185 909 1
185 911 2
185 928 1
185 954 8
185 967 6
185 998 2
186 216 5
186 258 10
186 342 10
186 384 7
186 423 1
186 434 7
186 453 8
186 562 7
186 584 8
186 592 2
186 598 10
186 605 9
186 612 5
186 618 4
186 647 3
186 676 9
186 711 7
186 719 7
186 766 3
186 790 9
186 796 2
186 876 5
186 933 1
186 948 5
186 949 6
187 188 6
187 277 5
187 343 9
187 368 1
187 425 6
187 434 7
187 496 3
187 640 10
187 644 4
187 693 8
187 781 1
187 795 9
187 816 3
187 824 3
187 826 10
187 837 7
187 898 10
187 902 4
187 944 4
187 948 9
187 973 2
188 216 3
188 310 9
188 312 5
188 328 6
188 354 10
188 379 5
188 423 3
188 444 6
188 449 8
188 471 6
188 580 6
188 582 1
188 753 4
188 758 4
188 760 7
188 800 4
188 814 2
188 867 6
188 900 6
188 919 2
189 221 1
189 292 4
189 306 4
189 370 1
189 413 8
189 417 1
189 465 1
189 476 8
189 510 10
189 556 1
189 560 7
189 561 1
189 575 6
189 597 10
189 634 6
189 702 4
189 721 1
189 747 9
189 810 1
189 815 3
189 825 2
189 884 3
189 891 3
189 904 10
189 929 4
189 966 3
189 975 1
190 227 1
190 291 6
190 342 1
190 410 10
190 457 8
190 511 2
190 512 1
190 527 5
190 565 6
190 566 9
190 585 7
190 595 1
190 640 4
190 771 6
190 775 2
190 788 2
190 853 10
190 969 2
190 989 4
191 301 8
191 324 4
191 344 2
191 432 5
191 433 1
191 512 8
191 567 5
191 576 5
191 601 2
191 610 10
191 611 5
191 641 3
191 646 6
191 655 1
191 694 9
191 704 1
191 734 3
191 735 3
191 764 3
191 848 9
191 870 2
191 900 5
191 936 9
191 988 3
192 241 6
192 366 4
192 404 4
192 477 4
192 504 1
192 541 6
192 630 2
192 636 3
192 637 9
192 688 3
192 697 1
192 698 10
192 700 3
192 767 10
192 820 1
192 825 3
192 883 2
192 895 10
192 928 1
193 254 2
193 351 3
193 373 4
193 395 4
193 396 8
193 401 5
193 455 5
193 492 7
193 529 5
193 548 2
193 586 7
193 611 4
193 614 4
193 642 9
193 656 1
193 665 4
193 691 3
193 719 8
193 729 1
193 741 9
193 750 3
193 796 7
193 802 9
193 862 9
193 879 5
193 896 10
193 898 5
193 901 3
193 910 9
193 954 3
193 993 9
194 210 3
194 221 5
194 228 2
194 241 7
194 251 4
194 315 7
194 340 3
194 371 3
194 430 2
194 450 4
194 473 9
194 494 5
194 583 9
194 592 8
194 595 7
194 605 4
194 625 2
194 657 5
194 669 8
194 707 1
194 844 10
194 912 5
194 928 6
194 948 2
194 975 5
195 307 1
195 338 10
195 399 2
195 415 9
195 438 9
195 473 1
195 495 5
195 523 4
195 527 8
195 532 10
195 597 5
195 658 10
195 702 1
195 790 6
195 840 9
195 897 2
195 921 7
195 976 7
196 226 6
196 247 8
196 291 4
196 340 8
196 384 3
196 428 9
196 447 10
196 453 3
196 486 5
196 492 1
196 517 5
196 553 5
196 565 7
196 626 1
196 680 1
196 841 1
196 854 10
196 864 7
196 880 10
196 891 1
196 924 5
196 947 1
196 951 3
196 996 3
197 209 8
197 252 8
197 278 2
197 299 6
197 306 5
197 380 2
197 390 10
197 395 2
197 406 7
197 418 6
197 436 7
197 454 5
197 562 3
197 568 7
197 632 1
197 635 4
197 639 1
197 682 5
197 690 9
197 705 4
197 743 1
197 747 10
197 833 4
197 837 5
197 889 1
197 894 5
197 897 10
197 900 6
197 947 10
197 966 9
197 969 2
198 311 2
198 317 4
198 391 4
198 405 3
198 461 4
198 622 4
198 667 3
198 721 2
198 725 7
198 768 10
198 805 5
198 900 9
198 925 10
198 931 6
198 965 6
199 310 7
199 374 6
199 411 6
199 423 4
199 459 9
199 493 6
199 532 2
199 560 4
199 644 8
199 649 8
199 668 3
199 670 9
199 748 7
199 799 9
199 801 5
199 819 1
199 851 5
199 862 5
199 868 1
199 886 10
199 907 5
199 927 7
199 935 7
199 973 6
200 257 5
200 273 7
200 312 7
200 392 4
200 409 8
200 487 7
200 510 10
200 511 2
200 541 4
200 590 5
200 617 8
200 626 8
200 634 9
200 658 10
200 661 6
200 854 8
200 894 8
200 914 3
201 247 9
201 306 7
201 318 3
201 372 7
201 375 6
201 381 4
201 404 6
201 418 10
201 440 5
201 469 10
201 499 7
201 505 5
201 526 7
201 543 9
201 594 4
201 644 6
201 701 1
201 712 1
201 726 5
201 736 5
201 741 3
201 743 3
201 783 5
201 923 1
201 935 7
201 965 1
201 983 7
202 308 5
202 312 6
202 322 10
202 338 9
202 423 4
202 427 8
202 451 8
202 467 5
202 550 1
202 655 8
202 700 5
202 713 7
202 736 1
202 869 4
202 917 5
202 941 7
202 947 1
203 223 9
203 252 2
203 257 3
203 283 9
203 293 8
203 318 3
203 332 5
203 388 8
203 483 8
203 486 8
203 508 3
203 541 3
203 558 4
203 602 1
203 607 4
203 670 5
203 768 10
203 841 1
203 865 1
203 870 8
203 871 10
203 888 10
203 910 3
204 228 7
204 317 7
204 369 7
204 496 5
204 515 1
204 521 5
204 553 7
204 570 1
204 572 8
204 670 7
204 675 6
204 692 1
204 721 5
204 771 4
204 790 7
204 823 7
204 833 9
204 901 6
204 904 6
204 986 8
204 988 7
205 233 8
205 299 7
205 308 2
205 343 7
205 401 7
205 418 9
205 420 4
205 485 10
205 497 4
205 556 8
205 594 5
205 617 4
205 624 1
205 638 1
205 696 1
205 702 8
205 735 9
205 770 6
205 789 10
205 840 3
205 861 10
205 897 8
205 930 3
205 980 10
205 981 10
206 247 3
206 367 9
206 380 5
206 396 9
206 424 8
206 496 8
206 517 5
206 581 7
206 628 8
206 669 7
206 698 5
206 883 7
206 912 3
206 968 3
207 219 4
207 267 1
207 365 4
207 399 7
207 437 2
207 439 7
207 452 7
207 458 7
207 531 2
207 543 1
207 573 8
207 582 4
207 643 1
207 649 9
207 677 7
207 694 8
207 711 5
207 719 7
207 741 5
207 749 8
207 769 2
207 843 1
207 874 2
207 887 6
207 889 5
207 895 2
207 915 7
207 922 1
207 942 9
207 977 5
208 234 8
208 240 5
208 337 3
208 342 8
208 346 9
208 442 7
208 508 10
208 571 7
208 618 4
208 628 8
208 698 2
208 726 2
208 801 7
208 817 7
208 843 10
208 924 2
208 966 6
208 971 1
208 996 5
209 223 1
209 246 6
209 274 8
209 301 4
209 331 6
209 352 6
209 359 10
209 374 6
209 414 10
209 416 9
209 450 3
209 451 1
209 460 7
209 497 7
209 499 10
209 500 4
209 516 3
209 521 6
209 604 2
209 610 10
209 654 3
209 680 10
209 715 10
209 751 2
209 777 2
209 954 8
209 976 6
210 268 4
210 277 1
210 330 3
210 366 5
210 428 8
210 429 10
210 455 1
210 513 5
210 539 5
210 577 5
210 614 6
210 627 10
210 639 7
210 670 10
210 716 2
210 840 1
210 887 9
210 948 3
210 980 8
210 985 5
210 992 1
211 242 1
211 350 7
211 449 5
211 512 1
211 656 4
211 689 10
211 705 10
211 790 5
211 805 3
211 937 6
211 969 3
211 975 8
212 217 10
212 273 4
212 298 8
212 335 7
212 352 5
212 373 2
212 412 5
212 415 3
212 550 3
212 566 1
212 599 5
212 646 6
212 750 8
212 766 7
212 825 6
212 833 10
212 845 2
212 870 4
212 878 7
212 907 8
212 911 8
212 931 5
212 942 8
212 945 3
213 214 1
213 246 5
213 280 8
213 301 7
213 342 9
213 373 4
213 378 3
213 379 5
213 391 2
213 419 2
213 420 9
213 476 2
213 549 4
213 584 5
213 612 10
213 657 9
213 692 9
213 700 10
213 731 4
213 738 3
213 741 2
213 754 6
213 756 6
213 819 8
213 852 1
213 864 5
213 886 10
213 938 2
213 954 10
213 956 5
213 957 9
214 247 9
214 256 1
214 267 1
214 313 3
214 339 8
214 430 3
214 462 5
214 500 10
214 576 5
214 636 10
214 637 8
214 686 8
214 819 8
214 834 4
214 841 3
214 876 10
214 878 2
214 892 7
214 944 3
214 965 9
215 230 1
215 243 6
215 260 2
215 285 3
215 308 2
215 328 3
215 452 6
215 486 9
215 495 1
215 545 1
215 558 2
215 564 9
215 685 6
215 696 1
215 699 9
215 753 1
215 782 3
215 869 9
215 936 3
215 952 7
215 991 1
215 992 6
216 240 5
216 257 3
216 261 6
216 270 3
216 277 7
216 300 1
216 307 6
216 340 3
216 355 4
216 452 1
216 510 10
216 528 6
216 535 9
216 538 10
216 589 2
216 621 7
216 623 4
216 659 2
216 730 6
216 757 1
216 767 1
216 842 7
216 867 10
216 872 9
216 898 8
216 957 2
216 971 3
217 275 1
217 301 10
217 389 10
217 442 8
217 513 5
217 577 9
217 631 7
217 676 5
217 717 7
217 753 6
217 786 9
217 821 7
217 838 4
217 863 2
217 908 8
217 928 9
218 230 4
218 263 10
218 271 5
218 346 5
218 353 1
218 409 9
218 428 9
218 430 9
218 518 3
218 540 4
218 553 9
218 560 1
218 565 6
218 592 9
218 634 10
218 655 5
218 669 1
218 673 2
218 690 6
218 754 5
218 769 6
218 772 7
218 794 8
218 880 8
218 976 7
219 233 5
219 238 4
219 245 2
219 265 3
219 271 9
219 286 7
219 308 3
219 309 7
219 360 6
219 418 10
219 437 6
219 452 1
219 519 5
219 559 4
219 630 5
219 642 1
219 654 4
219 709 8
219 716 6
219 813 2
219 815 8
219 850 2
219 988 9
220 250 2
220 262 3
220 273 7
220 275 3
220 319 8
220 365 9
220 459 7
220 486 5
220 503 8
220 512 10
220 533 6
220 569 10
220 571 5
220 621 10
220 636 9
220 648 3
220 685 1
220 782 6
220 812 6
220 824 3
220 830 3
220 836 5
220 874 7
220 876 4
220 885 10
220 900 7
220 925 5
220 936 5
220 975 6
220 999 2
221 227 2
221 271 4
221 291 7
221 379 7
221 394 1
221 403 10
221 404 6
221 444 2
221 576 7
221 643 6
221 684 3
221 687 5
221 721 10
221 724 1
221 725 4
221 755 9
221 798 5
221 832 6
221 840 1
221 932 5
222 238 10
222 256 8
222 265 3
222 280 1
222 327 7
222 355 8
222 389 10
222 400 5
222 419 4
222 455 6
222 491 7
222 499 10
222 574 8
222 610 9
222 612 6
222 703 5
222 718 3
222 754 4
222 769 7
222 813 9
222 816 5
222 832 8
222 850 6
222 876 1
222 893 9
222 895 3
222 898 7
222 944 10
222 954 9
222 959 7
222 969 1
223 239 9
223 260 10
223 263 5
223 274 3
223 290 6
223 296 7
223 309 1
223 356 4
223 371 6
223 383 3
223 422 3
223 451 1
223 488 1
223 491 9
223 563 5
223 568 4
223 579 9
223 592 4
223 598 9
223 635 7
223 698 6
223 702 10
223 711 8
223 726 5
223 741 9
223 799 1
223 850 1
223 896 6
223 965 10
223 972 1
224 241 4
224 258 10
224 354 6
224 362 5
224 378 6
224 406 9
224 444 4
224 462 9
224 467 5
224 532 7
224 540 7
224 552 9
224 581 8
224 586 8
224 614 3
224 717 1
224 720 7
224 731 10
224 754 10
224 786 5
224 814 10
224 894 4
224 897 8
224 916 2
224 970 10
225 246 10
225 285 6
225 317 9
225 324 3
225 353 5
225 360 9
225 376 10
225 477 8
225 487 1
225 498 4
225 642 3
225 657 7
225 763 1
225 801 3
225 848 10
225 854 4
225 907 1
225 936 7
226 259 7
226 297 4
226 325 6
226 335 5
226 427 8
226 434 2
226 530 2
226 547 1
226 569 8
226 588 9
226 721 6
226 723 5
226 735 7
226 744 8
226 813 5
226 818 5
226 821 6
226 849 10
226 901 8
226 902 3
226 911 6
226 948 3
226 977 5
227 230 6
227 251 9
227 262 1
227 293 5
227 304 7
227 350 10
227 358 2
227 364 6
227 440 1
227 601 4
227 713 7
227 765 4
227 781 6
227 788 8
227 843 2
227 904 2
227 910 7
228 233 1
228 243 7
228 312 2
228 345 10
228 404 6
228 467 9
228 484 10
228 531 6
228 572 4
228 583 2
228 587 6
228 613 1
228 632 4
228 637 9
228 683 3
228 748 3
228 891 6
228 907 10
228 986 1
228 997 9
229 246 3
229 273 9
229 296 10
229 334 2
229 348 10
229 399 4
229 429 7
229 438 2
229 469 9
229 535 5
229 567 5
229 581 2
229 585 8
229 776 6
229 813 10
229 843 8
229 846 9
229 860 4
229 873 3
229 947 1
229 981 3
230 269 4
230 283 8
230 400 5
230 409 4
230 437 1
230 528 2
230 533 5
230 634 8
230 637 7
230 659 2
230 714 2
230 715 5
230 736 5
230 852 4
230 854 8
230 901 6
230 933 5
231 267 3
231 322 7
231 418 3
231 465 2
231 472 2
231 545 2
231 549 3
231 635 6
231 645 3
231 664 3
231 684 10
231 709 1
231 768 2
231 827 6
231 878 1
231 987 1
232 235 9
232 273 9
232 402 8
232 439 3
232 501 5
232 508 3
232 531 4
232 551 3
232 557 9
232 573 5
232 584 8
232 590 5
232 593 3
232 613 7
232 704 5
232 707 4
232 756 10
232 771 8
232 785 1
232 828 1
232 858 5
232 876 5
232 903 3
232 904 10
232 941 1
232 944 7
232 946 7
232 954 7
232 965 1
232 996 7
233 270 9
233 291 7
233 305 10
233 358 10
233 371 2
233 410 6
233 418 4
233 429 1
233 474 4
233 534 2
233 542 1
233 587 3
233 601 5
233 617 4
233 638 3
233 657 8
233 677 3
233 792 6
233 798 9
233 848 10
233 929 8
234 262 2
234 311 7
234 334 10
234 349 2
234 395 6
234 492 2
234 518 10
234 519 3
234 616 3
234 636 10
234 647 10
234 731 7
234 810 10
234 822 10
234 834 8
234 846 9
234 870 9
234 873 3
234 881 10
234 910 7
234 919 1
234 949 6
235 416 10
235 431 9
235 533 1
235 639 5
235 651 8
235 688 2
235 720 9
235 748 1
235 796 8
235 827 1
235 960 3
236 249 2
236 277 5
236 361 6
236 384 10
236 424 9
236 472 9
236 486 3
236 518 2
236 551 4
236 569 4
236 570 10
236 668 6
236 725 3
236 733 5
236 851 4
236 898 7
236 906 3
236 916 8
236 917 10
236 965 9
236 990 5
237 257 1
237 301 6
237 308 1
237 310 7
237 322 10
237 369 4
237 513 8
237 565 5
237 598 1
237 654 6
237 731 6
237 766 5
237 798 6
237 817 2
237 826 8
237 837 3
237 894 2
237 914 5
237 933 1
237 995 10
238 248 1
238 272 2
238 304 6
238 311 6
238 372 2
238 450 4
238 476 6
238 501 8
238 556 3
238 649 10
238 709 5
238 769 1
238 820 4
238 892 6
238 900 6
238 944 9
238 954 5
239 278 4
239 381 9
239 536 8
239 657 9
239 697 9
239 714 2
239 732 9
239 748 4
239 752 4
239 753 3
239 754 1
239 755 3
239 758 9
239 775 7
239 842 3
239 849 3
239 867 5
239 890 7
239 897 10
239 949 1
239 952 9
239 985 9
239 996 6
240 284 9
240 289 8
240 304 7
240 383 5
240 421 4
240 532 2
240 575 5
240 590 10
240 602 5
240 625 8
240 632 10
240 673 3
240 691 10
240 830 1
240 851 3
240 952 2
240 987 2
240 997 5
241 264 2
241 372 6
241 382 1
241 442 2
241 453 3
241 492 5
241 502 8
241 605 1
241 641 8
241 675 9
241 700 9
241 752 9
241 753 5
241 803 8
241 819 8
241 831 8
241 832 1
241 861 1
241 889 5
241 899 10
242 290 3
242 338 4
242 350 7
242 428 8
242 438 9
242 462 10
242 473 9
242 494 1
242 537 6
242 542 4
242 564 5
242 600 5
242 601 8
242 608 1
242 636 7
242 710 9
242 745 1
242 752 3
242 891 9
242 966 3
242 996 9
243 318 9
243 336 4
243 341 6
243 346 2
243 354 6
243 367 4
243 421 8
243 429 4
243 433 7
243 442 1
243 465 2
243 494 5
243 569 2
243 591 3
243 633 5
243 652 2
243 654 1
243 686 5
243 710 8
243 736 5
243 747 1
243 787 4
243 813 4
243 816 9
243 862 7
243 908 9
243 969 7
244 303 4
244 317 5
244 323 8
244 386 10
244 404 4
244 414 8
244 453 2
244 605 3
244 624 4
244 632 8
244 640 5
244 659 6
244 694 5
244 703 8
244 732 6
244 787 1
244 795 9
244 803 6
244 871 3
244 923 2
244 937 9
244 942 4
244 962 10
244 977 9
244 992 10
244 998 8
245 267 10
245 424 3
245 438 3
245 443 4
245 449 4
245 483 1
245 493 5
245 521 8
245 531 9
245 546 9
245 623 5
245 626 4
245 632 5
245 699 1
245 700 6
245 734 9
245 742 7
245 760 7
245 764 5
245 813 1
245 818 8
245 827 10
245 842 8
245 898 10
245 928 7
245 953 3
245 968 4
245 980 6
245 996 10
245 997 1
246 247 10
246 255 4
246 259 8
246 278 6
246 319 7
246 327 5
246 468 5
246 555 8
246 584 8
246 585 7
246 704 9
246 719 4
246 745 1
246 810 9
246 823 7
246 839 1
246 932 6
246 944 5
246 949 8
246 969 3
246 990 5
247 264 4
247 265 2
247 278 10
247 295 7
247 356 4
247 357 8
247 365 10
247 404 1
247 455 9
247 464 3
247 465 4
247 513 9
247 525 4
247 548 1
247 559 6
247 593 1
247 679 8
247 690 7
247 851 7
247 854 2
247 918 1
248 310 6
248 311 2
248 318 7
248 399 1
248 442 1
248 450 6
248 474 1
248 501 7
248 513 10
248 518 1
248 523 5
248 569 6
248 601 9
248 889 9
248 927 10
248 952 4
249 260 9
249 264 2
249 285 6
249 315 5
249 388 6
249 389 7
249 393 6
249 402 1
249 421 10
249 512 3
249 567 8
249 572 10
249 582 3
249 656 9
249 681 1
249 738 5
249 793 4
249 802 5
249 903 4
249 944 5
249 959 10
249 978 7
250 259 9
250 321 9
250 511 7
250 587 4
250 627 6
250 707 3
250 746 8
250 752 3
250 753 7
250 864 4
250 886 1
250 902 4
250 990 3
250 997 9
251 293 5
251 391 8
251 465 2
251 487 8
251 494 6
251 506 1
251 578 4
251 579 7
251 617 7
251 684 5
251 732 7
251 752 9
251 783 2
251 862 1
251 903 2
251 948 1
251 975 4
251 992 2
252 288 10
252 328 5
252 335 5
252 341 9
252 347 6
252 362 5
252 382 4
252 410 9
252 460 3
252 498 8
252 505 6
252 510 10
252 511 7
252 529 7
252 534 5
252 556 8
252 601 8
252 624 8
252 634 4
252 674 9
252 678 10
252 698 5
252 750 1
252 767 6
252 822 8
252 832 2
252 900 6
252 921 9
252 959 6
252 980 1
252 988 6
253 284 5
253 296 1
253 399 3
253 410 6
253 418 7
253 430 1
253 506 6
253 507 10
253 511 7
253 528 6
253 602 2
253 624 5
253 632 4
253 652 3
253 682 1
253 736 7
253 768 10
253 819 1
253 915 2
253 930 7
253 963 1
253 967 9
253 975 5
254 300 10
254 338 10
254 348 2
254 367 5
254 369 2
254 384 1
254 385 1
254 399 9
254 423 5
254 442 2
254 524 6
254 562 2
254 587 2
254 598 4
254 624 8
254 635 8
254 649 7
254 665 7
254 691 2
254 818 7
254 823 4
254 845 6
254 873 9
254 884 7
254 890 1
254 898 9
254 964 4
254 988 6
255 257 6
255 272 1
255 278 1
255 301 7
255 307 1
255 322 3
255 361 7
255 385 2
255 427 2
255 437 9
255 486 5
255 624 2
255 628 1
255 645 1
255 692 9
255 693 8
255 722 1
255 727 5
255 759 5
255 784 1
255 812 1
255 839 1
255 843 1
255 848 3
255 871 10
255 875 8
255 881 8
255 884 5
255 919 9
255 942 10
256 302 9
256 318 7
256 386 3
256 393 7
256 454 2
256 456 8
256 482 6
256 528 2
256 537 2
256 555 3
256 647 4
256 684 1
256 694 1
256 745 1
256 778 5
256 782 7
256 810 1
256 898 7
256 920 5
256 960 6
256 987 4
257 354 10
257 397 9
257 454 3
257 488 4
257 529 8
257 550 2
257 560 3
257 579 6
257 581 5
257 625 2
257 646 1
257 658 7
257 666 5
257 710 9
257 722 7
257 731 9
257 776 1
257 882 5
257 884 7
257 887 10
257 947 3
257 948 2
258 284 3
258 332 8
258 363 9
258 387 5
258 429 2
258 507 5
258 522 5
258 537 8
258 585 7
258 587 1
258 630 4
258 637 6
258 676 8
258 722 10
258 753 6
258 805 1
258 822 9
258 864 5
258 886 1
258 889 9
258 915 9
258 931 4
258 936 2
258 957 1
258 999 8
259 262 9
259 302 2
259 363 5
259 427 7
259 459 8
259 514 4
259 546 3
259 575 2
259 621 2
259 652 7
259 659 2
259 686 3
259 711 7
259 719 9
259 741 10
259 751 5
259 755 5
259 808 7
259 878 5
259 881 10
259 917 1
259 955 7
259 962 10
260 287 6
260 291 8
260 349 2
260 424 4
260 434 8
260 468 8
260 540 9
260 588 8
260 598 10
260 686 3
260 768 10
260 804 10
260 838 1
260 862 3
260 964 10
260 995 2
261 278 8
261 279 8
261 286 6
261 307 5
261 314 3
261 325 6
261 352 9
261 370 4
261 383 1
261 404 1
261 409 10
261 422 4
261 466 10
261 493 6
261 502 8
261 593 6
261 627 10
261 629 2
261 653 3
261 669 9
261 789 1
261 827 3
261 877 2
261 900 10
262 281 2
262 341 1
262 372 2
262 414 1
262 472 4
262 485 2
262 581 5
262 588 8
262 627 4
262 684 1
262 715 4
262 729 2
262 752 6
262 810 9
262 814 8
262 859 2
262 887 4
262 894 7
262 895 7
262 928 7
263 283 6
263 387 9
263 409 6
263 410 1
263 447 6
263 449 5
263 459 8
263 461 9
263 527 9
263 659 7
263 712 5
263 719 6
263 721 5
263 769 4
263 779 3
263 794 3
263 824 1
263 835 3
263 899 8
263 905 2
263 954 1
264 349 1
264 351 10
264 361 8
264 405 1
264 414 7
264 416 8
264 439 4
264 488 7
264 519 1
264 548 3
264 595 2
264 674 5
264 686 1
264 697 9
264 699 8
264 737 2
264 744 4
264 785 5
264 813 6
264 929 4
264 954 10
265 315 3
265 366 1
265 376 6
265 547 7
265 568 4
265 595 9
265 668 4
265 698 9
265 718 10
265 727 7
265 736 1
265 767 1
265 799 10
265 825 9
265 856 4
265 867 1
265 901 5
265 933 6
266 278 7
266 281 2
266 308 5
266 386 7
266 404 4
266 444 8
266 460 9
266 468 5
266 469 3
266 546 9
266 567 7
266 576 6
266 577 3
266 649 6
266 680 10
266 752 10
266 810 3
266 821 6
266 895 1
266 900 6
266 972 9
266 975 10
267 280 4
267 324 4
267 355 3
267 357 6
267 439 1
267 471 10
267 489 6
267 506 6
267 548 2
267 609 3
267 619 8
267 634 9
267 642 4
267 664 10
267 733 6
267 840 10
267 908 3
267 974 9
267 994 5
268 296 7
268 313 9
268 349 5
268 355 5
268 364 10
268 416 3
268 420 5
268 464 3
268 666 10
268 699 6
268 745 7
268 760 3
268 814 1
268 838 4
268 880 3
268 905 4
268 944 1
269 270 2
269 277 4
269 321 5
269 331 10
269 346 9
269 379 5
269 405 9
269 435 1
269 459 10
269 546 6
269 570 8
269 609 8
269 618 5
269 627 3
269 629 2
269 651 6
269 665 10
269 698 4
269 751 5
269 759 2
269 773 1
269 832 9
269 857 2
269 887 7
269 924 4
269 952 10
269 969 9
269 977 6
270 275 10
270 345 1
270 380 9
270 384 8
270 473 4
270 501 6
270 540 1
270 641 4
270 681 4
270 711 4
270 719 4
270 727 7
270 748 2
270 780 4
270 783 6
270 795 8
270 826 2
270 836 3
270 845 2
270 913 2
270 965 7
270 966 9
270 992 9
271 295 9
271 323 1
271 376 1
271 383 7
271 390 1
271 414 7
271 416 10
271 453 10
271 478 2
271 493 9
271 531 3
271 566 2
271 573 7
271 574 2
271 597 9
271 600 9
271 603 3
271 630 9
271 656 4
271 722 8
271 752 1
271 756 8
271 832 6
271 844 6
271 870 9
271 896 9
271 924 10
271 941 1
271 991 2
272 290 4
272 348 8
272 352 3
272 393 7
272 485 5
272 491 9
272 505 2
272 519 10
272 540 1
272 596 6
272 632 5
272 660 3
272 717 4
272 734 7
272 793 8
272 823 1
272 846 7
272 900 8
273 278 4
273 314 9
273 387 8
273 398 2
273 401 5
273 403 10
273 507 3
273 519 10
273 613 1
273 623 2
273 707 2
273 787 4
273 805 1
273 836 9
273 948 7
273 984 7
274 286 10
274 288 9
274 312 4
274 328 6
274 351 3
274 357 1
274 380 9
274 420 2
274 430 1
274 435 2
274 518 5
274 523 1
274 597 8
274 666 5
274 692 5
274 698 5
274 709 10
274 780 5
274 809 1
274 874 4
274 876 5
274 921 1
274 993 9
275 302 5
275 322 1
275 338 8
275 359 1
275 383 8
275 421 2
275 445 4
275 466 2
275 531 8
275 569 2
275 625 1
275 637 7
275 676 6
275 689 4
275 740 5
275 753 10
275 809 10
275 848 10
275 967 5
275 985 6
276 336 9
276 384 7
276 419 10
276 498 1
276 523 9
276 619 10
276 645 3
276 682 6
276 758 6
276 860 6
276 873 2
276 876 4
276 884 10
276 895 1
276 914 10
276 919 8
276 954 5
276 995 1
277 373 10
277 394 7
277 478 1
277 501 1
277 581 5
277 597 6
277 634 9
277 636 2
277 642 5
277 666 4
277 669 8
277 692 9
277 805 10
277 863 1
277 885 1
277 889 2
277 996 5
278 285 3
278 288 3
278 298 10
278 342 6
278 400 9
278 449 8
278 492 9
278 509 9
278 554 3
278 605 8
278 643 7
278 664 1
278 727 6
278 747 3
278 790 3
278 799 9
278 800 3
278 806 3
278 818 3
278 842 10
278 862 2
278 898 10
278 920 3
278 995 2
279 316 1
279 325 8
279 366 6
279 427 5
279 432 6
279 476 1
279 498 9
279 528 6
279 549 4
279 551 5
279 571 1
279 579 7
279 609 7
279 618 5
279 625 3
279 628 7
279 725 7
279 731 5
279 794 9
279 846 6
279 890 3
279 906 9
279 913 1
280 321 7
280 322 4
280 324 6
280 399 5
280 404 2
280 418 4
280 424 10
280 479 10
280 507 10
280 519 2
280 554 2
280 584 8
280 602 5
280 652 8
280 660 7
280 670 2
280 737 10
280 805 1
280 819 1
280 843 2
280 868 3
280 879 3
280 881 10
280 983 4
281 287 1
281 306 2
281 464 6
281 510 8
281 555 8
281 557 4
281 580 8
281 602 7
281 640 7
281 750 3
281 819 2
281 855 5
281 881 6
281 883 10
281 916 5
281 972 1
281 997 1
282 313 5
282 322 2
282 323 3
282 344 2
282 380 2
282 446 4
282 448 9
282 478 6
282 516 1
282 546 6
282 598 10
282 684 5
282 800 2
282 832 4
282 921 9
282 922 8
282 929 2
282 979 9
282 981 3
283 306 7
283 318 8
283 321 9
283 417 10
283 427 8
283 460 10
283 535 5
283 545 2
283 547 2
283 566 5
283 650 8
283 696 1
283 728 3
283 761 1
283 803 5
283 881 9
283 997 3
284 305 1
284 312 6
284 335 7
284 427 7
284 429 4
284 462 6
284 499 8
284 523 8
284 545 3
284 688 2
284 706 3
284 720 7
284 836 7
284 888 8
284 933 3
284 953 4
284 986 10
285 344 10
285 348 9
285 360 2
285 392 10
285 428 2
285 454 10
285 610 9
285 628 1
285 698 1
285 723 7
285 743 8
285 754 3
285 797 8
285 868 2
285 912 6
285 967 3
286 291 2
286 346 9
286 407 6
286 487 9
286 537 4
286 581 10
286 599 8
286 619 6
286 736 4
286 753 5
286 780 6
286 783 2
286 793 1
286 871 5
286 873 2
286 889 9
287 289 6
287 322 2
287 344 4
287 353 6
287 381 3
287 384 4
287 390 4
287 399 2
287 403 6
287 443 5
287 461 10
287 467 9
287 498 1
287 554 10
287 568 9
287 591 7
287 596 5
287 600 3
287 603 1
287 631 2
287 689 6
287 712 6
287 738 4
287 801 7
287 804 7
287 842 10
287 879 10
287 916 8
288 477 3
288 498 9
288 518 6
288 519 6
288 539 2
288 617 2
288 638 4
288 639 4
288 683 9
288 700 5
288 813 6
288 826 7
288 870 6
288 894 9
288 920 3
288 926 5
288 960 4
288 963 1
289 299 1
289 332 3
289 352 8
289 394 2
289 429 3
289 445 8
289 603 6
289 695 4
289 698 5
289 744 6
289 773 4
289 778 6
289 796 2
289 797 6
289 904 4
289 925 8
289 951 4
289 953 4
289 956 4
289 978 10
289 987 9
289 997 3
290 292 10
290 338 10
290 366 2
290 382 6
290 456 10
290 469 6
290 487 3
290 513 5
290 515 1
290 599 10
290 631 5
290 644 3
290 657 8
290 682 6
290 695 9
290 708 3
290 755 3
290 758 6
290 891 6
290 923 3
290 926 10
290 961 8
290 988 3
291 328 7
291 334 6
291 410 5
291 459 9
291 472 3
291 510 9
291 512 6
291 521 2
291 541 2
291 542 6
291 560 9
291 600 10
291 652 1
291 664 5
291 669 3
291 687 2
291 773 10
291 779 2
291 798 6
291 874 10
291 895 9
292 316 4
292 355 8
292 445 9
292 462 4
292 493 5
292 581 2
292 588 2
292 643 5
292 668 8
292 692 7
292 721 4
292 759 5
292 787 7
292 808 8
292 813 4
292 840 3
292 870 7
292 877 5
292 881 9
292 898 4
292 908 9
292 941 3
292 967 2
292 984 6
293 339 1
293 395 7
293 538 5
293 618 9
293 627 8
293 638 10
293 654 4
293 662 9
293 694 10
293 712 10
293 740 7
293 747 7
293 805 10
293 820 5
293 885 1
294 297 6
294 307 10
294 335 3
294 418 8
294 436 5
294 442 4
294 451 9
294 495 3
294 521 1
294 542 4
294 553 9
294 596 7
294 609 1
294 613 1
294 625 5
294 641 7
294 646 1
294 686 1
294 703 3
294 724 6
294 750 9
294 762 10
294 765 5
294 771 4
294 823 10
294 832 3
294 854 10
294 906 4
294 913 5
294 989 6
295 341 5
295 404 10
295 427 10
295 436 5
295 439 7
295 517 2
295 554 7
295 560 5
295 562 8
295 564 6
295 611 7
295 684 1
295 686 9
295 696 3
295 699 10
295 728 8
295 739 9
295 753 6
295 794 8
295 844 2
295 881 1
295 919 10
295 944 4
295 966 4
295 979 3
295 990 7
296 307 2
296 319 8
296 436 1
296 524 10
296 552 4
296 565 9
296 592 3
296 596 5
296 640 10
296 644 10
296 704 3
296 712 8
296 726 7
296 807 5
296 831 7
296 840 6
296 848 4
296 849 4
296 869 1
296 883 4
296 890 1
296 916 1
296 930 3
296 938 10
296 984 9
296 998 1
297 308 4
297 322 4
297 342 9
297 362 5
297 366 5
297 392 6
297 443 1
297 448 2
297 459 9
297 497 10
297 519 2
297 533 1
297 571 5
297 575 2
297 590 9
297 591 1
297 614 6
297 624 2
297 707 1
297 825 7
297 934 5
297 964 7
297 979 7
298 311 5
298 324 4
298 341 6
298 358 5
298 377 2
298 413 1
298 598 9
298 657 2
298 708 1
298 744 10
298 755 8
298 790 3
298 952 10
299 305 10
299 338 6
299 347 5
299 400 4
299 402 2
299 453 6
299 523 5
299 550 4
299 560 5
299 567 3
299 574 8
299 659 4
299 675 5
299 812 9
299 816 8
299 856 8
299 868 10
299 869 2
299 898 5
299 979 10
299 988 10
300 312 2
300 315 1
300 345 8
300 375 5
300 385 4
300 394 8
300 396 7
300 421 6
300 427 6
300 447 6
300 497 3
300 533 6
300 597 3
300 598 3
300 603 8
300 613 4
300 654 8
300 675 5
300 740 8
300 757 10
300 765 1
300 793 1
300 799 3
300 830 7
300 838 1
300 956 2
301 337 3
301 341 3
301 355 8
301 371 2
301 392 4
301 393 1
301 403 4
301 448 9
301 490 10
301 513 6
301 523 4
301 544 8
301 621 5
301 624 7
301 675 5
301 698 5
301 714 6
301 736 6
301 741 5
301 870 2
301 888 10
301 894 6
301 908 7
301 930 3
302 308 8
302 339 9
302 444 2
302 471 7
302 575 4
302 628 1
302 703 3
302 716 9
302 750 5
302 868 5
302 876 3
302 909 6
302 924 10
302 952 3
302 954 10
302 955 2
302 978 2
302 993 6
302 999 5
303 312 3
303 316 7
303 346 4
303 396 1
303 555 3
303 561 7
303 597 7
303 654 1
303 726 9
303 797 8
303 844 4
303 857 10
303 965 2
303 985 7
303 988 2
304 340 7
304 361 1
304 364 8
304 372 2
304 390 5
304 398 2
304 407 3
304 451 8
304 511 1
304 512 2
304 513 8
304 529 5
304 579 9
304 613 10
304 625 9
304 644 1
304 652 9
304 735 2
304 736 1
304 792 2
304 812 5
304 821 4
304 834 5
304 874 5
304 928 3
304 946 7
305 307 6
305 327 10
305 342 1
305 388 6
305 390 3
305 418 8
305 434 4
305 435 2
305 450 3
305 517 9
305 591 9
305 597 2
305 601 7
305 711 3
305 764 3
305 793 7
305 834 6
305 835 9
305 881 7
305 955 4
306 317 4
306 337 8
306 358 1
306 425 4
306 433 7
306 449 3
306 498 5
306 532 4
306 590 2
306 620 3
306 629 10
306 634 5
306 644 10
306 655 5
306 681 10
306 710 10
306 907 8
306 920 2
306 927 10
306 928 5
306 978 6
307 308 4
307 316 1
307 406 8
307 474 3
307 523 10
307 546 8
307 590 4
307 592 2
307 670 10
307 700 5
307 734 4
307 741 3
307 749 6
307 825 7
307 903 6
307 956 9
307 974 2
307 975 2
307 986 10
308 337 10
308 347 5
308 353 6
308 367 8
308 385 6
308 428 4
308 451 4
308 475 5
308 501 10
308 506 4
308 530 10
308 560 8
308 563 6
308 573 5
308 577 6
308 593 2
308 630 5
308 642 7
308 745 6
308 748 10
308 751 1
308 868 4
308 898 6
308 978 8
308 992 10
309 383 5
309 428 6
309 430 5
309 531 8
309 554 2
309 593 8
309 691 9
309 714 4
309 728 1
309 756 9
309 761 9
309 822 3
309 836 6
309 841 7
309 843 10
309 913 7
309 951 1
309 972 2
309 981 4
310 346 7
310 356 4
310 386 9
310 425 1
310 449 1
310 506 7
310 585 8
310 621 7
310 638 9
310 647 5
310 685 8
310 732 2
310 735 5
310 752 7
310 782 9
310 794 2
310 836 3
310 860 9
310 945 9
310 996 8
311 349 2
311 369 5
311 422 3
311 485 4
311 498 8
311 610 6
311 722 6
311 765 10
311 816 3
311 843 9
311 849 3
311 861 10
311 936 6
311 952 9
311 978 4
312 325 10
312 369 10
312 383 9
312 391 9
312 480 4
312 553 9
312 605 2
312 607 4
312 610 7
312 617 1
312 621 6
312 632 10
312 642 8
312 644 4
312 684 1
312 722 6
312 731 1
312 780 3
312 790 9
312 855 1
312 861 1
312 879 9
312 883 6
312 954 6
312 969 8
313 349 4
313 365 1
313 400 5
313 422 3
313 508 8
313 513 4
313 521 6
313 538 3
313 614 6
313 639 5
313 682 6
313 706 5
313 711 2
313 738 5
313 754 9
313 799 1
313 800 9
313 817 1
313 850 10
313 873 9
313 878 1
313 879 5
313 925 7
314 400 8
314 500 10
314 504 7
314 531 5
314 534 10
314 564 9
314 583 9
314 622 10
314 646 2
314 660 1
314 670 7
314 671 7
314 693 4
314 702 8
314 731 3
314 769 6
314 777 4
314 801 3
314 838 6
314 846 1
314 887 7
315 343 10
315 382 7
315 404 6
315 409 6
315 572 10
315 577 5
315 592 10
315 601 9
315 603 10
315 631 3
315 641 7
315 722 5
315 759 6
315 783 2
315 796 1
315 811 4
315 885 10
315 903 10
315 912 1
315 920 2
315 961 5
315 984 7
316 328 10
316 333 5
316 336 8
316 416 4
316 427 7
316 507 2
316 610 5
316 624 8
316 692 6
316 762 3
316 792 8
316 800 6
316 836 7
316 869 5
316 888 7
316 961 5
316 986 10
316 992 8
317 353 1
317 384 10
317 450 4
317 514 5
317 656 5
317 691 1
317 704 4
317 721 3
317 740 5
317 741 8
317 793 7
317 946 3
318 357 3
318 433 8
318 442 3
318 453 8
318 476 6
318 478 2
318 487 4
318 582 1
318 635 4
318 641 4
318 646 3
318 650 1
318 792 6
318 820 3
318 937 4
318 946 7
318 948 4
318 959 8
318 967 4
318 992 8
319 357 5
319 382 2
319 423 2
319 427 2
319 431 6
319 438 5
319 439 7
319 487 6
319 513 1
319 560 1
319 603 6
319 650 1
319 676 7
319 693 1
319 710 7
319 746 6
319 808 3
319 948 6
319 953 10
320 361 5
320 362 5
320 412 5
320 419 9
320 420 3
320 423 7
320 458 8
320 469 4
320 475 2
320 488 8
320 578 9
320 674 3
320 743 8
320 744 6
320 779 7
320 816 5
320 852 9
320 890 9
320 918 8
320 963 10
320 966 3
320 999 7
321 355 10
321 417 10
321 470 9
321 472 7
321 566 7
321 575 9
321 629 4
321 653 7
321 703 5
321 709 3
321 803 7
321 961 7
321 985 6
322 357 1
322 387 4
322 392 7
322 446 9
322 452 5
322 454 8
322 488 10
322 557 8
322 627 4
322 654 4
322 724 4
322 737 10
322 774 3
322 820 2
322 827 3
322 837 9
322 879 8
322 898 3
322 935 4
322 951 1
322 958 3
322 997 3
323 328 7
323 375 7
323 429 7
323 453 3
323 467 4
323 496 2
323 515 4
323 529 9
323 562 9
323 593 10
323 596 9
323 674 4
323 682 4
323 758 4
323 794 4
323 818 7
323 850 5
323 859 1
323 865 10
323 898 4
323 904 10
323 910 8
323 919 6
324 357 1
324 405 4
324 476 9
324 499 4
324 529 3
324 531 2
324 561 3
324 570 9
324 590 1
324 599 10
324 652 7
324 657 2
324 659 6
324 682 6
324 691 1
324 708 3
324 728 9
324 735 5
324 737 5
324 775 6
324 786 1
324 789 1
324 799 10
324 808 5
324 827 9
324 903 8
324 928 7
324 972 7
324 989 8
324 998 2
325 351 9
325 387 6
325 414 6
325 519 9
325 535 10
325 560 6
325 647 7
325 658 10
325 661 2
325 749 1
325 892 1
325 900 1
325 937 1
325 969 8
326 331 6
326 336 3
326 349 10
326 374 8
326 393 6
326 454 10
326 495 5
326 496 1
326 540 5
326 542 2
326 584 3
326 607 3
326 611 8
326 619 5
326 714 9
326 718 9
326 726 8
326 748 10
326 757 1
326 870 2
326 961 6
326 971 10
326 981 5
327 368 4
327 386 4
327 397 7
327 413 10
327 488 6
327 497 5
327 536 8
327 552 2
327 560 4
327 563 4
327 568 9
327 635 1
327 745 2
327 772 9
327 821 4
327 827 10
327 830 9
327 845 6
327 871 1
327 913 4
327 943 10
327 952 4
327 970 1
327 971 7
327 995 4
328 380 5
328 469 2
328 480 8
328 517 6
328 543 6
328 564 9
328 577 3
328 589 5
328 620 3
328 633 4
328 659 10
328 665 8
328 672 1
328 735 5
328 820 2
328 833 2
328 859 10
328 878 7
328 880 9
328 901 1
328 910 10
328 965 3
328 970 3
328 986 5
329 417 10
329 492 6
329 763 2
329 772 3
329 867 6
329 882 1
329 897 10
329 901 6
329 918 2
329 947 5
329 976 8
330 449 3
330 565 1
330 658 7
330 760 5
330 812 7
330 882 6
330 938 8
330 962 4
330 967 3
330 978 7
330 980 10
331 345 4
331 354 7
331 360 3
331 428 1
331 500 8
331 506 2
331 528 10
331 572 2
331 578 2
331 608 1
331 611 6
331 616 9
331 721 1
331 736 7
331 755 5
331 756 1
331 757 10
331 815 6
331 922 8
331 956 9
331 987 3
332 353 3
332 365 4
332 379 6
332 429 9
332 433 9
332 446 9
332 459 3
332 474 9
332 571 3
332 574 1
332 590 10
332 592 7
332 627 10
332 667 7
332 714 3
332 872 7
332 887 9
332 958 10
333 337 10
333 339 9
333 384 4
333 409 9
333 446 7
333 454 10
333 493 9
333 565 1
333 576 6
333 597 2
333 610 4
333 613 7
333 643 8
333 645 7
333 721 4
333 732 9
333 764 4
333 789 4
333 801 10
333 835 2
333 838 1
333 851 4
333 858 4
333 894 4
333 897 10
333 937 8
333 996 3
333 999 9
334 344 10
334 348 3
334 358 6
334 405 9
334 465 2
334 501 3
334 506 4
334 508 4
334 524 6
334 571 5
334 584 8
334 600 10
334 701 7
334 747 9
334 791 4
334 795 7
334 817 8
334 849 4
334 857 6
334 865 10
334 925 6
334 956 8
334 968 8
334 970 9
334 977 5
334 992 10
335 342 3
335 411 10
335 427 10
335 498 7
335 515 10
335 552 3
335 555 1
335 559 7
335 692 10
335 727 7
335 731 10
335 749 3
335 799 1
335 845 6
335 875 9
335 886 1
335 917 4
335 932 1
335 965 8
335 995 9
336 340 1
336 371 7
336 437 7
336 458 9
336 487 3
336 509 1
336 581 2
336 582 10
336 629 9
336 634 1
336 640 6
336 648 10
336 649 5
336 686 8
336 806 9
336 858 9
336 875 6
336 903 2
336 944 9
337 343 10
337 478 8
337 495 4
337 518 5
337 519 2
337 549 8
337 579 7
337 597 2
337 746 5
337 796 1
337 858 10
337 896 6
337 914 5
337 917 9
337 923 6
337 948 1
337 983 2
338 357 5
338 374 1
338 403 7
338 414 1
338 452 7
338 553 9
338 570 5
338 678 8
338 681 4
338 771 6
338 774 9
338 893 4
339 449 6
339 463 1
339 487 4
339 530 10
339 561 8
339 567 8
339 586 8
339 590 2
339 604 7
339 652 1
339 735 8
339 812 9
339 816 1
339 853 7
339 874 7
339 897 4
339 955 4
340 341 8
340 436 2
340 465 4
340 503 8
340 541 7
340 581 3
340 591 4
340 595 2
340 755 8
340 756 5
340 772 5
340 773 6
340 821 1
340 899 8
340 950 1
340 951 4
341 365 5
341 394 6
341 412 7
341 417 1
341 450 4
341 462 5
341 493 3
341 497 3
341 527 9
341 562 4
341 572 3
341 584 10
341 596 1
341 628 3
341 698 5
341 739 6
341 833 9
341 880 1
341 896 7
341 924 6
341 927 5
342 419 5
342 454 2
342 466 7
342 473 6
342 515 7
342 579 8
342 624 6
342 674 3
342 684 9
342 709 7
342 726 10
342 733 6
342 775 2
342 898 4
342 905 8
342 928 2
342 957 8
343 350 1
343 355 8
343 356 3
343 370 8
343 407 9
343 413 4
343 429 7
343 462 4
343 489 8
343 494 9
343 496 6
343 506 1
343 570 10
343 608 7
343 663 2
343 780 1
343 795 9
343 814 10
343 855 7
343 881 10
343 886 8
343 891 3
343 908 7
343 969 6
343 971 6
344 391 9
344 395 8
344 412 5
344 479 2
344 485 2
344 519 2
344 549 5
344 555 2
344 596 3
344 622 10
344 633 1
344 651 10
344 669 9
344 670 10
344 687 6
344 703 9
344 704 1
344 755 6
344 804 10
344 846 4
344 851 6
344 891 3
344 945 10
344 973 10
344 999 8
345 354 3
345 364 3
345 489 3
345 497 8
345 521 8
345 538 10
345 548 8
345 564 6
345 571 8
345 605 4
345 648 4
345 746 4
345 841 9
345 850 2
345 937 2
345 980 10
345 996 5
346 506 3
346 522 8
346 563 8
346 564 7
346 594 10
346 618 3
346 638 10
346 639 2
346 654 7
346 682 2
346 689 5
346 711 8
346 734 4
346 738 8
346 760 9
346 771 10
346 816 3
346 863 8
346 956 9
346 974 9
346 981 3
346 998 4
347 430 9
347 447 10
347 489 1
347 533 8
347 545 3
347 594 9
347 611 5
347 612 5
347 654 2
347 746 8
347 790 9
347 791 4
347 799 8
347 881 9
347 897 1
347 966 6
347 988 10
348 365 9
348 375 5
348 382 8
348 435 6
348 447 9
348 453 1
348 488 7
348 493 4
348 507 2
348 526 7
348 537 5
348 542 1
348 612 9
348 626 10
348 638 3
348 639 4
348 693 5
348 707 6
348 720 8
348 832 6
348 844 2
348 856 8
348 896 5
349 365 7
349 369 5
349 384 10
349 398 5
349 406 2
349 418 5
349 459 6
349 505 8
349 560 5
349 584 2
349 665 1
349 771 7
349 775 9
349 900 9
349 938 2
349 949 7
349 988 5
349 992 6
350 378 6
350 440 3
350 486 5
350 518 9
350 530 4
350 542 4
350 545 4
350 638 9
350 648 3
350 689 2
350 716 8
350 720 4
350 805 5
350 817 10
350 849 3
350 873 3
350 897 10
351 364 4
351 370 5
351 459 3
351 500 7
351 525 4
351 559 9
351 575 8
351 578 6
351 604 7
351 614 2
351 626 10
351 750 4
351 752 8
351 888 4
351 913 7
351 968 4
351 973 6
352 385 10
352 417 6
352 419 8
352 464 4
352 471 1
352 502 4
352 527 7
352 606 9
352 640 4
352 672 3
352 691 10
352 748 10
352 783 4
352 795 1
352 820 5
352 826 7
352 836 8
352 869 2
352 880 5
352 886 5
352 938 2
352 975 1
353 427 4
353 459 8
353 469 6
353 490 6
353 510 6
353 552 9
353 560 10
353 585 6
353 599 8
353 611 7
353 613 5
353 614 10
353 616 3
353 622 10
353 643 8
353 675 8
353 738 10
353 774 2
353 787 3
353 904 9
353 906 7
353 975 6
354 435 2
354 462 5
354 528 2
354 529 10
354 540 6
354 577 1
354 688 8
354 781 5
354 783 3
354 925 9
354 947 6
354 956 2
355 383 4
355 407 2
355 413 8
355 489 2
355 497 9
355 580 3
355 686 9
355 713 2
355 734 3
355 763 6
355 820 7
355 840 7
355 842 10
355 860 9
355 912 4
355 914 6
355 933 9
355 954 5
356 394 8
356 580 3
356 617 3
356 649 3
356 652 7
356 655 1
356 780 4
356 824 7
356 854 7
356 861 2
356 903 1
356 942 10
356 999 2
357 384 5
357 431 7
357 435 3
357 494 6
357 509 2
357 516 8
357 634 10
357 665 10
357 730 5
357 770 1
357 856 6
357 898 8
357 903 10
358 390 10
358 396 7
358 466 7
358 475 4
358 511 6
358 537 8
358 539 2
358 542 4
358 546 9
358 567 5
358 587 9
358 669 10
358 709 9
358 716 7
358 770 10
358 788 1
358 810 10
358 829 3
358 870 7
358 912 2
358 920 7
358 991 2
359 420 8
359 429 10
359 554 6
359 555 8
359 559 9
359 574 7
359 590 3
359 624 2
359 634 3
359 658 8
359 713 1
359 837 7
359 869 1
359 913 10
359 921 1
359 946 2
359 965 10
359 971 1
359 985 7
360 400 4
360 434 8
360 441 10
360 528 8
360 558 3
360 597 7
360 598 4
360 607 6
360 635 7
360 680 10
360 725 2
360 760 5
360 802 5
360 842 8
360 860 5
360 929 7
360 948 10
360 969 9
360 994 8
361 381 8
361 400 7
361 454 8
361 462 2
361 502 2
361 541 8
361 577 6
361 602 5
361 610 2
361 616 3
361 655 6
361 705 8
361 724 1
361 776 3
361 927 2
361 931 6
361 965 6
361 990 2
362 502 10
362 565 7
362 627 5
362 636 2
362 682 3
362 770 1
362 782 2
362 840 5
362 859 1
362 871 10
362 875 4
362 909 5
362 954 4
362 977 7
362 982 10
362 996 1
363 487 1
363 661 2
363 679 6
363 685 2
363 709 3
363 741 7
363 877 4
363 920 4
364 377 9
364 382 7
364 447 5
364 452 2
364 461 5
364 512 1
364 538 8
364 548 2
364 560 4
364 563 8
364 582 9
364 593 4
364 601 2
364 656 2
364 688 6
364 810 7
364 814 6
364 833 9
364 836 7
364 838 4
364 961 4
365 392 5
365 426 4
365 444 8
365 446 1
365 548 9
365 550 3
365 554 9
365 559 7
365 594 10
365 631 7
365 642 6
365 660 7
365 703 7
365 733 7
365 768 10
365 787 8
365 816 5
365 901 7
365 989 6
366 443 2
366 494 8
366 504 2
366 535 4
366 539 7
366 587 7
366 617 6
366 632 7
366 658 5
366 662 10
366 718 6
366 777 2
366 809 9
366 860 6
366 882 6
366 931 7
367 403 10
367 666 3
367 740 3
367 809 6
367 819 4
367 828 6
367 854 6
367 862 7
367 962 7
367 970 5
368 377 6
368 496 6
368 520 5
368 528 1
368 570 7
368 586 1
368 609 3
368 614 8
368 687 1
368 816 10
368 826 10
368 846 8
368 878 9
368 898 8
368 913 10
368 981 1
368 986 6
368 997 1
368 998 1
369 409 3
369 433 10
369 567 7
369 589 9
369 614 7
369 653 1
369 677 5
369 691 1
369 694 2
369 705 6
369 716 6
369 736 2
369 738 6
369 759 2
369 781 7
369 818 5
369 908 1
369 934 9
369 966 5
369 996 1
369 999 3
370 386 9
370 409 4
370 415 2
370 419 6
370 479 6
370 514 7
370 571 4
370 587 6
370 632 10
370 645 10
370 670 2
370 671 1
370 766 7
370 887 2
370 918 9
370 949 8
370 997 9
371 384 4
371 403 4
371 468 10
371 472 1
371 473 1
371 492 8
371 506 4
371 564 4
371 577 2
371 647 3
371 650 4
371 664 8
371 694 5
371 703 9
371 806 10
371 828 6
371 851 5
371 879 10
371 912 10
371 936 5
371 939 1
371 956 5
371 993 2
372 382 8
372 425 3
372 462 8
372 494 7
372 518 2
372 522 7
372 527 1
372 581 7
372 585 6
372 602 10
372 644 1
372 697 8
372 708 6
372 762 2
372 817 10
372 819 1
372 834 2
372 853 6
372 914 9
372 915 3
372 920 5
372 933 8
372 939 4
372 972 6
373 381 7
373 398 8
373 456 8
373 460 4
373 466 10
373 480 5
373 512 10
373 540 8
373 634 9
373 680 7
373 693 9
373 730 8
373 737 2
373 741 9
373 766 6
373 809 9
373 888 7
373 891 3
373 921 8
373 923 10
373 932 2
373 963 5
374 375 7
374 385 1
374 436 8
374 448 10
374 464 2
374 470 4
374 525 8
374 597 6
374 598 8
374 614 10
374 617 9
374 629 9
374 676 1
374 709 1
374 777 7
374 794 8
374 807 4
374 810 8
374 836 3
374 859 7
374 878 6
374 885 5
374 888 1
374 968 3
374 980 3
374 981 7
375 376 1
375 386 1
375 435 8
375 485 5
375 574 4
375 596 8
375 610 1
375 643 9
375 662 9
375 674 4
375 723 10
375 729 10
375 731 3
375 748 6
375 792 8
375 829 6
375 881 5
375 934 8
375 959 6
375 972 5
375 975 10
375 984 3
375 992 7
376 389 1
376 399 10
376 417 1
376 427 2
376 444 9
376 487 4
376 493 8
376 517 9
376 524 1
376 604 9
376 654 8
376 677 3
376 697 9
376 717 7
376 802 2
376 828 10
376 931 10
376 975 10
376 979 9
376 994 3
377 386 4
377 398 4
377 464 2
377 500 10
377 531 10
377 546 3
377 551 2
377 564 3
377 581 9
377 584 10
377 615 9
377 658 9
377 675 8
377 678 5
377 682 2
377 684 6
377 747 7
377 789 3
377 821 10
377 844 9
377 946 2
377 955 3
377 970 3
377 973 6
378 383 3
378 405 8
378 415 8
378 450 9
378 452 8
378 461 4
378 469 3
378 484 4
378 485 7
378 494 2
378 515 2
378 531 6
378 562 7
378 566 8
378 608 9
378 610 4
378 659 8
378 661 5
378 673 9
378 707 8
378 727 10
378 811 7
378 856 9
378 915 7
378 933 9
378 937 5
378 950 3
378 969 2
378 995 1
379 408 2
379 410 1
379 477 3
379 591 1
379 623 10
379 641 4
379 661 2
379 702 1
379 736 1
379 745 7
379 814 7
379 865 7
379 870 5
379 904 4
379 940 9
379 993 10
380 403 1
380 405 9
380 467 7
380 479 1
380 613 6
380 670 5
380 685 8
380 715 7
380 725 9
380 744 7
380 766 2
380 841 4
380 874 8
380 923 10
380 929 7
380 934 10
380 951 2
380 969 7
380 987 6
381 391 6
381 420 7
381 422 5
381 429 5
381 445 8
381 474 1
381 476 9
381 481 10
381 547 7
381 586 7
381 616 7
381 635 3
381 663 7
381 665 9
381 680 8
381 747 10
381 793 9
381 795 10
381 824 3
381 827 2
381 831 10
381 839 8
381 864 4
381 895 1
381 907 1
381 943 6
381 954 9
382 429 3
382 440 5
382 522 3
382 541 8
382 542 6
382 592 3
382 605 4
382 686 1
382 692 4
382 748 6
382 760 8
382 770 7
382 782 2
382 970 3
382 983 9
383 389 2
383 400 2
383 410 9
383 436 6
383 463 4
383 512 6
383 564 4
383 566 3
383 590 4
383 639 6
383 648 8
383 659 1
383 739 5
383 817 7
383 855 4
383 892 6
383 902 9
383 919 8
383 934 5
383 953 6
383 981 3
383 994 8
384 405 1
384 437 4
384 439 3
384 501 4
384 509 2
384 532 4
384 614 8
384 663 3
384 689 5
384 738 2
384 749 1
384 829 6
384 870 7
384 901 6
384 965 5
384 977 9
384 998 7
385 432 7
385 436 5
385 506 4
385 557 5
385 593 5
385 599 6
385 688 9
385 715 4
385 809 3
385 901 7
385 973 7
385 977 10
386 417 6
386 436 1
386 498 3
386 505 2
386 525 2
386 608 6
386 625 1
386 634 3
386 676 3
386 733 10
386 745 9
386 747 10
386 811 2
386 842 10
386 850 8
386 916 1
386 955 6
386 956 8
386 976 5
387 416 3
387 418 8
387 445 5
387 463 3
387 526 1
387 531 5
387 541 3
387 546 10
387 549 2
387 561 10
387 565 7
387 575 5
387 605 4
387 608 4
387 724 7
387 769 8
387 782 7
387 797 7
387 802 4
387 829 8
387 877 10
388 393 3
388 418 2
388 423 8
388 447 1
388 533 6
388 585 2
388 661 7
388 662 5
388 700 5
388 730 8
388 787 9
388 803 8
388 860 10
388 888 4
388 900 8
388 920 10
388 937 10
388 974 6
389 399 4
389 434 9
389 435 1
389 656 1
389 668 4
389 708 7
389 787 1
389 842 2
389 904 2
389 907 5
389 919 8
389 991 9
390 433 10
390 525 4
390 644 3
390 667 3
390 696 4
390 700 5
390 763 7
390 764 4
390 777 7
390 784 1
390 821 3
390 849 6
390 877 2
390 885 4
390 934 9
390 966 8
390 989 8
391 438 3
391 478 7
391 486 3
391 500 4
391 511 9
391 540 5
391 594 1
391 661 1
391 679 5
391 682 1
391 732 7
391 820 6
391 821 5
391 871 2
391 970 8
392 424 7
392 470 3
392 505 10
392 541 10
392 582 8
392 590 4
392 652 6
392 658 9
392 726 3
392 727 4
392 740 5
392 905 3
392 906 10
392 938 1
392 984 6
393 510 7
393 568 8
393 575 5
393 645 5
393 647 7
393 684 9
393 740 6
393 766 9
393 784 4
393 875 7
393 890 3
393 911 10
393 975 5
393 996 4
394 433 6
394 459 5
394 471 10
394 492 8
394 497 5
394 509 2
394 543 9
394 560 6
394 573 5
394 579 2
394 611 7
394 619 8
394 639 5
394 649 1
394 673 1
394 691 10
394 704 4
394 705 6
394 727 8
394 788 10
394 885 10
394 962 2
394 966 6
394 984 2
395 458 8
395 482 4
395 485 1
395 500 3
395 536 7
395 540 8
395 574 1
395 578 7
395 589 9
395 626 9
395 652 7
395 690 2
395 699 9
395 801 9
395 824 4
395 908 5
395 946 6
395 984 9
396 420 10
396 440 8
396 470 9
396 560 6
396 588 5
396 601 4
396 647 9
396 706 10
396 784 8
396 804 3
396 808 5
396 822 10
396 894 6
396 897 9
396 916 1
396 932 6
396 989 8
397 433 5
397 524 3
397 554 10
397 557 3
397 597 6
397 648 1
397 718 5
397 720 4
397 727 9
397 792 5
397 863 8
397 948 7
398 419 2
398 442 3
398 487 4
398 518 9
398 541 1
398 589 6
398 592 10
398 626 5
398 674 3
398 714 6
398 770 9
398 810 4
398 924 4
398 933 9
398 971 4
398 972 1
399 427 8
399 432 3
399 442 6
399 443 5
399 462 5
399 464 1
399 579 8
399 591 1
399 690 4
399 701 10
399 712 4
399 717 6
399 751 4
399 769 8
399 788 2
399 794 4
399 803 2
399 804 6
399 858 9
399 865 7
399 916 1
399 938 2
399 944 8
399 963 3
399 964 2
399 995 10
400 409 9
400 427 5
400 437 1
400 457 2
400 578 4
400 581 9
400 611 2
400 670 10
400 701 6
400 718 10
400 732 1
400 783 3
400 787 10
400 803 5
400 804 4
400 826 1
400 833 3
400 834 9
400 872 10
400 883 9
400 906 2
400 968 7
400 974 1
400 980 10
400 999 7
401 427 6
401 526 1
401 557 7
401 574 4
401 611 5
401 618 1
401 649 6
401 752 3
401 765 4
401 776 5
401 783 8
401 862 4
401 880 4
401 888 7
401 912 7
401 919 9
401 942 8
401 943 4
401 949 1
401 956 2
402 445 7
402 450 1
402 493 3
402 517 4
402 523 7
402 589 5
402 600 9
402 666 5
402 670 5
402 713 7
402 760 5
402 764 5
402 789 6
402 925 6
402 951 6
402 959 4
402 981 10
403 412 7
403 435 5
403 467 3
403 572 5
403 587 9
403 651 8
403 762 1
403 776 10
403 780 10
403 846 2
403 849 6
404 479 7
404 484 9
404 581 4
404 620 9
404 641 9
404 733 8
404 762 5
404 783 4
404 881 3
404 899 1
404 918 10
404 921 6
404 936 1
404 943 2
404 956 3
405 432 1
405 573 10
405 596 9
405 607 9
405 609 1
405 615 6
405 641 10
405 651 1
405 707 4
405 753 4
405 762 1
405 820 8
405 832 3
405 860 9
405 873 1
405 915 7
405 935 6
406 438 10
406 536 5
406 544 8
406 554 10
406 603 6
406 608 2
406 696 6
406 699 5
406 700 1
406 710 7
406 729 2
406 774 3
406 807 9
406 955 8
406 961 10
406 970 3
407 456 8
407 460 3
407 464 2
407 465 5
407 471 10
407 486 8
407 494 4
407 501 1
407 521 5
407 536 5
407 578 9
407 670 8
407 678 8
407 709 2
407 722 10
407 761 5
407 772 6
407 789 1
407 809 4
407 818 7
407 823 3
407 839 5
407 864 4
407 919 8
407 995 9
407 997 3
408 484 9
408 512 7
408 580 7
408 595 5
408 606 6
408 620 10
408 700 6
408 748 4
408 876 3
408 928 8
409 412 8
409 429 6
409 575 7
409 598 10
409 646 4
409 717 9
409 763 10
409 780 10
409 827 2
409 855 5
409 857 7
409 863 3
409 969 10
409 985 3
409 990 5
410 444 7
410 456 9
410 524 1
410 538 2
410 546 7
410 565 4
410 588 8
410 611 5
410 612 4
410 613 9
410 621 10
410 663 4
410 666 3
410 682 6
410 743 3
410 775 2
410 778 4
410 790 3
410 835 10
410 852 9
410 860 6
410 910 8
410 936 7
410 949 8
411 424 1
411 435 2
411 483 9
411 511 4
411 563 6
411 573 8
411 612 1
411 615 10
411 625 9
411 690 10
411 698 9
411 699 8
411 743 10
411 746 4
411 773 6
411 810 10
411 841 6
411 854 1
411 906 8
411 915 6
412 422 3
412 454 9
412 663 4
412 669 8
412 688 5
412 727 1
412 746 10
412 801 4
412 809 9
412 815 9
412 862 5
412 978 9
412 986 7
413 431 2
413 479 2
413 511 6
413 524 4
413 526 6
413 551 3
413 559 5
413 672 9
413 685 9
413 763 5
413 797 4
413 818 7
413 824 9
413 908 9
413 955 5
413 981 6
414 443 1
414 449 3
414 461 2
414 469 9
414 501 7
414 530 6
414 539 2
414 558 3
414 574 7
414 698 3
414 747 3
414 753 4
414 756 6
414 766 10
414 801 3
414 860 9
414 911 3
414 967 3
414 988 3
415 518 3
415 547 10
415 555 3
415 576 3
415 605 1
415 612 4
415 627 7
415 688 9
415 693 8
415 708 2
415 829 5
415 864 2
415 899 3
415 930 6
415 939 5
416 433 9
416 444 7
416 445 9
416 484 3
416 507 6
416 529 5
416 586 5
416 625 6
416 649 4
416 675 8
416 709 9
416 742 7
416 754 5
416 766 6
416 803 3
416 809 9
416 825 6
416 905 2
417 444 8
417 447 3
417 451 4
417 480 10
417 509 8
417 525 6
417 583 5
417 647 7
417 751 10
417 775 8
417 801 3
417 861 2
417 883 3
417 954 3
417 977 3
417 987 1
418 506 9
418 517 3
418 548 4
418 612 7
418 668 7
418 751 9
418 767 8
418 789 7
418 816 8
418 823 8
418 891 10
418 898 4
418 921 7
418 947 2
418 976 4
419 421 5
419 529 3
419 537 6
419 558 8
419 565 8
419 601 10
419 778 4
419 838 5
419 884 5
419 887 4
419 891 10
419 922 2
419 931 3
420 448 5
420 541 9
420 550 4
420 553 5
420 568 3
420 591 9
420 597 7
420 629 6
420 670 8
420 690 6
420 764 10
420 776 8
420 781 8
420 810 2
420 862 9
420 876 5
420 878 1
420 880 1
420 961 3
421 484 1
421 547 4
421 550 8
421 599 9
421 615 5
421 653 6
421 775 2
421 784 5
421 835 10
421 884 6
421 890 5
421 903 5
421 919 3
421 922 3
421 951 1
421 965 8
421 970 3
421 979 8
421 982 10
422 471 9
422 504 2
422 525 9
422 551 3
422 677 7
422 691 4
422 698 8
422 703 3
422 731 1
422 765 1
422 784 4
422 828 5
422 888 4
422 902 2
422 953 3
422 967 4
422 992 3
423 430 3
423 436 9
423 447 6
423 456 3
423 492 2
423 521 6
423 545 10
423 652 10
423 683 4
423 729 10
423 735 8
423 745 4
423 762 5
423 799 6
423 833 1
423 914 1
423 918 3
423 919 7
423 969 8
424 539 7
424 568 4
424 605 10
424 651 1
424 653 5
424 691 1
424 703 9
424 796 7
424 839 1
424 894 10
424 996 6
425 433 2
425 472 3
425 518 9
425 550 5
425 587 9
425 730 7
425 739 2
425 781 9
425 839 3
425 879 6
425 915 7
425 981 5
426 449 4
426 559 8
426 649 10
426 650 5
426 670 7
426 683 3
426 693 4
426 724 1
426 725 2
426 775 2
426 781 10
426 794 2
426 804 10
426 809 10
426 819 10
426 845 7
426 900 8
426 908 9
426 946 4
426 962 6
426 975 2
427 433 3
427 476 1
427 515 6
427 528 10
427 536 2
427 566 3
427 595 10
427 637 1
427 649 4
427 656 4
427 674 5
427 676 8
427 728 1
427 763 2
427 779 1
427 785 1
427 791 6
427 806 2
427 813 1
427 908 5
427 918 8
427 920 10
427 959 6
428 446 10
428 461 10
428 476 6
428 499 2
428 627 4
428 655 8
428 673 8
428 676 9
428 706 1
428 707 8
428 720 6
428 765 2
428 951 3
428 963 10
428 979 5
429 435 9
429 443 7
429 514 1
429 535 10
429 593 10
429 598 2
429 633 9
429 635 6
429 638 6
429 659 6
429 681 7
429 690 7
429 701 7
429 814 2
429 844 5
429 860 5
429 861 9
429 880 5
429 901 3
429 956 1
430 431 6
430 457 7
430 458 5
430 461 3
430 471 6
430 472 10
430 489 4
430 564 9
430 580 10
430 588 9
430 649 2
430 664 1
430 666 4
430 709 6
430 718 8
430 737 2
430 779 6
430 795 2
430 824 10
430 886 6
430 896 10
430 902 2
430 910 6
431 444 2
431 474 8
431 482 10
431 514 2
431 563 3
431 585 4
431 619 4
431 729 1
431 798 8
431 847 4
431 869 5
431 879 8
431 897 4
431 917 10
431 950 4
431 951 8
431 986 3
432 490 1
432 500 10
432 507 1
432 511 8
432 652 10
432 655 8
432 659 1
432 700 5
432 748 4
432 770 1
432 817 3
432 876 9
432 931 3
432 947 6
433 488 6
433 494 8
433 506 6
433 537 1
433 563 5
433 605 10
433 610 10
433 688 10
433 692 8
433 707 4
433 719 5
433 734 7
433 824 6
433 837 9
433 903 7
433 904 5
433 938 2
434 466 10
434 584 7
434 628 8
434 657 9
434 716 8
434 719 4
434 747 3
434 763 8
434 821 7
434 838 5
434 847 10
434 867 4
434 889 5
434 918 9
434 951 5
434 985 5
434 990 8
435 491 1
435 492 5
435 509 3
435 525 9
435 581 7
435 604 3
435 616 2
435 631 3
435 638 8
435 639 7
435 649 6
435 669 3
435 694 9
435 713 10
435 743 5
435 751 7
435 822 10
435 839 9
435 862 6
435 867 2
435 872 5
435 880 10
435 935 4
435 962 7
436 492 1
436 628 3
436 640 6
436 654 5
436 681 7
436 706 1
436 755 5
436 769 6
436 802 6
436 803 5
436 833 2
436 834 3
436 866 10
436 882 3
436 886 3
436 897 1
436 903 4
436 941 8
436 993 10
437 516 5
437 558 10
437 560 8
437 569 1
437 620 3
437 659 9
437 685 2
437 752 3
437 801 8
437 849 10
437 878 2
437 888 2
437 911 6
437 996 10
438 525 10
438 552 2
438 558 1
438 590 8
438 648 8
438 659 1
438 701 9
438 711 1
438 730 7
438 771 7
438 938 5
438 943 4
438 959 10
438 964 8
438 992 1
439 492 6
439 499 4
439 520 10
439 612 2
439 663 10
439 684 2
439 685 4
439 693 9
439 718 9
439 752 9
439 781 10
439 813 10
439 844 8
439 871 6
439 934 8
440 471 9
440 483 2
440 508 7
440 729 10
440 756 7
440 773 9
440 796 10
440 799 1
440 923 9
440 961 8
441 447 1
441 570 9
441 613 1
441 680 2
441 719 9
441 756 8
441 768 10
441 839 8
441 868 2
441 970 1
442 476 6
442 530 1
442 598 8
442 657 3
442 666 9
442 683 5
442 748 4
442 749 1
442 831 1
442 832 3
442 876 3
442 877 9
442 879 6
442 936 9
442 951 9
442 973 4
443 447 8
443 492 10
443 515 1
443 593 6
443 628 8
443 662 1
443 666 6
443 671 5
443 701 7
443 740 9
443 745 1
443 746 3
443 761 8
443 776 9
443 793 4
443 821 1
443 918 1
443 928 10
443 948 8
443 983 5
444 498 9
444 517 2
444 537 8
444 612 9
444 629 6
444 657 5
444 662 5
444 675 7
444 678 5
444 695 1
444 784 7
444 796 8
444 852 6
444 865 3
444 883 10
444 902 2
444 934 9
444 945 1
444 997 5
445 469 2
445 492 6
445 509 8
445 536 10
445 631 3
445 651 4
445 770 5
445 778 9
445 797 3
445 803 8
445 829 5
445 848 2
445 858 8
445 859 9
445 876 1
445 974 8
446 457 6
446 503 9
446 541 10
446 565 5
446 623 10
446 633 1
446 642 8
446 668 4
446 708 5
446 775 3
446 779 5
446 809 1
446 823 8
446 885 10
446 972 8
446 990 10
447 448 4
447 467 7
447 507 1
447 533 3
447 636 1
447 645 1
447 646 8
447 650 10
447 666 1
447 693 3
447 734 6
447 797 4
447 842 6
447 863 6
447 883 4
447 919 6
447 973 5
447 991 4
448 492 10
448 510 5
448 511 3
448 543 3
448 552 10
448 567 3
448 679 7
448 752 6
448 819 7
448 855 2
448 870 6
448 904 4
448 912 9
448 928 3
449 462 2
449 491 6
449 521 10
449 528 7
449 536 4
449 541 2
449 563 3
449 586 5
449 617 1
449 628 6
449 733 10
449 818 8
449 877 4
449 907 1
449 913 2
449 937 1
449 939 10
449 951 10
449 958 5
450 479 7
450 491 6
450 493 3
450 495 1
450 564 3
450 620 2
450 635 10
450 672 7
450 724 5
450 748 5
450 749 3
450 812 5
450 892 4
450 938 2
451 471 7
451 519 2
451 562 10
451 606 3
451 654 8
451 708 7
451 733 6
451 748 2
451 768 6
451 786 8
451 789 9
451 829 8
451 840 8
451 883 7
451 949 5
451 981 10
452 508 10
452 515 8
452 516 7
452 521 10
452 528 2
452 541 6
452 597 7
452 621 1
452 625 4
452 634 5
452 642 3
452 681 6
452 742 6
452 821 2
452 872 1
452 910 4
452 927 3
452 931 10
452 949 3
452 969 9
453 485 5
453 526 4
453 566 7
453 588 8
453 721 10
453 727 6
453 759 9
453 773 1
453 786 7
453 792 10
453 841 8
453 939 9
453 964 6
454 490 10
454 506 7
454 511 1
454 543 5
454 551 10
454 558 9
454 580 7
454 638 5
454 649 8
454 657 7
454 875 7
454 929 9
454 944 8
454 957 1
455 456 10
455 477 9
455 491 4
455 494 2
455 510 10
455 568 9
455 620 1
455 657 10
455 686 1
455 696 3
455 698 7
455 758 3
455 798 8
455 805 6
455 821 10
455 864 7
455 878 10
455 894 4
455 896 10
455 905 7
456 457 7
456 480 2
456 499 3
456 501 9
456 507 4
456 511 4
456 532 2
456 570 2
456 576 8
456 586 8
456 610 10
456 636 2
456 694 1
456 722 5
456 733 5
456 739 5
456 842 3
456 848 7
456 856 3
456 864 6
456 883 8
456 929 5
456 957 1
456 996 1
457 474 8
457 542 7
457 566 4
457 640 9
457 674 10
457 677 7
457 691 7
457 718 7
457 762 7
457 785 3
457 818 7
457 890 6
457 906 10
457 953 3
458 475 9
458 529 1
458 546 3
458 551 10
458 632 6
458 782 1
458 818 4
458 865 3
458 869 2
458 920 10
458 961 6
458 964 9
458 989 8
459 466 1
459 486 8
459 559 1
459 588 7
459 635 10
459 693 9
459 697 1
459 729 5
459 734 1
459 756 9
459 769 1
459 776 3
459 809 10
459 869 1
459 992 2
460 471 6
460 602 2
460 620 5
460 643 4
460 644 7
460 699 3
460 761 4
460 772 4
460 775 3
460 805 9
460 833 5
460 845 3
460 853 6
460 876 6
460 884 5
460 915 9
460 935 1
461 467 8
461 520 6
461 624 4
461 634 4
461 683 1
461 741 2
461 803 6
461 846 4
461 911 9
461 926 8
461 992 10
462 464 3
462 509 2
462 563 6
462 567 1
462 594 3
462 620 9
462 650 2
462 652 9
462 691 5
462 728 6
462 742 9
462 782 6
462 807 8
462 839 1
462 845 2
462 868 3
462 888 7
462 904 1
462 924 5
462 950 9
462 958 1
462 965 9
462 970 3
462 979 10
463 490 6
463 512 6
463 520 5
463 535 2
463 536 5
463 545 10
463 586 10
463 604 6
463 606 8
463 645 8
463 654 2
463 666 8
463 892 2
463 902 6
464 478 5
464 482 10
464 545 4
464 589 5
464 593 1
464 603 1
464 645 4
464 658 4
464 685 9
464 731 4
464 753 3
464 772 10
464 812 5
464 827 3
464 841 2
464 889 6
464 900 9
464 920 7
464 921 3
464 953 4
464 956 8
464 988 1
464 992 5
465 537 3
465 540 5
465 651 4
465 701 5
465 707 3
465 719 1
465 820 5
465 824 8
465 924 7
465 949 10
465 954 6
466 474 7
466 496 4
466 522 7
466 535 3
466 554 1
466 564 3
466 567 4
466 642 2
466 659 1
466 660 6
466 675 9
466 759 9
466 903 3
466 982 5
466 988 9
466 998 3
467 529 3
467 599 2
467 612 10
467 660 3
467 721 6
467 752 3
467 782 6
467 815 3
467 851 8
467 927 8
467 954 9
468 480 1
468 545 10
468 558 10
468 635 2
468 685 2
468 690 2
468 693 4
468 713 2
468 719 10
468 742 1
468 751 9
468 792 4
468 800 4
468 808 6
468 852 9
468 856 5
468 864 4
468 874 2
468 903 6
468 931 7
468 935 1
468 980 2
468 982 7
469 501 10
469 517 6
469 555 1
469 612 5
469 622 2
469 638 1
469 643 10
469 646 3
469 749 9
469 793 7
469 812 10
469 867 8
469 892 2
469 936 4
469 971 8
470 475 3
470 504 4
470 551 9
470 578 2
470 604 9
470 654 2
470 687 4
470 689 7
470 723 3
470 738 10
470 775 6
470 780 9
470 792 8
470 795 7
470 804 3
470 813 7
470 841 4
470 849 9
470 855 6
470 864 4
470 869 1
470 900 4
470 914 1
470 959 10
470 981 2
470 999 9
471 474 4
471 513 6
471 515 2
471 528 3
471 531 1
471 555 7
471 558 8
471 594 10
471 635 3
471 696 9
471 711 4
471 725 1
471 742 10
471 745 10
471 790 1
471 869 8
471 972 5
472 513 9
472 547 3
472 570 2
472 602 4
472 655 7
472 680 5
472 693 8
472 723 7
472 728 7
472 786 6
472 795 3
472 800 8
472 841 9
472 851 9
472 861 7
472 905 5
472 942 1
472 945 10
473 523 2
473 648 1
473 656 7
473 751 4
473 775 3
473 783 5
473 824 8
473 827 8
473 902 10
473 920 7
473 922 7
473 930 10
473 944 1
473 985 2
474 542 1
474 556 8
474 570 3
474 590 1
474 595 9
474 615 6
474 639 8
474 666 5
474 671 10
474 683 1
474 701 3
474 702 1
474 750 8
474 782 1
474 801 10
474 807 9
474 817 2
474 834 10
474 898 6
474 919 1
474 995 3
475 506 5
475 559 3
475 563 7
475 582 4
475 607 4
475 686 2
475 691 2
475 769 4
475 775 3
475 791 8
475 806 10
475 843 9
475 852 9
475 890 4
475 894 1
475 922 3
476 477 5
476 533 4
476 572 7
476 583 7
476 598 6
476 624 4
476 637 8
476 678 10
476 737 1
476 757 4
476 759 5
476 768 4
476 801 10
476 858 7
476 887 2
476 892 5
476 910 4
476 915 3
476 991 1
477 569 3
477 575 2
477 577 2
477 592 4
477 739 9
477 751 7
477 758 9
477 784 3
477 800 4
477 831 10
477 864 5
477 922 2
478 482 8
478 545 1
478 593 9
478 602 9
478 643 2
478 661 9
478 672 9
478 691 4
478 729 3
478 801 7
478 841 6
478 858 6
478 883 4
478 901 2
478 967 5
478 996 10
479 512 8
479 520 7
479 585 4
479 664 5
479 705 5
479 742 6
479 776 5
479 848 8
479 872 6
479 935 8
480 686 8
480 687 10
480 725 2
480 773 3
480 805 2
480 845 10
480 858 3
480 890 5
480 898 10
480 967 3
480 999 10
481 495 8
481 506 3
481 556 2
481 595 7
481 620 7
481 670 9
481 708 1
481 871 1
481 894 3
481 903 6
481 908 1
481 932 1
482 520 6
482 560 7
482 566 9
482 615 8
482 629 9
482 675 1
482 691 10
482 751 4
482 780 6
482 805 5
482 912 8
482 921 5
482 932 7
482 943 1
482 977 3
482 995 2
483 488 10
483 493 8
483 511 7
483 536 10
483 557 2
483 607 10
483 621 8
483 639 6
483 650 2
483 655 4
483 707 1
483 711 10
483 720 7
483 721 6
483 815 8
483 826 1
483 856 10
483 881 2
483 913 3
483 963 10
483 968 10
483 977 5
484 500 8
484 504 1
484 507 2
484 531 9
484 632 9
484 654 2
484 661 10
484 671 4
484 675 5
484 682 9
484 686 7
484 705 7
484 761 8
484 770 8
484 834 9
484 874 9
484 964 1
484 994 10
485 566 9
485 613 2
485 661 9
485 681 10
485 683 7
485 722 10
485 742 6
485 768 7
485 787 6
485 797 5
485 798 4
485 815 6
485 836 2
485 848 8
485 869 8
485 872 10
485 940 8
485 942 5
485 965 9
485 992 5
485 996 4
486 542 5
486 603 1
486 650 8
486 688 8
486 736 1
486 759 3
486 841 8
486 862 7
486 921 5
486 927 7
486 944 2
486 996 4
487 491 3
487 539 1
487 542 3
487 581 1
487 609 9
487 622 1
487 683 9
487 779 7
487 907 2
487 909 7
488 524 1
488 652 10
488 667 2
488 673 2
488 689 9
488 719 1
488 722 8
488 744 1
488 762 7
488 806 10
488 865 8
488 881 7
488 916 4
488 931 1
488 976 6
489 526 3
489 602 1
489 636 9
489 641 2
489 644 1
489 689 10
489 765 9
489 790 5
489 792 3
489 842 9
489 847 5
489 854 1
489 861 4
489 892 1
489 914 1
489 928 9
489 932 3
489 936 5
489 948 2
489 968 7
489 976 2
489 993 6
490 497 5
490 519 3
490 565 10
490 618 6
490 633 1
490 667 9
490 681 7
490 685 2
490 717 1
490 736 5
490 770 5
490 783 1
490 784 9
491 576 8
491 604 8
491 661 5
491 791 9
491 816 1
491 841 3
491 850 8
491 884 1
491 920 4
491 940 6
491 998 8
492 493 6
492 502 6
492 513 7
492 624 4
492 627 1
492 664 8
492 723 7
492 746 9
492 850 2
492 901 5
492 952 10
492 955 2
493 611 6
493 620 9
493 667 6
493 710 7
493 739 1
493 817 8
493 878 8
493 997 6
494 496 9
494 506 6
494 521 4
494 579 6
494 637 10
494 665 9
494 702 8
494 717 10
494 771 3
494 788 1
494 795 9
494 806 1
494 819 4
494 847 5
494 918 10
494 992 6
495 535 1
495 563 1
495 589 8
495 598 10
495 621 8
495 623 6
495 725 7
495 727 6
495 753 7
495 826 8
495 845 8
495 859 3
495 865 7
495 886 8
495 890 3
495 986 1
495 997 2
496 506 2
496 529 8
496 562 4
496 576 10
496 610 7
496 625 4
496 648 10
496 652 4
496 675 1
496 683 3
496 690 1
496 749 3
496 795 8
496 814 6
496 824 7
496 851 3
496 876 4
496 879 4
496 943 6
496 952 3
496 957 9
496 986 2
496 999 6
497 526 3
497 571 10
497 582 5
497 620 10
497 621 5
497 729 5
497 734 3
497 746 7
497 787 8
497 799 9
497 809 4
497 864 1
497 877 6
497 905 5
497 947 10
498 528 7
498 593 8
498 620 5
498 668 4
498 702 9
498 749 1
498 762 2
498 816 7
498 829 1
498 831 10
498 837 5
498 865 5
498 900 2
498 958 9
498 960 3
498 962 2
499 502 5
499 538 6
499 576 5
499 654 4
499 656 2
499 670 3
499 757 2
499 761 5
499 832 5
499 851 4
499 929 4
499 956 7
500 532 9
500 612 1
500 618 8
500 646 3
500 668 10
500 684 10
500 742 5
500 777 10
500 794 10
500 806 1
500 867 5
500 889 3
500 925 3
500 931 2
500 981 6
501 519 9
501 665 7
501 676 10
501 799 3
501 815 10
501 873 3
501 898 6
501 927 2
501 989 3
502 504 4
502 532 9
502 539 8
502 598 5
502 608 8
502 628 9
502 716 6
502 807 3
502 825 2
502 828 9
502 833 5
502 834 3
502 836 6
502 837 1
502 853 8
502 856 7
502 877 6
502 895 6
502 906 10
502 908 1
502 978 3
502 979 7
502 982 6
502 988 9
503 505 7
503 527 10
503 555 4
503 576 6
503 581 8
503 608 3
503 638 9
503 668 3
503 749 1
503 798 1
503 803 10
503 821 3
503 845 8
503 849 5
503 904 10
503 905 8
503 906 3
503 938 6
503 961 8
503 986 6
504 516 1
504 529 8
504 628 8
504 635 2
504 728 8
504 775 6
504 778 5
504 788 6
504 792 8
504 840 1
504 898 1
504 954 3
505 516 6
505 525 4
505 659 10
505 726 1
505 751 6
505 847 10
505 870 2
505 980 6
506 508 5
506 536 3
506 546 5
506 562 2
506 594 8
506 638 2
506 662 5
506 725 6
506 729 9
506 761 9
506 764 6
506 783 3
506 793 6
506 797 8
506 872 5
506 894 9
506 926 1
506 931 5
507 512 7
507 534 10
507 547 8
507 567 8
507 743 8
507 755 5
507 756 9
507 766 3
507 769 4
507 878 9
507 946 7
508 573 3
508 589 5
508 651 3
508 670 10
508 677 6
508 698 9
508 753 5
508 762 9
508 793 8
508 797 10
508 886 9
508 922 1
508 933 4
508 967 6
508 977 6
508 978 9
509 513 1
509 584 6
509 600 10
509 649 1
509 669 10
509 717 9
509 728 5
509 761 10
509 806 1
509 866 7
509 911 10
509 931 5
509 981 8
509 991 10
510 521 1
510 600 3
510 610 3
510 653 7
510 699 3
510 700 1
510 702 2
510 736 1
510 738 3
510 771 6
510 773 9
510 778 6
510 786 8
510 793 5
510 800 9
510 889 3
510 920 10
510 922 5
510 955 1
511 518 1
511 535 10
511 543 7
511 633 8
511 644 4
511 650 2
511 676 4
511 720 6
511 738 7
511 752 7
511 761 10
511 924 2
512 545 4
512 558 5
512 603 4
512 658 4
512 727 1
512 737 1
512 787 8
512 816 2
512 830 6
512 860 7
512 871 6
512 902 9
512 963 6
512 975 1
513 617 10
513 691 3
513 732 9
513 733 2
513 739 1
513 796 9
513 857 3
513 917 1
513 919 6
513 930 4
513 939 9
513 976 8
513 994 2
514 581 8
514 582 3
514 613 4
514 646 6
514 650 9
514 673 10
514 705 4
514 714 4
514 765 3
514 825 7
514 902 2
515 564 10
515 636 1
515 637 10
515 645 1
515 679 2
515 715 9
515 733 5
515 819 9
515 821 8
515 860 9
515 864 5
515 879 10
516 535 7
516 540 9
516 553 3
516 564 3
516 566 7
516 571 10
516 639 4
516 700 7
516 774 6
516 841 1
516 866 5
516 930 2
516 947 9
516 981 2
516 985 1
517 542 2
517 622 7
517 664 4
517 674 10
517 719 8
517 740 6
517 782 3
517 799 7
517 813 6
517 815 6
517 827 8
517 844 5
517 887 6
517 901 3
517 944 8
518 552 6
518 706 8
518 748 8
518 851 3
518 948 4
518 982 6
518 992 8
519 592 1
519 599 2
519 605 5
519 635 7
519 639 9
519 707 6
519 721 1
519 724 8
519 783 5
519 833 9
519 840 6
519 884 9
519 919 9
519 936 1
519 971 6
519 976 1
520 536 7
520 542 4
520 609 8
520 666 8
520 677 5
520 712 4
520 728 7
520 729 8
520 731 2
520 778 3
520 781 5
520 848 4
520 894 4
520 914 1
520 935 1
520 995 1
520 997 5
520 999 1
521 523 7
521 527 3
521 533 4
521 600 6
521 623 2
521 648 9
521 711 10
521 720 9
521 736 3
521 827 4
521 840 3
521 903 4
521 995 5
522 654 1
522 725 1
522 734 3
522 868 2
522 905 10
522 930 7
522 947 8
522 957 10
522 974 8
522 983 1
523 529 6
523 563 6
523 586 9
523 594 7
523 595 4
523 611 4
523 680 4
523 685 9
523 687 9
523 780 3
523 802 3
523 842 2
523 853 2
523 861 8
523 869 3
523 906 6
523 915 2
523 925 6
524 538 1
524 548 3
524 589 1
524 641 10
524 642 1
524 663 9
524 690 9
524 692 5
524 772 3
524 787 4
524 814 6
524 830 10
524 906 5
524 972 4
524 987 6
525 552 4
525 572 2
525 602 9
525 664 10
525 689 5
525 694 1
525 721 7
525 752 2
525 791 4
525 820 10
525 899 10
525 957 7
525 973 9
526 610 8
526 641 5
526 653 4
526 662 4
526 691 3
526 692 3
526 719 7
526 722 7
526 763 8
526 782 2
526 786 5
526 791 10
526 803 1
526 830 2
526 871 2
526 915 4
526 991 5
526 998 6
527 550 10
527 573 7
527 592 10
527 628 9
527 734 3
527 747 8
527 826 6
527 846 1
527 869 8
527 872 3
527 907 9
527 917 5
527 935 6
527 941 1
527 954 10
528 579 8
528 597 2
528 620 2
528 680 8
528 706 1
528 741 6
528 761 7
528 787 6
528 791 6
528 823 6
528 870 5
528 912 10
528 931 7
528 950 2
529 533 10
529 538 1
529 566 6
529 572 8
529 578 4
529 629 5
529 639 10
529 688 10
529 755 6
529 759 8
529 860 3
529 894 9
529 895 8
529 914 4
529 918 4
529 929 6
529 940 5
530 565 10
530 582 9
530 639 6
530 707 6
530 735 5
530 756 8
530 757 5
530 761 10
530 774 5
530 838 5
530 914 6
530 991 7
531 621 5
531 792 6
531 809 4
531 899 1
531 918 2
531 988 4
532 546 8
532 568 3
532 604 7
532 611 8
532 618 5
532 634 3
532 659 2
532 700 4
532 776 1
532 782 5
532 804 4
532 810 10
532 818 9
532 824 5
532 918 7
533 573 7
533 790 1
533 819 9
533 857 7
533 871 5
533 952 3
533 958 10
533 975 7
534 627 3
534 639 9
534 660 6
534 670 2
534 690 3
534 695 4
534 745 7
534 746 1
534 816 10
534 838 6
534 934 3
534 958 4
535 559 8
535 595 9
535 684 7
535 691 5
535 696 7
535 717 7
535 725 8
535 739 3
535 870 1
535 877 9
535 924 2
535 933 1
535 970 7
536 544 4
536 627 9
536 629 6
536 653 6
536 658 10
536 783 1
536 809 7
536 833 10
536 848 5
536 865 7
536 882 5
536 964 7
537 549 9
537 560 3
537 582 4
537 593 5
537 712 4
537 748 7
537 759 3
537 773 9
537 898 4
537 913 7
537 945 2
537 946 8
537 947 8
537 957 9
537 975 4
537 980 6
537 994 9
538 554 3
538 566 7
538 570 9
538 574 6
538 645 1
538 655 1
538 664 6
538 805 1
538 815 1
538 879 1
538 900 5
538 914 4
538 969 8
539 540 5
539 560 9
539 564 10
539 565 1
539 659 5
539 730 3
539 738 10
539 827 1
539 883 3
539 890 7
539 891 9
539 910 9
539 946 4
540 553 2
540 644 5
540 659 3
540 730 10
540 751 2
540 763 1
540 764 6
540 781 7
540 918 3
540 941 1
540 954 1
541 572 10
541 598 8
541 623 7
541 686 4
541 708 8
541 816 7
541 832 5
541 857 6
541 872 3
541 887 1
541 888 5
541 931 5
541 939 9
541 945 7
541 991 6
542 552 7
542 605 6
542 655 2
542 711 6
542 718 8
542 735 7
542 748 5
542 760 3
542 803 9
542 825 7
542 851 8
542 855 9
542 858 6
542 863 8
542 914 5
542 959 10
542 973 6
543 564 6
543 571 5
543 610 10
543 620 3
543 630 6
543 672 7
543 673 9
543 688 1
543 738 6
543 739 2
543 742 5
543 775 5
543 777 9
543 809 1
543 965 4
544 549 5
544 554 8
544 570 5
544 611 1
544 628 2
544 727 1
544 795 3
544 800 8
544 807 2
544 828 1
544 852 6
544 857 6
544 882 3
544 939 2
544 957 7
544 993 1
545 585 10
545 604 1
545 671 9
545 742 9
545 762 3
545 777 2
545 786 5
545 812 2
545 855 7
545 909 4
545 929 1
546 646 8
546 731 4
546 750 4
546 772 7
546 929 6
547 561 4
547 569 10
547 606 8
547 685 2
547 729 10
547 736 1
547 796 8
547 812 6
547 855 7
547 904 5
547 945 1
547 955 1
547 958 1
547 963 8
548 563 9
548 590 5
548 612 7
548 624 4
548 649 3
548 706 8
548 880 8
548 891 5
548 980 10
548 984 7
549 584 4
549 637 3
549 638 4
549 654 4
549 657 3
549 697 1
549 718 5
549 732 9
549 766 5
549 786 8
549 890 7
549 912 3
550 558 3
550 613 6
550 723 2
550 741 10
550 749 10
550 760 9
550 849 8
550 865 6
550 874 10
550 876 3
550 916 4
550 931 2
550 934 4
550 948 9
551 571 5
551 633 4
551 644 1
551 657 6
551 699 6
551 704 10
551 709 2
551 746 3
551 783 8
551 809 3
551 935 10
551 943 4
551 949 5
551 975 1
551 989 1
552 590 2
552 608 2
552 712 9
552 747 2
552 884 9
552 893 9
552 933 4
552 948 1
552 971 1
553 615 2
553 620 5
553 650 1
553 652 1
553 716 9
553 750 8
553 772 7
553 785 7
553 917 7
553 928 8
553 936 8
553 990 3
554 577 10
554 579 1
554 674 9
554 676 3
554 799 1
554 824 9
554 837 5
554 864 8
554 882 9
554 912 3
554 918 1
554 974 7
554 999 1
555 616 7
555 650 8
555 672 2
555 741 3
555 767 4
555 846 10
555 895 3
555 937 5
555 977 5
556 561 9
556 583 3
556 597 8
556 605 2
556 606 1
556 621 9
556 630 9
556 636 7
556 702 4
556 727 8
556 728 4
556 759 2
556 810 9
556 823 4
556 868 5
556 881 1
556 922 1
556 930 10
556 934 6
556 967 1
557 563 7
557 652 3
557 679 8
557 702 4
557 714 8
557 735 2
557 762 4
557 780 3
557 802 2
557 868 1
557 889 6
557 908 8
557 922 3
557 931 4
557 944 10
557 981 7
557 998 9
558 565 4
558 566 4
558 615 8
558 627 2
558 678 4
558 701 6
558 757 7
558 774 10
558 818 2
558 854 8
558 910 6
558 938 1
558 967 4
559 560 3
559 660 7
559 679 2
559 720 1
559 739 7
559 742 9
559 885 7
559 938 1
559 941 6
559 943 8
559 995 5
560 588 2
560 675 9
560 724 10
560 766 5
560 787 4
560 809 8
560 813 8
560 824 5
560 841 5
560 856 4
560 893 3
560 912 3
560 928 7
560 968 10
561 568 7
561 590 7
561 634 7
561 651 1
561 730 8
561 780 2
561 786 6
561 799 10
561 808 4
561 814 7
561 860 5
561 898 7
561 974 9
562 590 6
562 666 3
562 724 5
562 753 9
562 806 10
562 881 1
562 938 8
562 967 3
562 980 9
563 571 5
563 580 1
563 613 1
563 635 6
563 649 3
563 663 1
563 742 3
563 875 9
563 900 7
563 902 1
563 922 5
563 955 9
563 967 7
564 578 3
564 601 10
564 666 4
564 720 2
564 722 9
564 725 2
564 765 6
564 771 3
564 795 7
564 798 4
564 814 6
564 828 4
564 846 3
564 847 4
564 913 8
564 973 6
565 760 4
565 770 2
565 797 2
565 798 1
565 815 3
565 831 4
565 901 1
566 669 1
566 674 10
566 678 8
566 710 9
566 754 3
566 759 8
566 834 7
566 836 3
566 849 5
566 850 2
566 867 10
566 917 6
566 918 6
566 943 9
566 968 4
566 987 1
567 597 5
567 612 8
567 615 9
567 801 2
567 829 3
567 885 9
567 887 3
567 900 1
568 615 2
568 619 1
568 640 9
568 762 9
568 851 1
568 904 6
568 936 2
568 976 8
568 987 8
568 998 5
569 588 9
569 660 9
569 677 4
569 687 4
569 719 7
569 762 1
569 781 7
569 790 3
569 805 10
569 810 3
569 822 4
569 826 8
569 835 5
569 863 10
569 890 5
569 926 5
569 946 1
569 949 7
569 994 8
569 999 9
570 662 2
570 672 1
570 673 2
570 681 7
570 771 3
570 851 4
570 947 1
570 960 7
570 967 2
570 990 6
571 672 1
571 674 5
571 703 7
571 725 9
571 750 2
571 762 1
571 829 6
571 961 6
572 589 5
572 601 7
572 652 10
572 680 8
572 685 9
572 712 2
572 713 10
572 719 6
572 755 3
572 826 5
572 841 1
572 895 2
572 942 9
572 944 3
572 952 10
572 953 5
572 982 10
573 593 7
573 621 4
573 678 2
573 700 2
573 707 5
573 756 4
573 777 7
573 787 1
573 828 10
573 929 5
574 592 4
574 732 5
574 736 10
574 746 3
574 826 5
574 836 9
574 877 4
574 882 9
574 895 5
575 581 5
575 617 10
575 623 6
575 699 7
575 785 4
575 799 5
575 854 7
575 874 10
575 881 10
575 937 2
575 950 8
575 967 1
575 985 6
576 595 4
576 673 10
576 794 3
576 797 10
576 842 10
576 897 8
576 953 10
577 591 9
577 597 6
577 639 5
577 681 3
577 706 10
577 724 1
577 764 7
577 785 1
577 827 2
577 856 3
577 870 8
577 906 2
577 919 4
577 963 4
578 638 4
578 642 6
578 675 4
578 744 6
578 775 3
578 808 9
578 832 5
578 845 8
578 884 8
578 965 5
578 969 7
579 580 2
579 638 7
579 650 9
579 708 7
579 749 1
579 774 9
579 977 2
579 995 3
580 581 6
580 604 7
580 606 7
580 608 10
580 661 8
580 735 6
580 806 6
580 849 10
580 876 9
580 923 8
580 968 6
581 602 8
581 680 9
581 745 7
581 771 9
581 777 8
581 783 9
581 822 2
581 865 2
581 871 7
581 881 10
581 958 1
582 587 4
582 623 10
582 644 4
582 651 9
582 698 3
582 711 3
582 721 1
582 722 9
582 731 6
582 753 8
582 823 7
582 896 9
582 937 3
583 596 3
583 609 8
583 614 3
583 633 7
583 636 10
583 645 3
583 651 7
583 686 5
583 695 3
583 764 10
583 781 5
583 935 4
583 966 7
583 982 8
583 994 1
584 620 1
584 630 7
584 708 2
584 748 2
584 803 1
584 863 10
584 865 9
584 867 10
584 904 8
584 984 4
585 624 5
585 632 8
585 653 5
585 714 3
585 728 4
585 733 8
585 765 10
585 770 3
585 797 9
585 838 2
585 840 2
585 867 3
585 925 5
585 995 5
586 613 4
586 683 9
586 699 2
586 720 5
586 801 8
586 846 3
586 856 8
586 883 6
586 898 6
586 917 9
586 995 8
587 603 4
587 627 4
587 634 2
587 638 7
587 651 1
587 654 9
587 695 2
587 705 3
587 717 7
587 760 1
587 768 4
587 804 5
587 811 3
587 830 10
587 873 6
587 900 7
587 910 1
587 943 6
588 603 7
588 663 3
588 692 5
588 745 4
588 767 4
588 877 7
588 879 3
588 889 7
588 897 9
588 937 5
588 959 8
588 965 9
588 967 5
589 620 7
589 641 5
589 692 2
589 751 5
589 821 10
589 846 9
589 851 8
589 915 3
589 929 9
590 602 9
590 604 9
590 624 10
590 683 7
590 749 10
590 773 1
590 822 8
590 833 7
590 857 7
590 874 1
590 962 10
590 971 4
591 601 6
591 667 1
591 679 1
591 682 10
591 683 2
591 684 6
591 751 1
591 756 9
591 765 7
591 790 9
591 800 9
591 872 5
591 881 10
591 884 7
591 893 8
591 895 6
591 903 10
591 917 1
591 924 2
591 945 3
591 956 3
591 987 4
592 689 8
592 693 5
592 751 2
592 780 6
592 823 2
592 865 10
592 884 4
592 910 10
592 942 7
592 986 7
592 989 2
592 997 4
593 624 3
593 639 1
593 656 8
593 701 2
593 711 9
593 715 2
593 737 4
593 776 2
593 789 2
593 821 4
593 863 2
593 868 7
593 971 8
593 985 5
594 619 10
594 644 8
594 747 5
594 751 8
594 784 3
594 847 3
594 853 2
594 862 8
594 930 8
594 965 6
594 976 8
594 980 9
595 603 2
595 618 3
595 635 4
595 641 10
595 647 6
595 650 5
595 715 10
595 778 7
595 812 5
595 833 8
595 869 5
595 885 9
595 887 8
595 907 5
595 928 7
595 951 10
595 955 5
596 605 3
596 618 1
596 752 3
596 757 7
596 796 7
596 800 4
596 806 10
596 845 4
596 887 2
596 923 9
596 942 6
596 952 8
596 958 3
596 985 5
597 620 10
597 635 1
597 644 7
597 657 7
597 671 8
597 702 4
597 738 3
597 754 10
597 757 1
597 793 4
597 826 5
597 842 9
597 867 7
597 904 10
597 907 9
597 909 5
597 927 5
597 931 1
597 970 8
597 971 8
598 663 6
598 670 3
598 688 7
598 735 6
598 748 8
598 760 4
598 810 3
598 816 6
598 914 7
598 929 9
598 955 4
599 626 6
599 638 9
599 681 6
599 682 8
599 756 4
599 771 8
599 829 9
599 904 5
599 917 5
599 926 1
599 940 4
599 974 4
599 994 5
600 602 3
600 620 4
600 636 2
600 660 2
600 680 5
600 723 1
600 839 4
600 915 5
600 920 8
600 929 7
600 952 6
601 639 5
601 720 4
601 731 7
601 742 2
601 773 6
601 780 5
601 791 3
601 794 10
601 815 3
601 836 9
601 899 7
601 912 3
601 916 6
601 923 1
601 937 6
601 958 10
601 970 6
601 998 10
602 664 4
602 699 8
602 821 3
602 852 9
602 855 10
602 931 8
602 934 3
603 670 4
603 672 7
603 681 7
603 714 5
603 748 8
603 781 4
603 799 9
603 829 8
603 882 6
603 893 8
603 959 9
604 638 4
604 664 5
604 832 2
604 838 7
604 854 9
604 876 2
604 894 7
604 896 6
604 903 7
605 641 8
605 646 7
605 671 3
605 683 1
605 716 8
605 741 1
605 805 9
605 808 6
605 874 1
605 884 10
605 928 4
605 938 4
605 944 2
605 972 4
606 641 8
606 642 4
606 681 3
606 726 4
606 733 10
606 809 10
606 847 10
606 954 1
607 658 7
607 687 2
607 722 3
607 738 8
607 782 4
607 792 9
608 615 8
608 679 1
608 681 2
608 707 7
608 718 10
608 739 3
608 796 6
608 804 1
608 816 4
608 829 5
608 858 6
608 893 4
608 952 10
608 955 8
609 614 2
609 657 10
609 708 9
609 747 2
609 758 5
609 966 3
609 973 4
609 994 10
610 614 9
610 643 7
610 740 4
610 798 7
610 828 9
610 832 2
610 833 6
610 863 5
610 879 1
610 899 1
610 906 2
610 912 10
610 930 3
610 932 7
610 942 7
610 946 6
610 961 3
610 969 10
611 618 6
611 628 7
611 638 1
611 648 3
611 671 2
611 703 3
611 713 5
611 733 3
611 834 7
611 853 5
611 882 9
611 907 2
611 918 5
611 942 6
611 973 2
612 705 4
612 710 10
612 717 2
612 795 5
612 819 2
612 862 9
612 924 9
613 707 4
613 750 2
613 758 10
613 798 5
613 834 9
613 876 5
613 895 8
614 629 8
614 634 1
614 636 6
614 649 6
614 674 3
614 686 9
614 771 4
614 845 4
614 856 4
614 890 2
614 907 9
614 908 8
614 913 4
614 935 9
614 965 7
614 971 5
614 977 3
614 999 10
615 622 3
615 647 4
615 715 9
615 764 5
615 873 5
615 888 9
615 998 3
616 624 8
616 636 4
616 645 6
616 678 1
616 757 2
616 764 5
616 781 2
616 805 10
616 814 8
616 818 2
616 948 7
616 967 10
616 976 1
617 630 7
617 722 5
617 758 8
617 806 3
617 826 9
617 837 1
617 849 1
617 932 3
617 985 5
617 996 4
618 627 8
618 663 1
618 672 1
618 680 3
618 684 10
618 686 8
618 747 7
618 764 1
618 780 2
618 788 8
618 870 7
618 889 1
618 892 1
618 917 1
618 972 6
618 989 3
619 656 2
619 757 5
619 822 7
619 947 10
619 967 10
619 980 3
619 988 4
620 674 3
620 702 3
620 740 1
620 812 3
620 840 7
620 927 10
620 940 5
620 951 2
620 959 7
620 974 1
621 624 3
621 661 8
621 704 6
621 731 8
621 771 10
621 776 6
621 782 9
621 862 2
621 932 10
621 945 4
622 635 10
622 698 2
622 735 1
622 737 3
622 764 9
622 803 5
622 827 3
622 847 6
622 856 5
622 904 1
622 936 3
622 988 8
622 997 8
623 829 1
623 854 3
623 904 10
623 905 7
623 909 6
623 926 7
623 938 6
623 962 8
623 984 10
624 636 10
624 649 9
624 692 7
624 695 10
624 745 4
624 747 3
624 763 8
624 766 6
624 773 4
624 782 2
624 789 6
624 828 5
624 834 2
624 860 7
624 895 10
624 923 6
624 960 2
625 639 4
625 676 7
625 692 3
625 771 7
625 777 8
625 824 9
625 850 10
625 916 8
625 918 9
625 932 7
626 666 3
626 669 2
626 674 7
626 695 7
626 711 7
626 738 9
626 800 7
626 888 2
626 928 10
626 930 3
626 932 10
626 963 8
626 980 9
627 691 7
627 755 2
627 788 2
627 793 6
627 798 8
627 800 5
627 830 10
627 844 10
627 866 4
627 897 5
627 903 8
627 907 7
627 912 7
627 929 5
627 972 9
628 647 2
628 669 8
628 671 8
628 678 9
628 782 9
628 797 5
628 823 10
628 824 9
628 860 3
628 869 6
628 906 10
628 908 1
628 986 10
629 761 4
629 789 6
629 801 10
629 889 8
629 915 2
629 951 1
629 993 10
630 683 9
630 699 3
630 758 10
630 799 9
630 848 7
630 859 8
630 987 5
631 713 8
631 722 5
631 796 3
631 803 4
631 876 3
631 890 6
631 900 8
631 915 2
631 930 10
631 944 1
631 986 5
631 997 6
632 742 3
632 784 4
632 796 4
632 843 6
632 852 6
632 877 1
632 954 3
632 982 10
633 691 7
633 723 9
633 803 4
633 881 9
633 882 1
633 899 9
633 989 10
633 997 3
634 655 3
634 662 9
634 685 8
634 709 3
634 728 7
634 742 6
634 849 9
634 899 8
634 906 1
634 941 7
634 956 5
634 992 6
635 644 9
635 666 2
635 694 1
635 700 9
635 702 5
635 726 5
635 746 10
635 793 5
635 820 6
635 860 8
635 885 6
635 916 6
635 924 6
635 975 1
635 996 2
636 641 8
636 642 8
636 726 1
636 730 3
636 738 1
636 760 8
636 769 9
636 800 6
636 811 6
636 819 9
636 861 3
636 866 5
636 871 3
636 879 2
636 957 8
636 964 1
636 976 5
637 654 10
637 667 9
637 671 2
637 695 3
637 707 10
637 717 10
637 753 6
637 762 6
637 864 2
637 879 10
637 889 5
637 946 9
637 954 4
638 646 10
638 662 4
638 704 5
638 766 3
638 787 5
638 896 3
638 898 7
638 943 9
638 979 8
638 999 3
639 663 8
639 732 5
639 770 2
639 790 7
639 844 5
639 909 10
639 917 2
639 920 4
639 976 7
639 989 9
640 694 4
640 715 9
640 723 8
640 724 7
640 755 5
640 779 8
640 781 2
640 797 6
640 854 9
640 858 4
640 893 7
640 990 3
640 994 6
641 711 7
641 754 7
641 780 9
641 839 6
641 867 4
641 930 4
641 948 5
641 951 7
641 974 5
642 652 9
642 725 9
642 777 9
642 787 3
642 897 2
642 927 5
642 939 2
642 965 7
643 693 8
643 706 5
643 748 7
643 771 10
643 796 3
643 878 6
643 970 5
643 978 5
643 985 1
644 649 8
644 664 4
644 738 3
644 755 6
644 799 8
644 882 2
644 902 1
644 909 4
644 953 8
644 992 1
645 674 3
645 686 6
645 697 10
645 785 7
645 803 9
645 847 10
645 950 7
645 962 9
645 965 1
646 674 6
646 697 2
646 716 4
646 772 9
646 790 4
646 817 5
646 822 2
646 837 4
646 855 9
646 865 4
646 884 7
646 936 8
646 990 2
647 652 3
647 676 2
647 753 2
647 820 7
647 881 10
647 896 2
647 933 6
647 968 9
647 980 8
647 994 9
647 995 7
648 661 5
648 693 5
648 694 9
648 768 8
648 772 4
648 830 2
648 855 2
648 876 7
648 917 1
648 920 5
648 943 7
648 957 1
648 981 2
649 687 5
649 740 2
649 770 4
649 789 7
649 833 8
649 858 7
649 859 10
649 867 2
649 883 6
649 910 8
649 911 8
649 930 8
649 964 10
649 970 8
649 999 9
650 669 9
650 679 3
650 685 6
650 759 4
650 786 6
650 799 7
650 858 5
650 906 4
650 988 10
651 669 3
651 716 6
651 741 5
651 789 2
651 878 6
651 908 7
651 932 1
651 935 8
651 955 2
651 987 9
651 995 8
652 678 10
652 682 7
652 826 1
652 905 3
652 932 5
652 971 5
652 982 6
653 686 1
653 724 8
653 791 2
653 798 2
653 815 9
653 908 4
653 928 3
654 658 9
654 694 3
654 701 8
654 757 5
654 773 10
654 868 3
654 929 2
654 940 5
654 971 9
655 666 7
655 676 6
655 691 7
655 721 9
655 731 3
655 786 4
655 821 5
655 926 5
655 977 8
656 803 5
656 853 7
656 933 1
656 935 8
656 967 5
657 694 7
657 741 6
657 917 7
657 937 3
657 949 1
657 958 5
657 963 5
657 966 10
657 996 8
658 659 7
658 662 8
658 693 3
658 707 6
658 744 9
658 756 1
658 768 9
658 785 4
658 819 2
658 831 3
658 862 4
658 881 5
658 916 8
659 679 3
659 696 5
659 697 9
659 912 3
659 982 3
660 661 10
660 662 1
660 672 4
660 718 8
660 763 4
660 848 3
660 853 2
660 871 8
660 887 2
660 893 9
660 896 9
660 924 1
661 671 8
661 691 3
661 710 10
661 741 3
661 743 7
661 787 7
661 837 2
661 851 5
661 880 10
661 902 5
661 916 10
661 957 7
661 963 2
662 759 9
662 791 8
662 796 4
662 829 9
662 854 1
662 868 7
662 919 4
663 678 8
663 745 6
663 777 1
663 803 9
663 868 9
663 883 10
663 923 2
663 949 7
663 984 2
664 670 9
664 678 6
664 704 2
664 721 9
664 788 8
664 823 9
664 847 7
664 856 9
664 899 6
664 962 2
665 672 8
665 713 3
665 715 2
665 723 7
665 732 7
665 767 4
665 779 10
665 808 4
665 863 2
665 909 7
665 916 1
665 942 2
666 676 10
666 723 6
666 726 3
666 743 6
666 816 9
666 843 3
666 853 6
666 908 6
666 939 1
666 947 2
666 976 4
666 988 9
666 993 1
667 677 10
667 689 8
667 691 9
667 777 1
667 820 5
667 827 10
667 839 7
667 886 5
667 902 1
667 906 1
667 916 2
667 959 10
667 962 4
667 969 4
667 985 1
667 994 4
668 730 2
668 783 1
668 793 2
668 801 10
668 869 2
668 880 9
668 942 2
669 676 4
669 756 8
669 834 5
669 863 6
669 912 2
669 934 9
670 713 6
670 758 10
670 809 5
670 842 2
670 869 9
670 880 6
670 898 1
670 924 10
670 999 8
671 732 8
671 802 5
671 817 9
671 826 5
671 888 6
671 948 6
671 968 1
671 979 1
672 725 8
672 762 1
672 806 9
672 852 6
672 893 6
672 923 5
672 936 4
672 938 4
672 955 2
672 976 6
672 978 3
673 698 7
673 707 3
673 749 7
673 789 3
673 843 4
673 846 7
673 881 10
673 946 7
673 966 3
674 698 9
674 746 7
674 748 8
674 749 6
674 786 8
674 787 3
674 837 5
674 959 10
674 964 4
674 970 9
675 676 6
675 693 8
675 734 9
675 788 5
675 798 2
675 812 1
675 824 1
675 890 7
675 915 8
676 697 6
676 703 7
676 825 10
676 846 3
676 894 9
676 904 4
676 927 4
676 981 6
677 689 9
677 774 5
677 785 1
677 790 6
677 844 5
677 858 7
677 874 8
677 881 9
677 914 4
677 936 5
677 996 7
678 683 7
678 684 5
678 751 7
678 761 9
678 806 4
678 846 1
678 871 10
678 886 7
678 889 1
678 909 5
678 938 6
678 966 6
678 995 3
679 790 2
679 812 3
679 838 4
679 898 7
679 907 7
679 966 1
680 717 8
680 733 5
680 738 2
680 783 1
680 825 3
680 828 3
680 861 9
680 912 5
680 953 10
680 957 4
681 720 4
681 734 7
681 743 7
681 746 8
681 748 1
681 793 9
681 849 7
681 865 6
681 897 3
681 962 5
682 747 3
682 776 3
682 823 9
682 830 10
682 861 4
682 878 4
682 893 8
682 902 7
682 904 7
682 936 2
682 969 9
683 689 1
683 762 5
683 766 1
683 788 9
683 824 8
683 870 4
683 940 9
683 969 5
683 997 1
684 699 6
684 732 4
684 864 1
684 953 6
685 742 6
685 772 8
685 783 5
685 880 9
685 911 4
685 957 6
685 965 4
685 989 7
686 860 5
686 868 5
686 881 8
686 914 2
686 940 3
686 972 1
687 688 1
687 756 10
687 766 6
687 809 8
687 889 9
687 922 9
687 926 3
687 943 8
687 965 8
687 987 4
688 710 2
688 731 5
688 836 3
688 849 5
688 855 1
688 957 10
689 787 2
689 858 2
689 861 8
689 870 4
689 885 4
689 961 4
689 964 6
689 981 3
689 992 3
690 717 2
690 741 4
690 756 7
690 767 3
690 781 10
690 837 5
690 852 8
690 883 1
690 905 7
690 908 5
690 910 9
690 944 4
690 981 2
691 694 2
691 751 6
691 774 3
691 784 9
691 801 2
691 804 4
691 848 4
691 881 10
691 898 4
691 900 10
692 693 3
692 700 3
692 722 3
692 733 2
692 770 8
692 818 10
692 844 7
692 872 3
692 886 6
692 888 4
692 916 1
692 947 2
692 961 8
692 977 6
693 697 6
693 726 2
693 727 6
693 782 5
693 796 9
693 832 8
693 841 2
693 880 10
693 926 5
693 950 4
694 709 2
694 716 5
694 768 5
694 819 10
694 868 2
694 870 1
694 877 9
694 894 10
694 932 6
694 955 10
695 702 6
695 735 10
695 765 10
695 862 10
695 876 5
695 884 8
695 947 9
695 996 4
696 742 1
696 833 3
696 867 7
696 932 9
696 950 1
697 698 9
697 736 4
697 751 9
697 773 2
697 789 2
697 826 3
697 830 2
697 841 4
697 864 1
697 891 8
697 923 7
697 938 8
697 982 4
698 700 7
698 720 9
698 731 8
698 747 8
698 748 4
698 781 5
698 814 8
698 827 10
698 836 3
698 872 3
698 912 5
698 938 1
698 946 3
699 703 8
699 776 9
699 798 8
699 801 7
699 821 6
699 939 7
699 956 3
699 981 9
699 986 1
700 744 5
700 745 10
700 754 3
700 784 6
700 802 6
700 809 2
700 873 4
700 973 2
700 985 3
701 706 3
701 721 6
701 767 6
701 808 4
701 812 5
701 819 5
701 838 1
701 880 5
701 884 2
701 888 5
701 932 4
701 950 8
701 969 7
702 712 7
702 729 9
702 740 8
702 766 6
702 789 8
702 793 2
702 806 4
702 889 6
702 892 8
702 895 10
703 704 6
703 757 6
703 784 2
703 811 5
703 832 9
703 888 4
703 893 4
703 900 1
703 911 7
703 920 4
703 951 7
704 747 3
704 749 3
704 763 6
704 773 5
704 780 9
704 790 5
704 810 5
704 838 4
704 845 5
704 907 9
704 932 2
705 724 1
705 735 2
705 745 8
705 764 6
705 788 4
705 866 8
705 878 9
705 906 3
705 955 7
705 966 2
705 971 6
706 735 8
706 747 4
706 778 3
706 818 7
706 853 5
706 859 7
706 862 9
706 921 7
706 962 10
707 730 1
707 809 1
707 834 2
707 849 5
707 873 1
707 889 10
707 896 4
708 760 3
708 763 5
708 770 1
708 790 5
708 807 7
708 828 1
708 843 5
708 888 1
708 890 6
708 896 3
708 903 10
708 907 9
708 909 9
708 941 10
708 943 7
708 998 5
709 763 7
709 767 8
709 779 7
709 829 4
709 856 1
709 907 8
709 943 1
709 953 7
709 962 3
709 990 1
710 809 9
710 868 5
710 871 4
710 883 3
710 931 5
710 946 2
710 951 6
710 959 4
710 969 10
711 722 8
711 734 7
711 753 4
711 759 1
711 769 3
711 859 2
711 878 3
711 937 9
711 954 4
711 987 3
711 990 8
712 731 6
712 775 2
712 776 9
712 786 4
712 852 8
712 884 9
712 896 4
712 897 10
712 950 1
712 966 4
713 742 9
713 761 10
713 780 1
713 782 6
713 806 9
713 851 7
713 866 7
713 896 7
713 905 9
713 973 9
714 788 9
714 790 1
714 853 4
714 864 9
714 892 2
714 897 10
714 956 3
715 757 8
715 806 2
715 821 4
715 856 3
715 920 6
715 933 7
715 944 1
715 953 10
716 717 7
716 720 8
716 758 9
716 792 2
716 829 4
716 833 7
716 873 6
716 910 9
716 925 1
716 957 9
716 979 7
717 726 2
717 736 8
717 794 6
717 801 6
717 844 6
717 945 3
717 983 6
718 762 6
718 764 9
718 825 9
718 829 5
718 861 6
718 872 3
719 760 6
719 839 1
719 874 4
719 884 8
719 921 6
719 967 6
719 990 10
719 998 6
720 727 8
720 730 3
720 736 4
720 742 8
720 749 10
720 797 5
720 801 8
720 807 9
720 845 9
720 857 10
720 858 10
720 868 9
720 900 8
720 902 4
720 905 9
720 932 1
721 809 10
721 810 5
721 900 7
721 902 1
721 918 2
722 727 4
722 750 6
722 760 4
722 815 6
722 863 7
722 888 7
722 902 6
722 943 9
722 964 10
723 784 8
723 794 3
723 802 9
723 813 7
723 838 5
723 855 4
723 865 5
723 921 10
723 926 3
724 759 2
724 761 9
724 805 7
724 808 6
724 814 2
724 829 10
724 832 7
724 870 8
724 872 10
724 877 6
724 918 8
724 991 2
725 762 9
725 768 3
725 782 3
725 788 7
725 813 5
725 829 5
725 844 10
725 866 2
725 939 8
725 944 9
725 969 7
726 727 10
726 746 1
726 774 7
726 781 5
726 787 6
726 852 4
726 868 9
726 931 8
727 754 4
727 779 8
727 780 1
727 893 10
727 962 4
727 980 3
727 986 3
728 731 3
728 734 1
728 817 6
728 868 3
728 970 10
729 741 6
729 769 7
729 784 10
729 814 2
729 838 5
729 875 5
729 899 8
729 904 4
729 940 2
730 762 3
730 764 10
730 771 10
730 857 5
730 922 7
730 929 8
730 940 5
730 955 2
731 761 3
731 813 5
731 881 10
731 912 8
731 968 3
732 756 1
732 757 9
732 764 8
732 776 8
732 781 6
732 822 2
732 829 9
732 846 4
732 880 10
732 949 6
732 982 10
733 738 4
733 764 5
733 767 7
733 806 6
733 816 5
733 859 4
733 865 5
733 881 6
733 882 2
733 911 3
733 921 8
733 943 1
733 978 2
733 994 8
734 799 4
734 838 2
734 842 6
734 996 3
735 758 8
735 822 2
735 834 8
735 836 5
735 901 4
735 924 2
735 925 1
735 926 3
735 959 2
736 772 1
736 778 2
736 822 1
736 897 10
736 979 10
737 757 2
737 816 5
737 831 9
737 865 1
737 936 6
737 944 7
738 764 10
738 769 9
738 797 1
738 811 4
738 829 10
738 856 9
738 922 1
738 960 1
738 968 9
738 970 3
738 990 2
739 776 5
739 784 6
739 797 6
739 813 10
739 822 8
739 842 6
739 868 1
739 928 3
739 975 3
739 991 4
740 756 7
740 819 7
740 833 9
740 869 9
740 877 8
741 748 7
741 759 5
741 786 4
741 814 3
741 834 9
741 859 8
741 897 1
741 959 5
742 878 9
742 885 7
742 905 5
742 933 7
742 943 1
743 756 3
743 792 6
743 866 2
743 890 4
743 925 3
743 935 9
744 841 7
744 896 1
744 920 3
744 931 7
744 956 8
744 982 6
745 759 4
745 769 1
745 816 1
745 894 3
745 926 1
746 750 1
746 778 2
746 785 2
746 813 4
746 822 4
746 840 4
746 841 8
746 892 9
746 943 6
746 945 8
746 958 5
746 982 1
747 755 3
747 895 9
747 928 8
747 971 10
748 806 10
748 815 5
748 891 3
748 892 4
748 893 10
748 957 1
748 968 9
749 770 3
749 788 10
749 908 3
749 922 2
749 924 6
749 938 10
749 942 2
749 956 7
749 988 5
750 774 8
750 784 5
750 792 9
750 822 1
750 871 3
750 898 6
750 943 8
751 791 9
751 825 5
751 844 2
751 850 7
751 880 3
751 892 10
751 926 5
751 964 9
752 785 2
752 794 8
752 804 10
752 828 9
752 846 8
752 895 10
752 928 10
752 997 2
753 816 4
753 827 6
753 888 10
753 909 3
753 938 3
753 942 5
753 943 4
753 984 6
754 833 7
754 845 10
754 879 8
754 899 3
754 937 4
754 948 3
754 957 1
755 852 2
755 860 1
755 882 3
755 900 7
755 943 9
755 955 6
756 782 8
756 909 4
756 913 4
756 943 7
756 957 3
756 990 9
757 803 1
757 823 3
757 869 10
757 945 5
757 977 7
758 799 5
758 949 7
758 974 6
758 980 3
759 822 3
759 823 7
759 830 8
759 905 8
759 976 6
759 985 9
760 789 2
760 842 1
760 976 10
760 988 10
761 781 2
761 816 7
761 826 8
761 912 3
761 934 4
761 965 9
762 836 6
762 857 5
762 906 6
762 917 9
762 933 10
762 969 8
762 981 3
763 775 4
763 777 1
763 781 6
763 828 3
763 835 3
763 913 3
763 931 3
763 958 3
763 960 2
764 775 9
764 816 4
764 850 4
764 871 3
764 882 4
764 894 1
764 944 8
764 989 5
765 771 5
765 841 7
765 871 4
765 896 8
765 926 5
765 927 8
765 930 6
765 934 2
765 956 1
765 977 7
765 978 4
766 767 3
766 803 7
766 819 5
766 863 9
766 868 5
766 929 6
767 793 10
767 848 3
767 879 1
767 910 8
767 933 7
767 957 4
767 960 2
767 961 1
767 997 1
768 798 2
768 820 2
768 860 10
768 992 3
769 791 8
769 818 9
769 841 8
769 843 6
770 782 3
770 923 5
770 928 6
770 934 1
770 951 9
770 992 5
771 911 9
771 936 3
772 814 1
772 841 4
772 844 8
772 948 8
773 783 10
773 811 10
773 836 10
773 880 4
773 894 4
773 913 7
773 946 3
773 974 9
773 995 10
774 808 2
774 820 8
774 857 6
774 871 9
774 883 7
774 904 10
774 967 8
774 975 6
775 817 8
775 888 10
775 897 7
775 899 10
775 912 1
776 831 7
776 856 3
776 879 9
776 887 2
776 917 9
776 950 7
776 989 3
777 785 3
777 841 3
777 853 2
777 883 9
777 928 7
777 960 9
777 969 10
778 811 2
778 957 8
778 988 2
779 812 9
779 829 1
779 895 2
779 898 7
780 787 2
780 829 7
780 840 4
780 846 2
780 850 6
780 854 10
780 859 10
780 874 3
780 878 8
780 880 6
780 920 3
780 965 10
781 825 1
781 827 8
781 850 1
781 861 5
781 872 8
781 887 10
781 957 1
781 963 1
781 969 1
781 982 5
782 815 9
782 834 5
782 896 9
782 978 1
783 850 9
783 872 10
783 997 7
783 999 5
784 835 10
784 863 3
784 866 3
784 879 5
784 888 7
784 893 5
784 896 6
784 943 4
784 963 8
785 810 4
785 847 8
785 877 10
785 896 5
785 979 7
785 993 3
786 805 1
786 813 4
786 830 5
786 843 10
786 874 8
786 884 8
786 926 8
786 970 4
786 986 5
786 987 6
787 789 10
787 838 6
787 869 5
787 896 10
787 932 10
787 944 4
787 981 1
788 813 9
788 824 5
788 833 3
788 843 7
788 887 9
788 890 10
789 875 9
789 888 5
789 893 8
789 915 5
789 923 4
789 945 9
789 970 9
789 973 6
790 801 4
790 806 7
790 840 6
790 890 3
790 954 1
791 849 8
791 856 2
791 920 10
791 929 3
791 960 6
792 860 7
792 878 10
792 927 5
792 987 4
793 794 10
793 805 8
793 818 8
793 827 3
793 873 4
793 947 1
793 962 6
793 976 3
793 988 4
794 799 1
794 850 10
794 853 5
794 854 6
794 897 1
794 934 1
794 941 3
794 944 9
794 986 3
795 820 8
795 845 2
795 945 10
795 946 3
795 957 4
796 815 7
796 830 3
796 846 6
796 850 7
796 860 8
796 874 10
796 876 9
796 877 1
796 886 3
796 888 1
796 904 1
796 912 5
796 984 8
797 813 9
797 858 6
797 894 2
797 900 8
797 906 5
797 956 7
797 971 3
798 882 1
798 890 3
798 893 9
798 922 3
798 939 2
798 997 1
799 811 5
799 814 6
799 921 1
799 951 4
800 820 5
800 834 1
800 845 3
800 878 4
800 895 1
800 896 1
800 954 2
801 819 2
801 905 9
801 915 4
801 932 1
801 992 4
802 813 2
802 857 10
802 863 2
803 822 6
803 828 5
803 895 5
803 902 9
803 916 6
803 936 10
803 985 6
803 987 7
804 811 8
804 828 5
804 851 6
804 908 4
804 940 3
804 966 5
805 814 8
805 859 1
805 933 6
805 941 5
805 962 2
805 980 5
806 845 6
806 851 3
806 867 2
806 879 7
806 892 3
806 899 6
806 903 5
806 967 8
807 810 1
807 830 7
807 854 9
807 864 1
807 888 4
807 957 6
807 967 3
808 820 5
808 830 4
808 878 5
808 895 3
808 899 7
808 953 7
808 976 8
808 982 6
809 813 9
809 818 2
809 819 8
809 872 5
809 880 6
809 898 1
809 908 4
809 955 4
810 871 10
810 875 4
810 944 7
810 978 1
810 986 3
811 823 5
811 829 8
811 836 1
811 874 5
811 942 9
811 980 3
812 815 4
812 827 5
812 850 2
812 875 3
812 879 1
812 941 9
813 847 3
813 899 10
813 928 8
813 939 1
813 944 10
813 985 4
814 892 4
814 914 3
814 970 1
815 903 10
815 918 7
815 923 3
815 929 6
815 949 7
815 983 5
816 851 5
816 852 10
816 969 8
816 973 5
816 991 2
817 845 10
817 905 7
817 914 2
818 858 5
818 870 9
818 872 6
818 908 5
818 933 7
818 940 8
818 946 5
818 960 5
818 967 1
818 988 3
819 829 5
819 877 7
819 918 8
820 821 8
820 831 3
820 968 6
821 863 7
821 909 4
821 924 6
821 945 2
821 986 1
821 992 7
822 841 6
822 859 1
822 879 3
822 938 6
822 968 2
822 972 9
822 974 8
822 976 1
823 879 8
823 887 7
823 949 8
823 969 4
823 971 10
824 825 5
824 833 4
824 855 3
824 907 8
824 953 8
824 954 2
824 970 8
824 976 2
824 996 8
825 955 8
825 962 7
825 968 7
825 989 5
826 831 7
826 856 4
826 887 1
826 986 6
827 834 10
827 849 10
827 854 5
828 829 9
828 856 5
828 907 10
828 913 8
828 951 10
829 891 8
829 902 9
829 909 9
829 920 7
829 998 4
830 888 8
830 901 9
830 911 7
830 926 3
830 942 4
830 952 9
830 962 10
830 965 10
831 880 7
831 960 5
831 972 9
832 833 9
832 834 6
832 886 4
832 892 2
832 900 4
832 937 7
832 951 5
832 978 10
832 988 6
833 840 10
833 843 4
833 845 4
833 857 9
833 881 1
833 942 8
833 974 9
833 980 3
834 855 3
834 865 6
834 883 7
834 902 4
834 940 2
834 950 4
834 978 3
834 987 6
834 992 5
835 869 7
835 966 1
835 968 10
835 996 4
836 848 2
836 873 6
836 921 1
836 924 7
836 926 8
836 934 9
836 953 1
836 958 5
836 997 1
837 841 7
837 847 3
837 965 10
837 996 7
838 845 8
838 944 2
838 948 8
838 984 3
839 853 1
839 896 2
839 900 8
839 919 1
839 943 10
839 970 2
839 996 8
840 873 9
840 947 4
840 996 1
840 997 3
841 871 6
841 930 8
841 967 5
841 998 5
842 982 1
842 991 10
843 850 10
844 873 4
844 936 7
845 853 9
845 930 2
845 953 10
845 959 9
846 905 6
846 930 10
846 950 10
846 966 3
846 969 3
846 980 4
847 849 4
847 853 7
847 911 1
847 987 1
847 996 4
848 897 7
848 990 5
849 932 9
849 991 6
850 991 9
851 868 1
851 875 7
851 897 9
851 966 9
851 975 1
852 874 4
852 928 4
852 947 4
852 960 2
852 968 5
852 980 2
853 878 4
853 934 7
853 969 8
853 974 3
853 989 2
854 899 5
854 936 1
854 966 7
855 882 10
855 888 9
855 893 1
855 931 9
855 945 8
855 954 4
855 984 10
856 867 5
856 869 2
856 885 4
856 906 2
856 978 6
856 995 5
857 961 10
857 988 4
858 891 7
858 901 6
858 919 5
858 947 2
858 971 3
858 974 2
858 992 10
859 867 2
859 898 5
859 900 5
859 989 10
860 880 2
860 916 1
860 928 2
860 941 8
860 986 3
861 897 6
861 914 7
861 920 3
861 972 7
861 988 9
862 874 6
862 880 8
862 909 4
862 916 6
863 907 2
863 951 9
863 961 5
864 928 1
865 904 10
865 924 7
865 937 7
865 942 6
865 976 8
865 979 2
866 901 4
866 911 9
866 970 10
867 932 4
867 962 5
867 977 6
868 977 1
869 954 4
869 976 2
869 979 5
870 937 8
870 956 5
871 951 6
871 975 4
871 976 3
872 936 9
872 986 8
873 960 1
873 990 10
874 899 4
874 928 4
874 929 3
874 986 6
875 887 5
875 953 7
875 956 7
875 959 9
875 979 7
876 896 7
877 910 10
878 903 7
878 988 5
878 990 1
878 993 7
879 924 6
879 967 5
880 887 4
880 942 4
880 979 8
880 991 10
881 891 8
881 904 6
881 987 8
882 900 7
882 901 10
882 929 4
882 966 6
883 889 3
883 931 10
883 946 10
883 957 2
884 975 10
884 976 8
885 918 8
885 980 1
887 901 4
887 902 8
887 906 2
887 940 3
888 910 1
889 961 3
889 971 8
889 988 3
890 903 5
890 979 7
890 988 10
891 952 9
891 996 5
892 913 10
892 959 6
893 923 5
893 936 10
893 990 1
894 924 5
894 960 7
894 969 10
895 899 3
895 909 6
895 985 6
896 983 5
897 923 6
897 985 3
898 942 1
898 956 2
899 928 5
899 979 5
899 983 2
899 991 1
900 926 8
900 958 4
901 943 2
901 959 9
901 986 5
902 974 1
902 981 5
902 989 4
903 906 2
903 929 9
904 923 8
904 930 7
904 979 8
905 914 10
905 917 5
905 929 6
905 971 3
906 930 10
906 943 6
907 942 8
907 968 6
907 983 4
907 990 6
908 931 10
908 963 6
908 979 8
909 962 6
909 965 10
909 972 2
910 956 8
910 962 9
911 922 9
911 929 8
911 936 4
911 951 3
911 994 7
912 963 6
912 975 8
913 928 6
913 990 7
913 992 8
914 960 6
914 976 1
914 993 7
915 963 7
915 982 9
915 998 2
917 920 10
917 955 8
917 994 8
918 940 4
918 954 5
918 958 10
919 942 7
919 953 8
919 997 5
920 927 9
920 968 4
920 969 1
921 932 1
921 956 1
921 973 8
922 929 2
922 963 2
922 978 8
922 991 7
922 998 8
923 940 5
924 925 3
924 929 2
925 963 9
926 982 10
927 940 9
927 976 5
928 950 8
928 957 6
928 982 5
930 941 9
931 977 1
932 990 4
932 993 3
934 941 5
934 963 9
934 972 1
934 982 3
934 996 10
935 944 3
935 985 4
936 975 6
937 981 6
937 994 7
938 951 4
939 953 2
939 976 3
939 981 4
939 992 6
940 943 8
940 998 1
942 975 8
942 991 9
943 944 5
943 987 4
945 958 4
945 982 5
945 990 7
945 993 1
946 960 8
946 993 10
947 972 7
947 988 8
948 962 8
950 952 2
951 973 6
951 992 10
953 957 10
953 980 10
954 992 5
955 966 5
958 969 7
958 982 10
958 997 10
960 965 2
960 974 4
960 984 1
960 986 8
962 964 3
962 965 8
962 992 3
963 987 1
964 977 3
965 995 4
965 999 5
966 992 3
967 977 1
967 989 7
968 986 5
969 991 8
969 997 10
970 995 8
971 997 2
972 984 4
972 996 8
972 999 6
976 997 3
977 979 6
977 988 7
977 992 1
980 993 7
981 984 7
981 993 2
985 995 5
988 989 7
989 992 3
990 998 1
990 999 2