1000 14960
0 1 2
0 14 1
0 17 1
0 27 9
0 31 5
0 74 8
0 108 10
0 130 4
0 259 9
0 367 9
0 379 6
0 398 3
0 422 1
0 459 10
0 555 1
0 587 2
0 615 8
0 643 5
0 667 9
0 698 2
0 735 10
0 761 5
0 775 9
0 780 3
0 832 8
0 855 5
0 959 1
0 962 1
0 990 4
1 57 2
1 59 4
1 139 6
1 147 1
1 151 3
1 225 8
1 228 7
1 235 3
1 239 3
1 283 2
1 285 1
1 296 2
1 299 1
1 335 7
1 340 4
1 349 9
1 395 10
1 458 3
1 517 9
1 542 4
1 562 6
1 645 10
1 676 7
1 704 2
1 753 5
1 756 10
1 767 3
1 819 1
1 820 1
1 832 8
1 924 7
2 20 1
2 53 8
2 153 2
2 200 1
2 222 9
2 324 1
2 340 8
2 368 4
2 382 3
2 417 2
2 434 6
2 437 5
2 439 8
2 444 7
2 453 9
2 480 7
2 497 8
2 503 7
2 506 8
2 530 3
2 552 6
2 567 4
2 568 6
2 644 3
2 649 5
2 687 8
2 740 3
2 779 1
2 788 10
2 818 1
2 832 5
3 23 5
3 154 4
3 166 5
3 171 8
3 172 4
3 179 10
3 244 5
3 254 5
3 278 9
3 460 8
3 476 2
3 521 4
3 595 1
3 608 4
3 610 2
3 624 8
3 654 10
3 721 10
3 727 6
3 728 10
3 795 4
3 853 9
3 888 6
3 913 6
4 41 6
4 55 2
4 159 3
4 181 1
4 182 7
4 236 2
4 245 4
4 278 7
4 356 7
4 388 3
4 459 8
4 488 2
4 500 6
4 523 5
4 524 7
4 561 9
4 566 4
4 595 5
4 647 6
4 664 2
4 722 1
4 805 9
4 807 6
4 833 4
4 837 5
4 930 8
4 932 8
4 994 7
5 6 2
5 13 5
5 27 7
5 94 1
5 226 4
5 250 7
5 269 3
5 292 1
5 302 8
5 478 10
5 506 2
5 539 3
5 540 1
5 541 2
5 654 6
5 691 7
5 737 5
5 819 1
5 839 3
5 841 9
5 891 3
5 915 1
5 925 8
5 973 8
6 58 1
6 67 6
6 77 3
6 91 7
6 121 1
6 130 7
6 164 8
6 188 7
6 200 6
6 221 6
6 234 3
6 239 3
6 255 2
6 264 5
6 286 2
6 315 7
6 343 7
6 362 8
6 445 5
6 458 6
6 721 3
6 724 9
6 729 7
6 771 4
6 775 10
6 815 7
6 816 6
6 821 9
6 834 4
6 854 2
6 911 9
6 953 2
6 962 4
6 995 8
7 8 1
7 9 10
7 34 10
7 45 1
7 50 4
7 61 5
7 83 5
7 106 4
7 131 6
7 133 5
7 145 10
7 150 1
7 171 9
7 177 4
7 200 8
7 204 8
7 245 3
7 268 3
7 325 8
7 328 10
7 344 1
7 360 5
7 373 3
7 376 1
7 446 8
7 477 6
7 482 10
7 533 4
7 565 10
7 587 6
7 594 5
7 716 2
7 744 10
7 760 9
7 792 4
7 806 9
7 818 2
7 899 4
7 903 7
8 28 4
8 30 7
8 47 2
8 63 1
8 76 4
8 128 7
8 136 7
8 146 4
8 186 3
8 264 6
8 317 3
8 320 1
8 404 6
8 450 2
8 451 5
8 474 2
8 551 10
8 573 3
8 636 5
8 643 6
8 649 1
8 665 1
8 674 6
8 705 4
8 730 9
8 795 7
8 830 8
8 872 8
8 911 6
8 936 7
9 24 7
9 48 4
9 54 8
9 78 1
9 133 2
9 150 3
9 174 10
9 198 8
9 229 4
9 246 9
9 250 7
9 268 8
9 305 5
9 449 1
9 519 9
9 556 9
9 584 4
9 587 7
9 590 7
9 648 7
9 654 9
9 679 3
9 741 8
9 751 1
9 923 6
9 934 7
9 997 9
10 77 4
10 125 4
10 145 4
10 149 5
10 181 4
10 184 4
10 205 10
10 228 2
10 324 5
10 333 6
10 354 4
10 359 4
10 366 10
10 397 8
10 399 4
10 431 2
10 442 9
10 451 4
10 457 6
10 460 9
10 468 1
10 512 8
10 556 1
10 571 5
10 660 7
10 721 4
10 735 1
10 762 2
10 781 8
10 821 2
10 840 1
10 925 6
10 971 9
10 992 5
11 112 3
11 132 8
11 143 3
11 167 10
11 207 7
11 213 6
11 222 9
11 237 5
11 247 10
11 265 3
11 305 9
11 329 4
11 352 1
11 364 9
11 439 5
11 460 7
11 492 6
11 534 2
11 535 6
11 542 1
11 584 7
11 723 6
11 796 5
11 846 6
11 876 3
11 880 3
12 56 3
12 72 5
12 118 10
12 163 1
12 169 1
12 357 1
12 362 10
12 389 4
12 441 7
12 453 3
12 459 2
12 484 7
12 511 2
12 520 10
12 544 5
12 654 5
12 674 8
12 675 2
12 694 9
12 706 3
12 730 7
12 767 10
12 910 2
12 937 3
12 961 10
12 991 6
12 997 8
13 15 8
13 24 2
13 67 4
13 91 5
13 115 6
13 167 4
13 187 3
13 202 5
13 203 9
13 221 6
13 229 9
13 267 4
13 315 8
13 316 8
13 319 7
13 350 7
13 390 10
13 452 6
13 472 2
13 481 4
13 503 9
13 589 6
13 598 5
13 609 10
13 646 4
13 667 9
13 697 8
13 713 3
13 728 3
13 736 6
13 753 3
13 772 1
13 788 10
13 804 5
13 812 1
13 826 3
13 835 10
13 870 5
13 901 5
13 916 10
13 924 5
13 955 9
14 43 10
14 170 4
14 178 9
14 233 4
14 342 5
14 344 6
14 385 5
14 388 2
14 440 2
14 580 1
14 606 7
14 615 8
14 645 6
14 650 7
14 660 3
14 707 9
14 708 4
14 774 2
14 789 6
14 837 4
14 871 2
14 879 5
14 925 6
14 940 3
14 961 4
15 104 10
15 132 1
15 166 1
15 170 6
15 189 9
15 195 6
15 212 1
15 219 4
15 249 4
15 362 8
15 378 4
15 386 8
15 391 3
15 393 6
15 406 3
15 438 4
15 473 2
15 486 10
15 546 3
15 583 9
15 617 6
15 644 8
15 678 3
15 707 4
15 732 5
15 755 2
15 826 4
15 848 2
15 926 9
16 116 1
16 120 5
16 122 4
16 178 4
16 266 4
16 346 1
16 388 2
16 430 9
16 438 1
16 446 8
16 495 3
16 516 8
16 613 6
16 657 5
16 726 10
16 752 5
16 754 9
16 859 8
16 879 1
16 882 9
16 891 3
16 897 10
16 906 8
16 934 8
17 94 9
17 168 1
17 191 6
17 212 6
17 254 3
17 260 3
17 272 5
17 284 3
17 302 4
17 331 2
17 351 7
17 375 6
17 378 1
17 380 8
17 389 3
17 424 9
17 472 4
17 496 5
17 505 6
17 507 1
17 534 4
17 575 3
17 610 3
17 615 1
17 665 1
17 687 3
17 729 8
17 758 1
17 772 6
17 779 6
17 800 1
17 816 2
17 941 9
17 949 4
18 29 8
18 68 6
18 132 6
18 163 6
18 200 5
18 298 3
18 301 5
18 316 3
18 325 5
18 351 8
18 359 7
18 494 1
18 548 1
18 576 8
18 583 7
18 584 7
18 623 9
18 692 6
18 722 8
18 735 8
18 750 9
18 754 4
18 786 5
18 804 10
18 862 3
18 890 8
18 899 5
18 974 9
18 984 1
18 990 1
19 36 4
19 76 8
19 120 2
19 136 2
19 141 9
19 165 6
19 203 9
19 205 10
19 208 10
19 332 8
19 357 3
19 363 7
19 391 10
19 415 2
19 423 3
19 490 3
19 514 6
19 550 8
19 554 10
19 556 4
19 596 10
19 632 8
19 655 5
19 723 5
19 745 6
19 750 1
19 769 5
19 807 10
19 844 3
19 868 9
19 978 6
20 22 1
20 47 8
20 60 10
20 115 2
20 158 3
20 171 2
20 185 3
20 363 8
20 531 7
20 543 4
20 572 7
20 594 9
20 692 6
20 694 2
20 717 1
20 742 10
20 778 8
20 786 7
20 923 7
20 979 1
20 997 8
21 41 10
21 57 7
21 70 6
21 90 4
21 148 10
21 166 6
21 173 9
21 185 6
21 204 10
21 257 8
21 262 9
21 326 6
21 333 2
21 350 10
21 465 3
21 467 3
21 512 7
21 516 4
21 520 1
21 534 2
21 578 3
21 613 6
21 634 4
21 672 10
21 769 2
21 819 10
21 834 4
21 847 6
21 907 10
21 916 1
22 28 9
22 119 10
22 121 2
22 144 1
22 159 1
22 200 5
22 222 1
22 228 9
22 273 2
22 283 1
22 358 6
22 364 9
22 381 3
22 409 5
22 433 9
22 451 3
22 553 9
22 616 1
22 690 9
22 709 5
22 734 7
22 738 3
22 750 9
22 823 6
22 835 4
22 843 7
22 848 3
22 869 6
22 890 8
22 953 10
23 85 7
23 174 4
23 186 5
23 198 1
23 199 2
23 213 1
23 264 3
23 293 3
23 310 9
23 370 10
23 381 6
23 388 4
23 410 3
23 495 8
23 530 9
23 590 3
23 643 10
23 692 8
23 749 2
23 753 9
23 755 8
23 785 8
23 794 1
23 830 7
23 837 4
23 893 8
23 915 1
23 964 8
24 35 6
24 90 8
24 117 3
24 125 7
24 173 5
24 182 6
24 233 10
24 259 6
24 263 5
24 282 2
24 290 8
24 312 5
24 328 9
24 342 10
24 362 9
24 385 7
24 409 10
24 414 2
24 426 6
24 434 3
24 452 8
24 463 3
24 477 9
24 490 9
24 570 7
24 584 6
24 623 7
24 715 1
24 780 1
24 825 1
24 861 7
24 871 8
24 965 3
25 45 6
25 53 1
25 95 7
25 117 4
25 123 10
25 159 7
25 176 3
25 191 8
25 192 8
25 253 6
25 254 6
25 282 4
25 349 10
25 356 6
25 366 10
25 387 3
25 389 3
25 390 7
25 409 4
25 448 9
25 469 3
25 481 1
25 513 5
25 616 10
25 686 9
25 692 3
25 713 7
25 720 6
25 724 6
25 740 5
25 743 2
25 752 3
25 788 6
25 856 1
25 857 3
25 871 9
25 893 8
25 894 1
25 919 9
25 931 2
25 975 10
26 31 3
26 34 2
26 37 1
26 63 10
26 94 10
26 107 8
26 122 9
26 243 8
26 250 4
26 303 4
26 314 6
26 349 1
26 358 8
26 366 1
26 387 5
26 394 5
26 404 10
26 461 9
26 462 2
26 494 1
26 513 4
26 533 5
26 578 1
26 591 1
26 622 6
26 633 4
26 683 6
26 697 8
26 700 1
26 749 5
26 872 9
26 873 5
26 917 10
26 934 9
26 947 1
26 951 6
26 953 1
26 999 2
27 39 8
27 65 8
27 128 8
27 146 7
27 180 2
27 186 1
27 285 9
27 428 2
27 448 9
27 463 8
27 465 7
27 476 2
27 485 9
27 508 7
27 544 3
27 586 1
27 624 8
27 645 8
27 762 9
27 800 5
27 801 7
27 820 2
27 831 8
27 839 5
27 853 3
27 877 10
27 924 4
27 931 1
27 954 5
28 32 8
28 78 4
28 154 4
28 170 3
28 171 10
28 191 5
28 243 2
28 255 6
28 291 6
28 292 4
28 340 8
28 343 6
28 369 9
28 395 9
28 397 8
28 406 4
28 434 7
28 471 7
28 576 8
28 580 3
28 602 2
28 639 1
28 657 5
28 668 10
28 684 5
28 728 4
28 772 2
28 793 9
28 795 3
28 806 3
28 815 9
28 837 7
28 890 6
29 50 1
29 58 6
29 71 2
29 143 9
29 157 7
29 176 7
29 191 5
29 290 9
29 320 3
29 379 3
29 399 8
29 449 6
29 478 2
29 511 1
29 609 1
29 636 8
29 638 8
29 642 8
29 645 7
29 722 4
29 743 4
29 757 6
29 759 10
29 799 9
29 806 10
29 824 9
29 842 10
29 854 6
29 891 2
29 894 2
29 901 3
29 904 8
29 913 9
29 941 9
29 959 10
29 967 10
29 969 10
30 36 6
30 40 1
30 74 7
30 121 7
30 135 10
30 141 6
30 230 9
30 231 9
30 236 3
30 292 3
30 314 8
30 357 2
30 363 3
30 426 8
30 442 4
30 477 9
30 489 10
30 514 9
30 538 6
30 558 2
30 619 1
30 639 6
30 706 3
30 710 7
30 720 4
30 781 3
30 995 6
30 996 1
31 102 3
31 138 6
31 153 9
31 164 4
31 231 3
31 246 7
31 327 10
31 348 9
31 401 7
31 426 7
31 452 3
31 479 7
31 521 6
31 554 8
31 621 8
31 643 9
31 683 1
31 689 1
31 703 9
31 704 6
31 707 1
31 742 6
31 833 7
31 845 5
31 991 8
32 45 3
32 79 4
32 147 2
32 156 8
32 172 9
32 198 7
32 215 8
32 219 9
32 237 5
32 239 5
32 244 3
32 281 6
32 310 6
32 346 3
32 361 5
32 424 9
32 437 9
32 447 10
32 471 4
32 492 8
32 519 3
32 526 6
32 563 8
32 576 2
32 598 1
32 619 1
32 631 5
32 676 3
32 693 8
32 744 10
32 794 10
32 903 9
32 914 7
32 963 5
33 44 7
33 58 3
33 124 6
33 170 10
33 236 7
33 268 10
33 314 6
33 318 7
33 325 8
33 332 6
33 404 2
33 409 4
33 434 7
33 541 4
33 557 10
33 558 4
33 573 8
33 662 6
33 687 6
33 704 6
33 709 4
33 721 2
33 776 3
33 780 1
33 852 7
33 856 5
33 929 5
33 934 7
33 953 5
34 36 2
34 88 8
34 137 3
34 249 5
34 263 9
34 354 9
34 361 6
34 400 10
34 430 10
34 458 4
34 554 3
34 574 3
34 603 2
34 667 4
34 704 5
34 845 5
34 907 3
34 933 4
34 970 4
35 40 2
35 59 6
35 62 8
35 68 5
35 133 6
35 160 1
35 161 7
35 206 5
35 228 8
35 268 7
35 346 7
35 377 6
35 474 7
35 492 4
35 509 1
35 517 4
35 539 6
35 598 4
35 649 3
35 655 4
35 681 6
35 685 5
35 758 8
35 773 2
35 803 7
35 876 1
35 913 9
35 930 4
35 962 8
35 987 4
36 73 6
36 115 9
36 118 2
36 184 3
36 267 10
36 356 4
36 368 3
36 378 6
36 425 6
36 444 4
36 491 10
36 519 4
36 548 3
36 576 2
36 585 4
36 622 1
36 624 10
36 653 5
36 672 4
36 674 1
36 687 5
36 719 8
36 747 5
36 752 5
36 818 5
36 831 10
36 858 4
36 860 2
36 884 6
36 925 7
36 971 8
36 975 10
37 61 4
37 77 9
37 117 1
37 177 3
37 201 7
37 220 7
37 255 10
37 323 6
37 364 10
37 367 6
37 369 5
37 391 1
37 415 5
37 459 9
37 493 5
37 499 5
37 541 1
37 542 4
37 550 4
37 563 8
37 570 1
37 613 1
37 661 2
37 698 1
37 733 9
37 775 2
37 790 6
37 842 2
37 864 10
37 865 8
37 869 5
37 913 1
37 928 10
38 60 4
38 64 4
38 100 5
38 113 7
38 124 1
38 151 6
38 199 3
38 274 3
38 287 2
38 342 1
38 351 7
38 404 7
38 405 9
38 415 10
38 417 8
38 458 5
38 524 10
38 533 6
38 556 9
38 575 1
38 641 2
38 647 6
38 658 1
38 664 6
38 670 7
38 701 10
38 775 3
38 826 2
38 839 9
38 914 5
38 920 7
38 925 8
38 956 5
39 53 4
39 90 9
39 175 6
39 215 7
39 267 4
39 297 5
39 308 7
39 345 7
39 346 6
39 352 10
39 358 3
39 365 8
39 369 6
39 526 4
39 571 9
39 654 2
39 666 6
39 678 4
39 683 10
39 699 5
39 736 4
39 764 9
39 777 9
39 892 7
39 947 6
39 950 2
40 81 6
40 123 9
40 207 2
40 377 8
40 430 1
40 457 2
40 465 6
40 489 10
40 506 4
40 519 6
40 529 10
40 555 9
40 562 10
40 660 3
40 669 1
40 693 10
40 697 4
40 745 8
40 759 6
40 816 9
40 833 2
40 901 2
40 933 1
40 945 3
40 986 3
41 73 8
41 76 8
41 157 5
41 216 5
41 219 10
41 233 1
41 246 2
41 292 1
41 298 1
41 346 5
41 385 1
41 396 3
41 416 2
41 425 6
41 463 5
41 488 9
41 496 3
41 497 3
41 505 4
41 518 2
41 644 5
41 659 10
41 766 5
41 783 9
41 880 7
41 915 8
41 918 8
41 930 9
41 948 9
41 952 10
41 975 1
42 63 10
42 68 1
42 71 8
42 166 8
42 167 1
42 232 2
42 268 2
42 294 4
42 303 4
42 318 3
42 389 1
42 437 7
42 484 10
42 488 6
42 495 4
42 504 10
42 534 4
42 547 4
42 589 6
42 634 8
42 635 3
42 679 7
42 703 7
42 728 5
42 731 1
42 754 5
42 757 1
42 774 4
42 816 5
42 836 4
42 848 8
42 942 5
42 949 2
42 970 7
42 976 8
42 983 10
42 993 3
43 94 2
43 128 1
43 141 3
43 179 6
43 272 4
43 349 6
43 392 2
43 432 9
43 499 1
43 575 6
43 619 9
43 669 10
43 691 8
43 698 9
43 731 2
43 764 2
43 794 9
43 802 7
43 821 10
43 823 6
43 845 6
43 854 7
43 975 7
44 103 1
44 162 10
44 168 9
44 183 10
44 203 10
44 223 7
44 273 3
44 321 9
44 343 3
44 403 6
44 520 2
44 570 4
44 596 8
44 638 4
44 669 3
44 670 7
44 694 1
44 926 7
44 968 6
45 95 10
45 132 2
45 200 6
45 202 2
45 215 1
45 234 1
45 246 9
45 256 9
45 265 6
45 280 8
45 301 1
45 307 10
45 354 10
45 355 5
45 403 1
45 414 6
45 450 3
45 536 6
45 538 10
45 553 7
45 570 1
45 571 10
45 592 8
45 601 4
45 613 6
45 620 4
45 638 3
45 669 1
45 693 4
45 731 8
45 759 4
45 787 4
45 817 10
45 836 2
45 894 9
45 910 9
45 973 8
46 47 5
46 63 5
46 90 6
46 114 9
46 140 4
46 158 5
46 310 6
46 393 6
46 414 8
46 484 6
46 505 9
46 558 7
46 610 5
46 628 10
46 649 2
46 655 2
46 704 5
46 718 4
46 765 5
46 795 8
46 837 5
47 72 6
47 75 10
47 79 7
47 168 1
47 172 4
47 213 8
47 219 5
47 223 2
47 239 3
47 266 3
47 372 5
47 494 10
47 544 3
47 589 5
47 595 9
47 613 8
47 689 1
47 707 2
47 754 2
47 800 10
47 822 1
47 858 4
47 880 2
47 913 10
47 923 5
47 947 7
47 978 9
48 63 7
48 158 2
48 180 5
48 182 9
48 261 7
48 286 5
48 326 8
48 339 6
48 345 7
48 382 5
48 427 5
48 431 10
48 460 8
48 483 10
48 554 4
48 558 4
48 576 3
48 577 3
48 781 3
48 783 7
48 832 9
48 948 3
48 960 8
48 990 6
48 997 8
49 51 10
49 135 1
49 152 7
49 157 8
49 178 1
49 241 2
49 253 5
49 284 8
49 398 7
49 484 3
49 488 10
49 541 5
49 571 3
49 602 5
49 666 7
49 686 3
49 741 1
49 742 4
49 818 6
49 936 2
50 66 9
50 70 3
50 148 10
50 205 4
50 231 10
50 321 4
50 326 8
50 379 8
50 397 5
50 508 8
50 512 10
50 560 9
50 568 5
50 572 1
50 592 10
50 643 2
50 658 5
50 678 9
50 683 6
50 725 9
50 739 6
50 756 3
50 775 2
50 796 3
50 809 4
50 845 2
50 852 6
50 862 10
50 887 6
50 962 5
51 52 10
51 60 4
51 89 8
51 148 2
51 186 9
51 190 2
51 218 3
51 244 4
51 276 5
51 287 10
51 314 3
51 353 8
51 535 2
51 578 8
51 634 1
51 666 6
51 674 1
51 709 9
51 710 9
51 726 3
51 781 6
51 798 6
51 884 5
51 895 6
51 941 4
51 962 4
51 971 5
52 54 6
52 74 2
52 80 9
52 89 8
52 94 2
52 100 4
52 169 1
52 178 6
52 196 8
52 242 7
52 249 2
52 261 7
52 285 3
52 325 4
52 414 8
52 487 9
52 531 2
52 535 2
52 537 5
52 673 9
52 679 10
52 715 7
52 722 2
52 782 7
52 827 6
52 895 9
52 908 6
52 930 4
52 934 4
52 938 1
53 64 7
53 88 9
53 107 5
53 157 3
53 171 4
53 265 10
53 287 5
53 307 1
53 332 2
53 354 7
53 383 7
53 391 8
53 393 2
53 432 5
53 445 10
53 456 4
53 470 2
53 480 1
53 518 6
53 557 1
53 592 6
53 657 10
53 680 9
53 697 9
53 707 1
53 711 10
53 817 3
53 843 2
53 847 2
53 920 6
53 970 1
54 70 9
54 97 5
54 151 10
54 161 7
54 174 6
54 271 5
54 357 2
54 360 1
54 367 4
54 368 10
54 403 7
54 442 7
54 471 7
54 480 7
54 533 4
54 535 10
54 542 9
54 543 5
54 572 6
54 601 10
54 611 8
54 631 10
54 665 9
54 667 1
54 694 10
54 732 9
54 734 6
54 753 3
54 776 5
54 780 5
54 845 5
54 936 3
55 58 5
55 77 1
55 155 8
55 194 9
55 198 1
55 256 1
55 264 5
55 348 9
55 368 10
55 421 7
55 449 4
55 467 2
55 481 1
55 487 7
55 497 9
55 628 2
55 651 10
55 652 4
55 658 10
55 680 4
55 708 2
55 767 9
55 783 3
55 822 5
55 828 4
55 876 7
55 884 2
55 886 2
55 893 9
55 935 2
55 946 9
56 92 7
56 117 5
56 224 1
56 264 3
56 277 1
56 357 6
56 392 3
56 410 6
56 460 10
56 466 9
56 485 10
56 501 7
56 512 7
56 581 3
56 597 5
56 602 5
56 611 10
56 625 7
56 664 9
56 789 3
56 793 3
56 812 4
56 854 6
56 868 5
56 877 3
56 914 8
56 921 2
56 927 7
56 932 6
56 967 6
56 970 9
57 59 2
57 82 5
57 146 7
57 156 8
57 189 4
57 196 2
57 199 2
57 247 9
57 259 8
57 293 7
57 317 5
57 320 10
57 440 7
57 517 9
57 535 4
57 541 7
57 545 4
57 565 9
57 586 5
57 598 2
57 656 6
57 666 5
57 672 10
57 704 9
57 714 7
57 735 3
57 755 4
57 791 6
57 851 2
57 858 3
57 922 9
57 928 9
57 938 8
58 60 8
58 78 10
58 80 4
58 89 4
58 105 1
58 157 3
58 214 10
58 283 9
58 305 10
58 306 2
58 355 8
58 376 6
58 417 1
58 426 5
58 431 10
58 445 2
58 490 4
58 511 1
58 535 4
58 560 10
58 561 5
58 607 2
58 634 5
58 710 9
58 724 5
58 749 5
58 783 5
58 857 6
58 883 6
58 896 8
58 897 2
58 950 4
58 967 2
59 73 5
59 81 6
59 209 5
59 235 9
59 303 8
59 305 5
59 336 1
59 359 5
59 400 9
59 402 6
59 437 1
59 480 9
59 513 5
59 548 3
59 573 6
59 575 1
59 641 7
59 671 7
59 732 2
59 750 2
59 763 3
59 874 8
59 889 4
59 904 9
59 917 7
59 921 8
60 89 4
60 100 3
60 105 4
60 111 10
60 140 4
60 146 4
60 147 1
60 154 1
60 184 1
60 241 3
60 277 10
60 287 1
60 309 9
60 327 2
60 361 10
60 430 5
60 525 2
60 606 7
60 650 7
60 661 3
60 692 8
60 702 6
60 737 5
60 774 3
60 829 6
60 835 9
60 869 3
60 879 8
61 71 2
61 103 6
61 253 5
61 305 9
61 320 8
61 332 10
61 336 5
61 406 9
61 455 4
61 465 1
61 517 3
61 608 1
61 636 8
61 662 9
61 673 10
61 712 10
61 725 7
61 764 3
61 805 9
61 828 1
61 931 10
61 987 10
62 125 2
62 164 10
62 181 7
62 196 6
62 284 3
62 303 1
62 310 1
62 311 1
62 338 4
62 360 9
62 406 9
62 407 8
62 420 8
62 424 1
62 478 4
62 580 1
62 643 2
62 685 3
62 695 2
62 733 6
62 741 6
62 834 8
62 847 9
62 886 7
62 903 2
62 924 7
62 989 1
63 136 4
63 147 9
63 152 1
63 168 6
63 231 7
63 324 1
63 341 9
63 353 4
63 377 1
63 394 5
63 419 1
63 494 1
63 501 7
63 547 1
63 563 9
63 584 6
63 588 4
63 597 3
63 603 5
63 656 3
63 713 9
63 747 10
63 756 8
63 778 3
63 820 4
63 853 1
63 879 2
63 887 6
63 914 4
63 934 1
63 939 6
63 945 4
63 967 8
63 986 2
63 992 3
63 996 2
63 998 8
64 128 1
64 140 10
64 222 4
64 243 1
64 245 4
64 248 10
64 264 4
64 266 2
64 298 1
64 301 3
64 406 10
64 408 1
64 436 2
64 502 8
64 591 7
64 601 1
64 622 5
64 639 7
64 689 2
64 697 5
64 717 7
64 720 1
64 746 8
64 755 9
64 758 2
64 813 9
64 863 5
64 917 3
64 965 3
65 118 5
65 183 9
65 212 10
65 231 2
65 262 8
65 361 2
65 364 9
65 398 8
65 404 8
65 476 8
65 497 3
65 537 6
65 585 7
65 636 1
65 762 9
65 827 10
65 901 8
65 903 9
65 907 8
66 108 1
66 121 4
66 155 8
66 163 5
66 168 9
66 198 5
66 283 2
66 356 4
66 361 1
66 384 4
66 392 6
66 473 6
66 509 2
66 521 4
66 547 6
66 562 9
66 578 7
66 632 3
66 656 5
66 743 1
66 756 10
66 793 8
66 798 6
66 835 3
66 837 9
66 918 9
66 940 1
67 79 1
67 88 5
67 145 2
67 212 4
67 252 9
67 286 6
67 307 4
67 318 6
67 323 5
67 331 5
67 355 10
67 359 9
67 372 7
67 383 7
67 411 4
67 413 2
67 463 7
67 503 3
67 515 8
67 676 5
67 716 6
67 725 2
67 760 10
67 768 2
67 823 7
67 840 2
67 847 4
67 857 6
67 883 6
67 913 8
67 958 6
67 964 6
67 991 7
68 114 7
68 140 5
68 158 7
68 176 9
68 194 9
68 291 9
68 296 1
68 309 7
68 316 9
68 415 10
68 455 8
68 460 7
68 493 6
68 507 5
68 546 9
68 568 10
68 587 6
68 618 9
68 651 9
68 653 6
68 684 10
68 717 6
68 743 3
68 763 5
68 807 10
68 865 4
68 877 8
68 885 1
68 956 3
68 993 10
69 84 2
69 135 4
69 159 10
69 189 6
69 194 10
69 218 4
69 241 7
69 299 9
69 309 4
69 361 1
69 403 2
69 532 3
69 550 5
69 574 3
69 617 2
69 625 9
69 645 8
69 738 5
69 747 10
69 809 9
69 860 3
69 864 7
69 906 7
69 935 7
69 968 8
70 165 3
70 182 9
70 207 7
70 248 3
70 313 3
70 384 9
70 394 2
70 400 9
70 446 1
70 463 2
70 470 6
70 490 4
70 591 7
70 632 5
70 641 5
70 644 6
70 738 9
70 739 5
70 773 2
70 882 1
70 991 5
70 992 7
71 77 2
71 109 8
71 155 4
71 157 5
71 167 1
71 232 6
71 253 2
71 299 8
71 357 1
71 405 3
71 429 2
71 511 3
71 525 4
71 552 9
71 562 10
71 603 5
71 607 1
71 630 10
71 641 2
71 677 1
71 699 6
71 763 5
71 820 9
71 831 1
71 838 3
71 876 6
71 883 2
71 925 3
71 947 2
71 950 6
71 963 5
72 103 9
72 106 10
72 120 3
72 140 6
72 202 10
72 217 4
72 230 1
72 291 1
72 351 6
72 394 1
72 440 7
72 448 7
72 465 5
72 487 7
72 503 10
72 570 6
72 584 4
72 606 7
72 643 5
72 657 1
72 713 10
72 718 1
72 824 2
72 833 4
72 862 9
72 902 3
72 907 8
72 946 3
73 94 4
73 108 6
73 170 3
73 179 1
73 186 2
73 216 4
73 222 4
73 286 5
73 303 2
73 304 3
73 376 7
73 393 9
73 404 4
73 435 1
73 445 5
73 480 6
73 530 2
73 535 2
73 582 6
73 595 8
73 605 1
73 610 9
73 653 6
73 670 2
73 677 7
73 704 10
73 707 7
73 743 1
73 763 7
73 793 7
73 845 1
73 871 10
73 877 9
73 884 4
74 157 7
74 158 8
74 187 6
74 197 6
74 203 5
74 222 3
74 254 6
74 293 9
74 317 7
74 324 7
74 349 4
74 350 3
74 354 5
74 369 6
74 397 6
74 454 7
74 492 5
74 539 5
74 541 7
74 572 4
74 606 8
74 627 4
74 639 8
74 652 5
74 680 9
74 692 10
74 732 5
74 738 4
74 768 9
74 771 9
74 907 9
74 916 7
74 953 3
75 81 1
75 124 3
75 134 3
75 155 7
75 171 1
75 186 6
75 199 1
75 220 3
75 226 9
75 310 7
75 424 10
75 439 4
75 633 3
75 663 6
75 669 3
75 829 5
75 833 6
76 97 9
76 165 6
76 188 9
76 227 1
76 236 10
76 349 3
76 398 8
76 411 1
76 441 9
76 443 5
76 497 8
76 516 4
76 521 2
76 526 7
76 690 9
76 710 6
76 712 1
76 749 8
76 763 5
76 780 6
76 782 7
76 820 6
76 899 5
76 931 3
76 939 10
76 979 10
76 992 9
77 143 4
77 196 6
77 264 8
77 286 7
77 311 1
77 325 5
77 371 4
77 377 9
77 409 7
77 419 8
77 434 7
77 464 5
77 487 2
77 489 2
77 525 8
77 562 4
77 614 9
77 636 5
77 739 6
77 778 7
77 805 2
77 819 6
77 824 8
77 878 4
77 937 5
77 952 3
77 959 1
77 983 4
77 987 5
78 79 3
78 82 4
78 127 3
78 134 2
78 137 8
78 158 6
78 231 8
78 260 4
78 303 4
78 305 1
78 355 9
78 394 10
78 404 5
78 483 8
78 577 3
78 642 5
78 649 5
78 685 1
78 687 4
78 719 10
78 761 4
78 797 3
78 889 5
78 891 10
78 918 8
78 930 6
78 941 2
79 123 7
79 141 1
79 192 1
79 197 2
79 231 8
79 250 3
79 321 8
79 348 5
79 353 10
79 360 10
79 394 7
79 421 10
79 457 1
79 473 8
79 500 1
79 581 9
79 592 7
79 599 10
79 633 5
79 656 5
79 678 6
79 689 6
79 734 6
79 859 10
79 860 6
79 886 4
79 971 10
80 131 9
80 136 9
80 189 2
80 229 8
80 316 8
80 338 7
80 346 7
80 378 7
80 380 1
80 390 1
80 449 10
80 464 7
80 488 7
80 490 10
80 495 4
80 521 10
80 581 1
80 583 10
80 591 9
80 650 4
80 659 3
80 660 9
80 698 5
80 706 8
80 745 4
80 746 6
80 757 7
80 846 4
80 916 3
80 959 1
80 961 5
80 964 4
80 977 1
81 108 10
81 159 2
81 184 4
81 191 6
81 194 2
81 204 8
81 232 1
81 254 9
81 260 10
81 277 5
81 296 10
81 313 7
81 317 2
81 334 8
81 348 7
81 359 7
81 420 5
81 429 2
81 480 3
81 509 1
81 542 6
81 544 1
81 607 3
81 650 4
81 669 6
81 678 1
81 690 1
81 704 1
81 708 4
81 736 9
81 814 1
81 965 3
82 123 1
82 132 10
82 160 8
82 161 6
82 173 5
82 231 1
82 252 2
82 311 3
82 335 5
82 352 1
82 412 1
82 519 6
82 525 5
82 529 1
82 541 1
82 549 2
82 580 8
82 598 1
82 677 6
82 695 9
82 705 4
82 737 9
82 739 1
82 746 9
82 757 4
82 767 3
82 773 8
82 875 1
82 876 4
82 916 1
82 952 10
82 962 9
82 975 7
83 94 7
83 120 10
83 173 9
83 197 6
83 231 10
83 237 9
83 257 8
83 301 6
83 355 2
83 414 9
83 493 7
83 536 4
83 575 9
83 578 7
83 594 6
83 595 8
83 623 1
83 633 7
83 637 5
83 648 1
83 666 4
83 748 5
83 789 5
83 843 6
83 849 5
83 873 9
83 898 5
83 923 2
83 945 6
84 112 6
84 118 5
84 119 5
84 166 3
84 230 8
84 256 4
84 323 7
84 326 10
84 365 2
84 405 8
84 462 6
84 526 9
84 559 6
84 560 3
84 588 1
84 648 8
84 658 4
84 665 10
84 680 10
84 699 2
84 733 1
84 736 1
84 808 8
84 837 3
84 870 1
84 945 2
85 86 5
85 87 8
85 100 3
85 117 8
85 199 6
85 250 3
85 289 8
85 311 2
85 324 10
85 347 7
85 349 1
85 393 8
85 411 6
85 412 2
85 415 3
85 420 9
85 455 10
85 481 6
85 497 3
85 510 9
85 552 1
85 577 9
85 601 9
85 608 8
85 611 1
85 619 2
85 623 5
85 678 10
85 700 10
85 701 6
85 737 10
85 805 10
85 838 6
85 884 3
85 893 5
85 895 8
85 920 8
85 930 6
85 935 6
86 123 2
86 147 3
86 196 7
86 200 10
86 245 9
86 272 4
86 306 8
86 307 9
86 358 2
86 431 9
86 455 10
86 472 7
86 507 6
86 511 2
86 540 3
86 554 5
86 566 10
86 613 10
86 627 1
86 657 1
86 713 5
86 774 10
86 779 7
86 836 4
86 978 3
86 990 6
86 992 10
87 175 5
87 312 4
87 344 1
87 358 10
87 366 8
87 370 2
87 374 8
87 377 10
87 457 8
87 531 1
87 554 10
87 599 10
87 606 8
87 614 7
87 623 6
87 657 10
87 685 7
87 723 4
87 734 4
87 744 8
87 748 1
87 827 8
87 876 4
87 883 7
87 893 10
87 962 1
88 89 7
88 119 2
88 190 1
88 193 3
88 200 7
88 267 6
88 366 9
88 401 6
88 424 5
88 427 3
88 504 9
88 511 10
88 552 9
88 562 10
88 591 9
88 661 3
88 668 3
88 680 8
88 683 9
88 686 4
88 699 5
88 713 5
88 725 4
88 738 7
88 753 4
88 811 8
88 851 8
88 854 10
88 883 9
88 967 2
88 976 6
88 984 8
89 187 5
89 192 7
89 199 5
89 212 7
89 230 3
89 235 2
89 266 6
89 284 8
89 314 1
89 350 10
89 387 10
89 425 3
89 437 4
89 458 5
89 464 8
89 467 9
89 477 5
89 492 4
89 499 7
89 537 10
89 641 7
89 649 8
89 751 6
89 756 7
89 806 10
89 890 7
89 904 1
89 924 4
90 105 7
90 127 8
90 218 5
90 267 10
90 309 6
90 355 5
90 368 2
90 409 6
90 461 6
90 518 8
90 529 10
90 554 9
90 560 9
90 657 1
90 674 7
90 700 9
90 725 7
90 733 9
90 827 5
90 845 9
90 944 6
90 955 6
90 986 1
90 990 4
91 102 7
91 128 7
91 142 3
91 185 4
91 210 5
91 255 4
91 256 6
91 298 4
91 375 6
91 411 8
91 446 5
91 475 9
91 498 10
91 522 2
91 552 6
91 578 2
91 585 10
91 626 3
91 659 8
91 689 10
91 742 8
91 767 8
91 943 8
91 944 10
91 995 5
92 103 2
92 135 3
92 138 2
92 142 8
92 171 9
92 176 6
92 182 3
92 203 2
92 226 4
92 244 5
92 258 10
92 267 5
92 272 5
92 324 7
92 366 8
92 439 10
92 488 5
92 505 3
92 518 4
92 524 3
92 567 9
92 613 5
92 650 6
92 667 2
92 675 5
92 686 3
92 689 4
92 719 4
92 731 3
92 786 7
92 788 6
92 792 2
92 811 10
92 899 6
92 908 6
92 918 6
92 969 10
93 109 2
93 119 3
93 127 3
93 140 4
93 196 10
93 251 8
93 360 2
93 429 6
93 468 5
93 471 6
93 522 1
93 578 6
93 596 6
93 732 9
93 765 10
93 828 1
93 858 7
93 889 8
93 895 6
93 935 10
94 182 8
94 190 2
94 204 5
94 300 3
94 308 4
94 351 3
94 365 6
94 392 9
94 408 5
94 427 3
94 434 5
94 436 1
94 446 7
94 476 6
94 492 6
94 594 8
94 607 7
94 621 10
94 629 8
94 632 2
94 635 1
94 642 8
94 669 4
94 709 4
94 718 9
94 769 7
94 826 9
94 835 3
94 865 7
94 960 8
94 985 5
95 107 8
95 148 10
95 149 2
95 170 2
95 209 9
95 217 5
95 345 3
95 391 1
95 400 3
95 402 6
95 426 10
95 443 9
95 454 4
95 460 5
95 475 5
95 513 1
95 551 10
95 586 6
95 647 4
95 693 9
95 741 2
95 758 5
95 790 9
95 810 3
95 877 4
95 894 10
95 925 2
95 943 1
96 158 10
96 165 3
96 182 9
96 215 2
96 408 8
96 453 9
96 506 9
96 556 5
96 618 4
96 635 6
96 678 8
96 766 10
96 775 8
96 778 4
96 794 8
96 839 4
96 841 10
96 843 6
96 905 8
96 985 5
97 174 1
97 222 8
97 266 3
97 304 5
97 319 4
97 355 5
97 435 6
97 501 8
97 523 9
97 591 2
97 673 1
97 733 6
97 758 1
97 780 9
97 814 5
97 830 4
97 876 3
97 896 4
98 197 3
98 214 1
98 217 9
98 408 10
98 419 1
98 469 4
98 471 10
98 498 9
98 601 8
98 614 8
98 664 10
98 684 8
98 708 10
98 728 7
98 763 3
98 770 8
98 831 9
98 937 8
98 971 7
99 119 7
99 136 4
99 158 10
99 168 6
99 185 9
99 186 3
99 193 1
99 225 4
99 255 9
99 299 3
99 333 4
99 339 5
99 354 10
99 362 6
99 453 5
99 484 3
99 503 6
99 511 3
99 514 7
99 537 9
99 563 9
99 631 2
99 665 2
99 761 4
99 772 4
99 834 3
99 873 9
99 900 8
99 917 2
99 920 5
99 975 8
99 994 3
100 109 6
100 131 7
100 133 10
100 142 1
100 159 8
100 232 8
100 236 2
100 240 9
100 310 6
100 366 5
100 375 2
100 429 5
100 444 6
100 448 1
100 460 10
100 481 1
100 485 7
100 512 9
100 525 5
100 530 2
100 533 9
100 536 2
100 569 1
100 573 8
100 623 1
100 710 10
100 860 4
100 862 5
100 963 2
100 995 4
101 117 3
101 121 5
101 138 9
101 216 2
101 239 8
101 265 3
101 342 10
101 367 3
101 386 3
101 397 7
101 455 7
101 468 6
101 484 1
101 522 1
101 541 10
101 556 8
101 581 3
101 614 6
101 623 10
101 644 8
101 676 10
101 754 4
101 774 4
101 800 7
101 850 2
101 873 5
101 894 3
101 931 10
101 951 10
101 955 2
101 969 6
102 112 7
102 114 4
102 129 5
102 222 10
102 264 8
102 278 7
102 358 6
102 468 1
102 475 8
102 502 10
102 525 9
102 576 9
102 582 4
102 692 2
102 745 8
102 754 4
102 763 1
102 790 8
102 825 9
102 835 1
102 854 3
102 893 7
102 900 4
102 914 1
102 951 8
102 967 8
102 980 1
103 116 9
103 158 7
103 204 2
103 219 4
103 230 7
103 286 5
103 338 9
103 353 7
103 357 9
103 444 10
103 449 3
103 561 1
103 579 9
103 710 7
103 751 3
103 754 4
103 758 8
103 765 4
103 782 1
103 903 2
103 927 3
103 964 5
104 126 1
104 155 5
104 174 1
104 189 3
104 200 3
104 220 10
104 237 5
104 247 7
104 259 4
104 302 7
104 335 8
104 368 9
104 392 8
104 400 1
104 450 7
104 516 7
104 538 10
104 556 3
104 581 5
104 622 5
104 684 3
104 685 9
104 751 4
104 757 3
104 765 10
104 818 2
104 841 6
104 845 4
104 875 10
104 901 6
104 907 8
104 911 2
104 926 5
104 968 1
105 127 9
105 227 6
105 231 10
105 271 3
105 280 3
105 290 6
105 325 10
105 332 6
105 346 4
105 348 1
105 407 3
105 414 5
105 443 3
105 449 1
105 511 2
105 531 3
105 548 1
105 612 1
105 724 10
105 761 9
105 810 3
105 832 4
105 962 4
105 982 4
105 996 7
106 186 2
106 224 8
106 277 4
106 429 5
106 493 4
106 498 8
106 563 8
106 613 4
106 670 1
106 673 4
106 675 7
106 686 10
106 748 4
106 765 5
106 768 6
106 783 9
106 784 6
106 793 3
106 842 9
106 861 1
106 885 2
106 937 4
106 945 7
106 955 10
106 974 10
107 125 2
107 130 6
107 142 4
107 207 5
107 221 3
107 250 10
107 328 1
107 339 4
107 352 3
107 354 7
107 382 6
107 389 7
107 400 8
107 432 10
107 445 6
107 472 2
107 510 1
107 527 7
107 563 3
107 567 5
107 592 2
107 601 4
107 643 10
107 646 10
107 689 3
107 696 2
107 705 8
107 708 5
107 713 4
107 714 7
107 722 9
107 815 3
107 818 2
107 880 8
107 884 2
107 908 4
108 137 5
108 168 4
108 178 4
108 181 10
108 219 7
108 227 6
108 228 5
108 231 3
108 305 5
108 378 6
108 392 9
108 495 5
108 513 8
108 515 3
108 574 7
108 600 6
108 608 10
108 637 7
108 663 1
108 727 3
108 874 7
108 875 4
108 880 9
108 900 2
108 915 2
108 937 6
108 976 7
109 164 8
109 179 8
109 226 6
109 266 3
109 317 3
109 369 1
109 375 6
109 421 5
109 423 3
109 448 4
109 455 1
109 488 6
109 585 10
109 594 8
109 627 5
109 632 6
109 705 9
109 799 7
109 803 7
109 819 2
109 826 10
109 875 1
109 926 3
109 929 7
109 944 2
109 958 9
109 960 5
110 171 4
110 183 7
110 191 8
110 200 7
110 202 3
110 208 9
110 243 6
110 244 8
110 255 2
110 314 10
110 328 8
110 422 2
110 493 7
110 513 4
110 520 1
110 521 5
110 523 3
110 531 1
110 537 10
110 538 2
110 556 7
110 622 9
110 652 9
110 659 8
110 686 7
110 715 7
110 753 2
110 776 7
110 802 9
110 805 4
110 855 3
110 864 6
110 926 4
110 932 4
110 947 6
110 959 2
111 113 5
111 129 5
111 147 10
111 180 7
111 196 9
111 232 6
111 233 3
111 236 1
111 265 6
111 414 7
111 417 10
111 453 4
111 488 5
111 539 1
111 667 3
111 705 9
111 718 7
111 722 10
111 723 8
111 788 8
111 789 8
111 830 10
111 833 4
111 844 9
111 884 10
111 907 8
111 926 5
111 940 5
111 998 9
112 118 8
112 125 7
112 165 9
112 190 2
112 191 5
112 192 10
112 196 3
112 203 3
112 223 7
112 238 4
112 254 3
112 273 2
112 279 8
112 280 9
112 321 7
112 336 8
112 340 2
112 372 3
112 426 1
112 448 9
112 461 9
112 466 7
112 516 5
112 657 4
112 727 2
112 753 10
112 803 3
112 817 10
112 856 7
112 899 1
112 957 5
113 115 7
113 127 6
113 133 5
113 294 2
113 295 9
113 311 1
113 313 4
113 327 2
113 333 5
113 367 3
113 382 7
113 505 9
113 546 8
113 556 9
113 671 8
113 703 2
113 747 4
113 816 3
113 823 2
113 852 3
113 858 8
113 870 8
113 876 3
113 933 9
113 936 10
113 953 2
113 964 8
113 973 2
114 133 7
114 216 1
114 218 7
114 235 4
114 311 8
114 364 4
114 372 7
114 411 3
114 482 8
114 490 7
114 541 5
114 552 8
114 554 8
114 558 8
114 565 8
114 626 2
114 629 3
114 670 6
114 716 10
114 722 9
114 733 10
114 780 8
114 819 7
114 825 10
114 845 10
114 926 1
114 929 8
114 942 6
114 944 4
114 957 3
114 971 10
114 993 2
114 995 4
115 128 7
115 198 1
115 244 6
115 259 10
115 283 9
115 294 9
115 295 7
115 304 7
115 314 10
115 342 8
115 405 1
115 431 10
115 440 9
115 504 8
115 547 7
115 597 1
115 633 9
115 636 1
115 643 1
115 663 5
115 669 8
115 753 8
115 767 1
115 768 4
115 823 9
115 850 10
115 917 7
115 946 8
116 138 5
116 156 7
116 194 2
116 217 2
116 343 7
116 350 6
116 387 10
116 403 5
116 411 3
116 466 1
116 482 3
116 536 5
116 537 1
116 544 10
116 621 3
116 624 2
116 760 8
116 766 9
116 846 7
116 898 7
116 942 9
116 958 9
117 164 5
117 193 4
117 226 2
117 228 3
117 244 3
117 277 8
117 287 6
117 309 4
117 314 2
117 330 4
117 421 5
117 425 8
117 443 5
117 449 1
117 456 5
117 464 10
117 479 9
117 487 2
117 495 1
117 575 7
117 610 5
117 633 3
117 675 1
117 685 2
117 702 3
117 710 5
117 768 2
117 804 4
117 928 4
117 937 4
117 938 7
117 950 2
118 127 6
118 182 7
118 203 4
118 226 6
118 261 5
118 294 4
118 304 6
118 325 10
118 371 6
118 424 2
118 465 6
118 469 10
118 487 7
118 520 3
118 624 6
118 666 5
118 722 6
118 757 1
118 790 2
118 811 10
118 823 1
118 841 10
118 866 4
118 868 10
118 900 8
118 917 1
118 927 3
118 939 1
118 951 7
118 970 3
118 973 4
119 155 5
119 156 1
119 168 3
119 190 9
119 223 10
119 280 9
119 291 6
119 299 7
119 373 3
119 501 8
119 594 7
119 639 8
119 670 2
119 722 3
119 725 9
119 751 5
119 763 1
119 808 1
119 847 2
119 855 2
119 886 6
119 969 5
120 159 5
120 161 5
120 164 6
120 177 8
120 188 9
120 189 4
120 203 3
120 233 6
120 265 3
120 276 6
120 283 9
120 339 2
120 355 7
120 381 1
120 427 6
120 433 1
120 454 7
120 455 10
120 456 5
120 474 7
120 492 6
120 528 7
120 534 9
120 536 8
120 565 9
120 719 7
120 748 4
120 775 2
120 801 9
120 819 9
120 842 7
120 875 8
120 897 7
120 916 9
120 978 1
121 128 8
121 145 2
121 161 2
121 174 7
121 199 5
121 218 6
121 295 3
121 394 7
121 453 10
121 478 3
121 510 10
121 518 4
121 527 4
121 581 7
121 635 4
121 700 3
121 714 5
121 729 6
121 756 1
121 793 5
121 825 9
121 850 3
122 172 3
122 227 5
122 279 8
122 294 2
122 365 4
122 384 4
122 494 6
122 539 10
122 570 3
122 580 6
122 641 1
122 647 1
122 660 7
122 785 4
122 882 4
122 914 7
122 918 6
123 140 4
123 168 2
123 177 1
123 182 4
123 200 7
123 201 9
123 210 3
123 247 10
123 254 6
123 276 4
123 294 10
123 321 8
123 390 6
123 413 10
123 430 8
123 483 6
123 516 1
123 567 6
123 568 9
123 624 6
123 626 2
123 646 10
123 713 5
123 735 8
123 835 10
123 883 3
123 884 3
123 906 9
123 927 5
123 989 9
124 218 7
124 226 8
124 331 1
124 378 1
124 402 6
124 455 1
124 494 10
124 500 3
124 509 6
124 515 3
124 528 2
124 529 10
124 601 5
124 675 10
124 704 8
124 708 2
124 754 8
124 762 7
124 807 3
124 904 8
124 964 6
124 965 8
125 164 1
125 175 2
125 179 6
125 243 10
125 324 8
125 419 10
125 436 6
125 476 5
125 507 9
125 509 10
125 510 9
125 615 6
125 639 6
125 735 7
125 759 6
125 788 6
125 796 10
125 853 1
125 859 7
125 869 10
125 881 6
125 934 1
126 129 1
126 132 1
126 230 6
126 255 8
126 331 6
126 370 7
126 384 2
126 426 2
126 429 1
126 457 4
126 466 6
126 484 4
126 499 3
126 554 4
126 664 2
126 709 2
126 723 3
126 749 8
126 781 2
126 805 9
126 808 8
126 813 3
126 849 10
126 968 8
126 977 5
127 157 3
127 183 8
127 222 9
127 223 1
127 225 8
127 246 10
127 301 7
127 305 9
127 327 8
127 409 2
127 436 7
127 464 5
127 476 7
127 495 7
127 506 1
127 517 10
127 554 4
127 560 8
127 591 8
127 596 2
127 653 10
127 722 3
127 729 9
127 730 10
127 736 1
127 837 4
127 889 10
127 904 3
127 988 10
128 249 8
128 257 7
128 285 8
128 294 1
128 309 1
128 319 9
128 346 4
128 373 3
128 377 2
128 433 4
128 507 1
128 542 3
128 548 6
128 602 2
128 631 6
128 634 4
128 757 2
128 771 9
128 808 10
128 989 2
129 152 5
129 222 3
129 248 1
129 265 6
129 319 4
129 387 10
129 410 5
129 433 3
129 480 8
129 503 2
129 682 1
129 699 3
129 718 5
129 769 1
129 779 10
129 792 9
129 805 8
129 830 4
129 885 5
129 902 4
129 963 6
130 169 10
130 185 6
130 341 10
130 407 8
130 409 9
130 442 9
130 511 5
130 521 8
130 573 6
130 574 7
130 628 10
130 632 6
130 663 9
130 683 10
130 709 4
130 755 10
130 774 10
130 790 1
130 866 1
130 885 7
130 903 1
130 916 6
130 917 10
130 948 10
130 975 9
130 995 8
131 150 1
131 193 5
131 214 3
131 235 6
131 254 4
131 295 8
131 306 9
131 352 3
131 421 8
131 434 9
131 451 9
131 460 7
131 517 7
131 556 5
131 605 9
131 639 5
131 652 7
131 735 3
131 762 6
131 822 6
131 856 10
131 886 1
131 897 4
131 916 1
131 917 5
131 928 10
131 934 3
131 941 6
131 947 3
131 992 9
132 207 5
132 250 10
132 259 9
132 261 3
132 264 4
132 277 8
132 303 1
132 325 10
132 331 1
132 370 8
132 403 7
132 528 8
132 561 4
132 576 1
132 613 6
132 615 2
132 621 8
132 637 7
132 685 1
132 717 4
132 777 1
132 840 4
132 841 9
132 858 8
132 864 10
132 967 10
132 983 5
133 141 10
133 182 9
133 214 8
133 235 3
133 249 6
133 264 1
133 317 9
133 335 1
133 342 9
133 347 10
133 387 2
133 392 8
133 441 5
133 479 3
133 509 10
133 512 6
133 516 10
133 532 6
133 543 7
133 559 8
133 655 5
133 710 7
133 731 5
133 810 4
133 898 3
133 907 3
133 935 3
133 956 7
133 999 4
134 145 5
134 193 10
134 251 6
134 252 3
134 260 3
134 263 2
134 342 1
134 367 2
134 399 5
134 427 8
134 441 2
134 445 2
134 462 6
134 506 4
134 518 10
134 529 10
134 547 10
134 578 9
134 582 8
134 585 2
134 628 10
134 711 2
134 714 8
134 716 9
134 785 1
134 812 5
134 822 7
134 825 6
134 829 2
134 880 6
134 883 9
134 905 6
134 940 6
134 976 6
135 136 8
135 169 9
135 179 3
135 233 10
135 236 2
135 242 4
135 310 5
135 338 7
135 348 10
135 499 10
135 505 2
135 571 7
135 681 3
135 708 3
135 770 2
135 820 7
135 856 1
135 901 7
135 934 2
135 938 1
135 940 4
136 153 10
136 233 10
136 276 1
136 286 6
136 390 1
136 393 7
136 404 8
136 427 3
136 446 9
136 490 3
136 534 2
136 551 6
136 682 1
136 703 9
136 812 5
136 818 2
136 819 4
136 860 7
136 883 1
136 907 4
136 930 8
136 931 3
136 981 1
137 141 7
137 156 7
137 167 5
137 192 2
137 236 9
137 294 3
137 311 6
137 313 9
137 379 7
137 395 8
137 410 7
137 420 8
137 431 6
137 606 2
137 637 5
137 667 9
137 693 6
137 696 7
137 844 4
137 848 1
137 851 8
137 942 8
137 949 5
137 951 6
137 999 4
138 140 7
138 185 10
138 203 7
138 247 9
138 365 3
138 424 7
138 458 7
138 480 6
138 513 10
138 519 9
138 523 7
138 641 4
138 743 10
138 766 8
138 789 7
138 800 7
138 816 1
138 985 10
139 142 4
139 152 6
139 158 8
139 159 7
139 162 7
139 164 7
139 196 8
139 237 6
139 266 3
139 299 5
139 311 2
139 338 1
139 349 8
139 352 10
139 361 6
139 419 2
139 458 3
139 460 10
139 466 7
139 475 6
139 505 6
139 629 10
139 637 5
139 644 4
139 651 3
139 657 7
139 706 7
139 707 2
139 708 10
139 726 10
139 824 6
139 907 4
139 942 3
139 944 5
139 946 2
140 145 7
140 228 4
140 268 3
140 311 7
140 316 5
140 362 2
140 485 9
140 507 8
140 509 9
140 554 9
140 561 9
140 623 9
140 671 5
140 684 3
140 688 3
140 691 7
140 737 1
140 763 8
140 771 5
140 776 10
140 794 2
140 816 2
140 847 3
140 853 7
140 882 5
140 918 5
140 969 8
140 997 1
141 195 3
141 198 7
141 204 6
141 235 5
141 265 9
141 274 9
141 356 3
141 360 2
141 381 5
141 387 5
141 416 9
141 505 8
141 513 8
141 553 1
141 569 2
141 640 6
141 649 1
141 653 6
141 661 8
141 711 9
141 733 5
141 737 1
141 794 5
141 902 1
141 973 7
141 983 4
142 202 10
142 238 1
142 255 4
142 315 9
142 322 3
142 347 2
142 349 1
142 355 4
142 369 1
142 475 7
142 486 2
142 502 2
142 536 7
142 537 7
142 539 6
142 550 3
142 570 1
142 625 8
142 627 1
142 640 6
142 652 6
142 661 2
142 691 4
142 702 9
142 779 2
142 879 7
142 938 5
143 157 2
143 242 8
143 252 8
143 255 2
143 257 1
143 272 5
143 275 7
143 360 10
143 371 3
143 382 5
143 383 2
143 404 6
143 445 1
143 480 10
143 539 2
143 544 8
143 659 3
143 767 2
143 837 3
143 937 7
144 189 4
144 192 10
144 223 10
144 241 10
144 355 3
144 470 9
144 479 10
144 507 7
144 571 10
144 572 8
144 584 5
144 597 7
144 610 5
144 629 4
144 646 5
144 751 1
144 755 3
144 778 4
144 783 6
144 839 5
144 844 9
144 890 7
144 894 2
144 935 10
145 172 4
145 182 6
145 201 2
145 209 8
145 211 8
145 236 6
145 247 2
145 248 10
145 277 4
145 351 2
145 387 1
145 392 6
145 506 5
145 515 9
145 541 3
145 552 10
145 556 8
145 561 6
145 671 10
145 693 9
145 701 7
145 790 5
145 795 7
145 812 6
145 831 7
145 841 7
145 852 3
145 887 6
145 888 2
145 928 5
145 931 10
145 963 5
146 236 3
146 241 10
146 290 4
146 320 1
146 322 1
146 323 1
146 355 10
146 396 2
146 412 2
146 490 5
146 540 5
146 584 5
146 618 7
146 647 9
146 675 5
146 784 7
146 843 1
146 894 6
146 983 1
147 159 5
147 171 8
147 186 2
147 205 10
147 233 1
147 263 2
147 271 4
147 290 7
147 310 2
147 316 9
147 403 5
147 459 5
147 471 8
147 479 2
147 490 4
147 507 7
147 525 5
147 527 7
147 528 6
147 556 5
147 557 9
147 624 2
147 637 5
147 658 1
147 675 8
147 716 2
147 725 6
147 764 4
147 768 7
147 773 7
147 818 9
147 835 2
147 839 3
147 893 7
147 900 2
147 903 10
148 205 3
148 231 4
148 340 3
148 378 8
148 385 3
148 397 6
148 435 3
148 436 8
148 523 1
148 549 6
148 554 9
148 611 2
148 624 9
148 626 10
148 647 5
148 648 4
148 673 7
148 708 10
148 742 6
148 835 7
148 911 3
148 939 8
148 952 6
148 977 2
149 153 1
149 154 8
149 171 9
149 237 1
149 247 7
149 249 6
149 306 9
149 350 4
149 371 6
149 406 1
149 415 2
149 423 7
149 439 9
149 449 7
149 532 10
149 568 4
149 620 10
149 641 7
149 642 9
149 679 8
149 712 2
149 721 3
149 752 1
149 764 4
149 787 7
149 833 7
149 864 10
149 874 7
149 909 3
149 921 6
150 202 4
150 204 2
150 237 8
150 268 10
150 292 1
150 393 8
150 409 4
150 476 10
150 493 7
150 511 6
150 527 3
150 550 2
150 553 7
150 579 9
150 590 2
150 688 10
150 709 9
150 780 1
150 809 5
150 811 7
150 831 10
150 839 1
150 858 9
150 972 6
150 975 6
151 160 8
151 251 5
151 309 10
151 314 7
151 395 2
151 417 5
151 455 1
151 468 1
151 487 6
151 522 2
151 552 5
151 589 7
151 596 9
151 652 5
151 700 4
151 719 1
151 725 5
151 768 10
151 773 9
151 821 1
151 824 3
151 856 10
151 857 5
151 889 7
151 929 9
151 960 8
151 981 6
152 160 4
152 204 6
152 214 9
152 292 2
152 295 4
152 297 10
152 302 7
152 433 2
152 441 8
152 473 3
152 492 8
152 521 6
152 536 7
152 544 4
152 576 5
152 578 7
152 629 9
152 635 5
152 641 4
152 642 6
152 659 1
152 685 5
152 701 8
152 734 4
152 757 7
152 832 5
152 856 3
152 898 9
152 915 9
152 973 6
153 193 3
153 243 6
153 270 3
153 311 4
153 400 1
153 446 4
153 520 6
153 556 6
153 562 9
153 593 5
153 595 5
153 602 9
153 619 6
153 623 5
153 633 6
153 674 8
153 702 10
153 776 7
153 791 9
153 796 2
153 823 4
153 848 5
153 851 9
153 876 4
153 877 5
153 897 7
153 922 9
153 946 5
153 953 9
153 968 6
153 976 10
154 193 9
154 215 2
154 232 9
154 234 9
154 278 5
154 385 1
154 393 1
154 652 8
154 681 4
154 718 9
154 736 2
154 751 6
154 801 10
154 899 9
154 902 10
154 989 1
154 990 6
154 994 3
155 159 2
155 288 1
155 383 10
155 395 8
155 407 8
155 501 8
155 676 8
155 683 10
155 779 4
155 813 1
155 827 3
155 834 3
155 841 3
155 879 5
155 880 10
156 186 7
156 211 1
156 217 7
156 243 5
156 363 8
156 386 5
156 398 5
156 436 6
156 457 6
156 498 8
156 559 6
156 589 3
156 608 8
156 623 4
156 631 3
156 634 3
156 662 3
156 694 5
156 762 7
156 779 6
156 854 10
156 887 4
156 908 8
157 187 2
157 189 6
157 199 4
157 225 3
157 234 8
157 241 1
157 264 3
157 265 4
157 286 3
157 298 2
157 346 7
157 365 7
157 371 6
157 401 7
157 427 4
157 435 8
157 455 6
157 463 3
157 466 7
157 484 3
157 486 2
157 499 8
157 517 3
157 531 9
157 536 7
157 542 10
157 545 2
157 581 10
157 607 1
157 614 1
157 615 4
157 620 4
157 710 10
157 742 5
157 765 10
157 792 1
157 851 2
157 882 4
157 930 7
157 949 4
157 962 4
158 179 6
158 316 7
158 320 2
158 331 9
158 346 8
158 361 8
158 417 6
158 430 1
158 449 9
158 509 9
158 565 10
158 597 1
158 600 9
158 611 8
158 613 7
158 618 5
158 626 2
158 700 5
158 758 7
158 784 2
158 864 3
158 886 1
158 966 9
159 224 2
159 243 5
159 273 5
159 275 4
159 276 7
159 331 2
159 393 2
159 413 10
159 467 5
159 488 8
159 505 10
159 530 5
159 543 2
159 545 3
159 566 2
159 618 10
159 636 4
159 650 2
159 653 4
159 776 9
159 782 8
159 840 4
159 861 7
159 873 10
159 900 4
159 918 4
159 931 3
159 946 5
159 949 10
159 975 10
160 196 1
160 241 3
160 277 8
160 284 7
160 294 2
160 345 8
160 358 4
160 372 4
160 401 9
160 431 9
160 457 4
160 460 7
160 561 10
160 569 3
160 585 4
160 619 7
160 666 9
160 677 5
160 681 8
160 733 10
160 768 4
160 782 8
160 791 10
160 838 6
160 850 5
160 871 6
160 889 6
160 928 8
161 166 9
161 207 2
161 249 8
161 257 4
161 268 1
161 278 7
161 318 1
161 332 5
161 381 2
161 470 2
161 482 2
161 497 9
161 498 9
161 513 4
161 540 8
161 556 1
161 559 3
161 568 10
161 570 7
161 610 1
161 687 8
161 783 5
161 811 1
161 816 10
161 826 4
162 174 2
162 176 1
162 181 3
162 232 4
162 233 9
162 284 7
162 328 4
162 339 8
162 350 7
162 366 5
162 373 4
162 429 9
162 446 1
162 448 5
162 481 3
162 494 1
162 546 10
162 569 6
162 579 2
162 586 6
162 592 6
162 603 4
162 667 7
162 722 5
162 728 2
162 777 4
162 805 8
162 911 5
163 226 2
163 304 4
163 326 10
163 337 4
163 393 1
163 513 1
163 553 2
163 558 5
163 566 4
163 572 10
163 574 1
163 584 3
163 608 10
163 616 1
163 618 6
163 639 4
163 705 2
163 738 2
163 909 7
163 965 10
164 202 10
164 212 9
164 267 5
164 333 6
164 363 9
164 385 8
164 423 1
164 431 6
164 471 1
164 484 4
164 495 2
164 500 9
164 521 8
164 552 7
164 590 8
164 606 2
164 655 8
164 693 6
164 726 2
164 745 10
164 809 10
164 887 6
165 180 4
165 210 5
165 218 2
165 229 5
165 258 3
165 301 10
165 335 2
165 337 1
165 341 7
165 350 6
165 387 2
165 394 7
165 411 3
165 468 10
165 472 8
165 592 6
165 606 6
165 624 1
165 691 9
165 734 10
165 785 1
165 951 5
165 967 5
166 171 9
166 251 2
166 266 6
166 267 8
166 362 8
166 398 10
166 421 4
166 489 3
166 492 1
166 494 4
166 506 4
166 521 7
166 541 3
166 574 1
166 594 8
166 697 3
166 699 9
166 722 1
166 750 6
166 796 10
166 816 1
166 830 2
166 839 1
166 886 1
166 991 5
167 190 5
167 192 3
167 256 5
167 309 10
167 323 2
167 328 3
167 333 8
167 353 10
167 403 9
167 410 1
167 475 6
167 480 3
167 511 3
167 572 9
167 592 7
167 606 5
167 692 4
167 709 9
167 722 3
167 813 5
167 895 3
167 924 10
167 952 9
168 185 6
168 202 9
168 211 7
168 242 10
168 251 7
168 272 8
168 300 2
168 328 5
168 338 8
168 429 5
168 470 1
168 473 6
168 478 1
168 496 4
168 553 5
168 554 5
168 568 7
168 576 7
168 583 4
168 588 1
168 653 6
168 694 1
168 739 5
168 760 1
168 785 10
168 860 8
168 920 1
168 928 9
168 963 4
168 974 1
169 322 6
169 323 4
169 410 1
169 499 2
169 527 9
169 545 3
169 591 4
169 599 2
169 610 6
169 695 9
169 726 9
169 773 3
169 781 5
169 786 9
169 810 2
169 841 10
169 861 1
169 914 10
169 922 1
169 925 3
169 929 8
169 944 4
169 976 2
169 993 7
170 172 8
170 183 1
170 200 2
170 235 4
170 255 7
170 265 7
170 285 6
170 392 1
170 422 2
170 423 5
170 430 3
170 464 9
170 490 9
170 540 3
170 560 7
170 569 5
170 595 2
170 614 9
170 654 7
170 701 5
170 705 10
170 709 9
170 763 4
170 804 1
170 849 7
170 876 6
170 885 6
170 936 5
170 940 7
170 955 10
170 972 1
170 985 1
171 251 8
171 279 9
171 309 3
171 317 2
171 333 7
171 345 1
171 383 10
171 389 1
171 410 5
171 424 8
171 451 2
171 471 7
171 497 4
171 536 4
171 541 3
171 602 10
171 614 7
171 657 3
171 706 4
171 734 8
171 738 4
171 856 7
171 942 9
171 980 7
172 214 1
172 260 9
172 289 9
172 301 7
172 338 1
172 357 5
172 362 9
172 363 9
172 385 2
172 584 6
172 670 4
172 671 9
172 768 2
172 801 9
172 871 3
172 911 8
172 933 8
172 943 1
172 946 10
172 960 6
172 985 2
172 993 4
173 208 5
173 257 2
173 276 8
173 281 5
173 407 6
173 442 1
173 483 3
173 488 1
173 519 10
173 663 9
173 711 2
173 712 2
173 738 7
173 740 5
173 746 1
173 806 9
173 940 1
174 216 8
174 245 7
174 254 3
174 258 5
174 277 10
174 284 2
174 291 4
174 349 2
174 400 5
174 406 8
174 411 3
174 447 6
174 525 9
174 532 6
174 557 7
174 571 7
174 578 5
174 596 7
174 602 2
174 605 6
174 715 9
174 727 10
174 757 6
174 807 9
174 823 2
174 851 9
174 872 9
174 949 1
174 953 5
174 983 5
175 201 5
175 240 5
175 243 10
175 246 2
175 255 2
175 291 10
175 296 3
175 340 3
175 349 2
175 445 1
175 458 4
175 540 10
175 548 1
175 553 9
175 581 7
175 592 8
175 595 8
175 624 10
175 687 10
175 709 7
175 751 1
175 768 4
175 820 1
175 872 2
175 921 10
175 959 6
176 209 9
176 220 10
176 221 4
176 222 5
176 225 5
176 318 2
176 336 2
176 371 10
176 396 3
176 397 3
176 420 8
176 502 2
176 508 9
176 692 6
176 763 6
176 767 2
176 814 5
176 815 5
176 831 5
176 898 6
176 937 5
176 951 7
176 955 7
176 995 3
177 188 8
177 205 10
177 259 7
177 372 6
177 373 6
177 434 3
177 488 4
177 503 3
177 571 10
177 616 3
177 631 6
177 649 1
177 689 9
177 693 3
177 773 10
177 850 8
177 898 4
177 904 4
177 917 10
178 189 5
178 211 3
178 274 10
178 316 3
178 318 9
178 346 1
178 372 2
178 377 1
178 401 3
178 403 8
178 456 10
178 469 3
178 479 9
178 507 8
178 509 10
178 570 5
178 593 8
178 603 5
178 637 6
178 647 3
178 696 1
178 752 8
178 796 8
178 811 10
178 849 9
178 856 1
178 881 8
178 908 7
178 998 1
179 198 7
179 292 6
179 325 4
179 341 6
179 373 10
179 381 7
179 389 3
179 404 2
179 448 2
179 458 3
179 472 5
179 482 7
179 515 1
179 525 7
179 531 10
179 543 2
179 567 9
179 656 3
179 670 2
179 678 8
179 733 7
179 758 1
179 800 8
179 816 2
179 843 2
179 853 10
179 870 3
179 883 8
179 913 8
179 936 2
180 269 10
180 278 8
180 300 1
180 404 7
180 419 8
180 556 5
180 569 7
180 592 5
180 680 8
180 736 8
180 758 5
180 849 2
180 883 3
180 898 7
180 919 7
180 958 8
181 197 2
181 217 5
181 369 2
181 403 10
181 416 7
181 454 6
181 480 3
181 540 2
181 624 7
181 659 1
181 668 10
181 695 4
181 732 8
181 753 10
181 776 7
181 856 6
181 905 5
182 188 3
182 240 7
182 250 9
182 262 4
182 263 3
182 276 1
182 318 1
182 418 9
182 489 5
182 561 3
182 662 7
182 812 4
182 947 1
182 999 2
183 213 9
183 258 7
183 318 2
183 324 2
183 341 9
183 350 6
183 382 2
183 453 4
183 464 6
183 510 2
183 543 6
183 580 7
183 674 10
183 691 1
183 760 3
183 797 2
183 801 10
183 813 4
183 823 2
183 858 8
183 906 5
183 923 2
183 953 4
183 976 7
184 205 4
184 210 2
184 255 7
184 275 10
184 293 4
184 344 4
184 413 2
184 457 8
184 490 4
184 565 2
184 598 2
184 631 2
184 664 7
184 748 2
184 759 2
184 773 5
184 790 4
184 837 3
184 895 10
184 955 2
185 208 6
185 235 1
185 249 10
185 266 6
185 277 9
185 301 2
185 460 7
185 521 3
185 683 6
185 703 2
185 742 5
185 743 4
185 781 3
185 788 9
185 797 4
185 800 2
185 812 7
185 832 1
185 880 8
185 881 6
185 908 10
185 986 1
185 998 3
186 196 5
186 203 6
186 248 2
186 281 8
186 283 6
186 291 5
186 294 3
186 315 1
186 326 8
186 374 10
186 389 1
186 413 3
186 448 4
186 476 5
186 492 7
186 506 9
186 514 2
186 523 9
186 592 7
186 616 6
186 625 4
186 655 9
186 658 7
186 668 4
186 707 4
186 745 1
186 755 2
186 835 5
186 876 10
186 933 6
186 944 1
187 255 6
187 299 8
187 340 4
187 361 8
187 380 4
187 407 9
187 416 1
187 583 10
187 613 10
187 631 3
187 710 6
187 712 2
187 718 1
187 719 3
187 732 1
187 734 7
187 785 6
187 844 7
187 867 7
187 877 1
187 909 3
187 959 8
187 972 4
188 201 10
188 207 1
188 228 7
188 241 4
188 246 10
188 259 5
188 311 4
188 347 10
188 416 7
188 417 8
188 418 5
188 443 9
188 463 7
188 522 8
188 615 5
188 656 7
188 670 3
188 678 9
188 710 4
188 764 8
188 783 1
188 799 8
188 844 6
188 875 3
188 878 2
188 909 5
188 911 8
188 957 5
188 986 10
189 235 7
189 267 1
189 330 2
189 425 8
189 434 7
189 443 6
189 456 8
189 497 4
189 529 9
189 577 10
189 616 1
189 641 5
189 681 4
189 710 2
189 715 7
189 775 6
189 828 2
189 833 10
189 884 4
189 907 10
189 917 9
189 918 6
190 253 10
190 256 6
190 303 6
190 306 2
190 353 6
190 422 6
190 473 6
190 515 1
190 561 6
190 574 6
190 640 10
190 648 10
190 653 9
190 669 2
190 682 10
190 720 4
190 775 8
190 829 3
190 840 2
190 892 5
190 921 3
190 986 8
191 217 2
191 221 6
191 225 3
191 253 5
191 321 5
191 356 6
191 372 9
191 395 2
191 449 8
191 461 6
191 477 9
191 493 7
191 508 4
191 568 8
191 610 2
191 629 7
191 649 6
191 654 9
191 791 4
191 803 9
191 812 10
191 827 4
191 829 1
191 834 7
191 875 2
191 887 9
191 964 2
192 226 8
192 263 4
192 292 6
192 393 2
192 472 3
192 483 5
192 491 5
192 505 6
192 592 7
192 600 8
192 712 4
192 773 9
192 780 6
192 809 10
192 813 8
192 878 10
192 894 3
192 916 3
192 922 1
192 948 2
192 955 1
193 212 8
193 265 5
193 285 7
193 292 3
193 356 3
193 359 1
193 377 10
193 405 4
193 541 9
193 544 2
193 566 8
193 573 2
193 616 8
193 622 9
193 715 3
193 749 8
193 769 1
193 814 8
193 826 9
193 832 9
193 900 10
193 953 2
193 972 5
194 303 7
194 330 10
194 338 10
194 344 10
194 358 5
194 459 3
194 471 4
194 528 7
194 541 4
194 694 4
194 718 2
194 793 1
194 828 4
194 892 6
194 895 3
194 916 2
194 990 3
195 240 2
195 245 1
195 254 10
195 274 8
195 353 10
195 392 2
195 398 3
195 403 2
195 411 9
195 509 3
195 597 9
195 679 10
195 733 9
195 735 10
195 798 8
195 833 5
195 859 9
195 877 4
195 898 4
195 969 10
196 224 10
196 303 10
196 351 1
196 374 10
196 410 1
196 476 9
196 534 10
196 540 6
196 546 8
196 632 2
196 656 5
196 678 2
196 683 3
196 753 5
196 759 7
196 769 3
196 912 5
196 932 2
197 216 7
197 220 8
197 260 7
197 323 5
197 337 2
197 437 8
197 483 10
197 490 6
197 495 7
197 538 4
197 549 1
197 582 7
197 593 7
197 620 1
197 628 4
197 690 3
197 696 6
197 754 7
197 768 5
197 772 1
197 783 2
197 820 10
197 839 9
197 853 4
197 877 6
197 995 7
198 227 3
198 267 7
198 271 4
198 279 7
198 285 1
198 286 3
198 294 4
198 304 7
198 330 6
198 334 6
198 418 8
198 517 8
198 582 6
198 651 7
198 669 2
198 688 2
198 698 3
198 774 9
198 797 3
198 818 1
198 925 2
198 935 10
198 979 3
198 984 2
199 209 6
199 225 5
199 227 1
199 259 7
199 290 8
199 319 8
199 332 1
199 379 1
199 406 7
199 481 5
199 517 6
199 519 10
199 544 1
199 565 4
199 615 5
199 640 10
199 671 4
199 676 7
199 784 5
199 827 1
199 844 9
199 854 10
199 861 7
199 904 7
199 927 2
199 980 5
200 220 10
200 224 7
200 233 9
200 269 9
200 300 8
200 310 4
200 316 10
200 335 5
200 340 2
200 349 1
200 371 7
200 376 2
200 384 5
200 403 10
200 405 5
200 408 2
200 431 5
200 449 4
200 478 6
200 490 10
200 491 5
200 624 3
200 645 2
200 655 6
200 735 1
200 753 10
200 793 5
200 828 8
200 872 8
200 910 4
200 967 7
201 214 10
201 217 10
201 221 6
201 229 9
201 253 6
201 296 6
201 300 10
201 375 2
201 431 1
201 572 9
201 618 9
201 621 5
201 622 9
201 699 10
201 771 6
201 806 4
201 809 4
201 832 9
201 942 2
201 961 2
201 996 5
202 231 6
202 246 9
202 292 3
202 311 8
202 315 9
202 342 9
202 365 7
202 442 5
202 445 8
202 457 4
202 460 8
202 519 6
202 562 10
202 694 3
202 718 9
202 802 7
202 812 8
202 867 9
202 887 1
202 933 7
202 947 10
202 955 3
202 971 2
203 232 3
203 267 5
203 277 3
203 301 6
203 307 2
203 319 2
203 398 9
203 417 5
203 418 8
203 441 3
203 463 8
203 478 6
203 607 3
203 621 6
203 631 1
203 669 6
203 694 1
203 741 1
203 755 7
203 793 3
203 838 5
203 839 1
203 881 2
203 947 7
204 255 3
204 266 4
204 324 4
204 337 7
204 365 9
204 403 6
204 434 8
204 483 5
204 493 7
204 539 9
204 614 5
204 621 5
204 628 7
204 696 5
204 745 9
204 813 6
204 822 7
204 851 2
204 861 4
204 886 5
204 887 5
204 899 1
204 967 2
204 992 8
205 221 5
205 238 6
205 244 9
205 262 6
205 282 2
205 331 4
205 380 3
205 474 7
205 483 4
205 486 1
205 508 9
205 512 5
205 522 8
205 558 5
205 570 5
205 578 7
205 640 3
205 661 4
205 703 5
205 728 7
205 841 1
205 878 6
205 894 10
205 900 9
205 925 3
205 990 8
206 210 1
206 257 6
206 298 3
206 319 3
206 321 7
206 363 2
206 374 7
206 377 5
206 428 2
206 431 1
206 435 2
206 442 5
206 477 2
206 519 3
206 530 8
206 541 1
206 545 5
206 605 3
206 727 10
206 757 2
206 817 2
206 823 7
206 826 2
206 885 3
206 901 6
206 987 4
206 994 10
207 218 10
207 244 1
207 280 5
207 290 4
207 324 8
207 372 1
207 380 7
207 419 2
207 421 8
207 428 4
207 446 9
207 569 3
207 597 7
207 616 9
207 619 7
207 631 7
207 656 5
207 692 8
207 697 5
207 713 3
207 717 7
207 722 7
207 746 9
207 777 4
207 779 4
207 786 4
207 793 10
207 802 1
207 803 7
207 819 6
207 829 4
207 845 4
207 854 7
207 858 8
207 886 1
207 910 5
207 914 4
207 938 1
207 939 6
207 955 8
207 956 3
208 229 10
208 264 8
208 283 3
208 313 6
208 325 10
208 354 1
208 364 2
208 371 6
208 377 1
208 483 2
208 489 8
208 507 8
208 554 4
208 572 5
208 595 2
208 614 9
208 646 2
208 669 6
208 748 8
208 830 3
208 904 2
208 906 10
208 933 1
208 956 1
208 977 9
209 237 7
209 242 1
209 293 6
209 320 7
209 323 8
209 340 7
209 371 6
209 396 5
209 465 1
209 475 5
209 500 1
209 521 5
209 557 8
209 568 9
209 590 10
209 597 6
209 605 9
209 607 10
209 645 7
209 664 2
209 732 6
209 752 5
209 814 2
209 881 8
209 921 1
209 928 3
209 946 2
209 979 6
210 234 10
210 405 5
210 413 10
210 490 6
210 607 10
210 614 1
210 722 9
210 729 2
210 856 5
210 866 5
210 989 10
210 991 9
210 996 2
211 222 3
211 240 2
211 254 5
211 265 9
211 287 6
211 346 4
211 371 4
211 401 2
211 411 2
211 532 7
211 551 2
211 579 1
211 589 6
211 616 1
211 650 8
211 668 4
211 732 3
211 753 7
211 815 4
211 819 3
211 850 7
211 860 3
211 884 7
211 908 10
211 909 6
211 926 1
211 941 4
211 965 6
211 966 5
212 320 7
212 405 7
212 408 6
212 471 2
212 515 4
212 518 5
212 570 1
212 612 2
212 619 7
212 724 1
212 777 3
212 825 5
212 843 1
212 860 6
212 892 3
212 964 9
212 987 6
213 236 3
213 294 5
213 345 5
213 386 9
213 399 2
213 422 10
213 430 4
213 457 10
213 505 9
213 508 3
213 514 2
213 533 5
213 641 6
213 644 6
213 708 2
213 716 5
213 718 1
213 754 4
213 785 2
213 824 4
213 829 9
213 864 2
213 893 9
213 932 2
213 964 8
213 977 4
214 273 5
214 306 9
214 315 1
214 329 5
214 341 9
214 361 6
214 392 8
214 421 10
214 450 8
214 508 1
214 513 5
214 537 1
214 621 6
214 648 4
214 667 1
214 709 2
214 787 2
214 790 6
214 849 5
214 882 2
214 904 3
214 918 6
214 951 2
214 978 10
215 243 8
215 281 4
215 351 9
215 428 8
215 432 1
215 443 10
215 458 9
215 484 2
215 517 6
215 529 10
215 533 6
215 539 4
215 661 5
215 713 8
215 714 6
215 757 10
215 769 4
215 794 4
215 836 4
215 837 7
215 891 5
215 906 6
215 976 10
216 230 6
216 232 10
216 362 8
216 508 8
216 525 1
216 544 5
216 630 8
216 634 7
216 655 3
216 656 10
216 665 8
216 716 7
216 735 5
216 813 4
216 825 7
216 868 3
216 899 7
216 943 8
216 953 8
216 995 5
217 264 10
217 329 9
217 405 9
217 438 3
217 454 6
217 458 8
217 588 5
217 628 1
217 629 1
217 642 10
217 659 1
217 696 2
217 705 1
217 710 2
217 726 1
217 762 9
217 793 4
217 859 4
217 928 2
217 970 10
217 988 5
218 296 3
218 307 9
218 316 3
218 328 9
218 343 5
218 356 5
218 380 5
218 478 4
218 498 10
218 546 7
218 622 5
218 641 5
218 670 2
218 697 3
218 762 9
218 805 7
218 806 9
218 825 3
218 830 2
218 842 9
218 879 5
218 883 5
219 274 10
219 285 5
219 405 6
219 498 2
219 535 9
219 580 5
219 617 7
219 657 6
219 658 4
219 667 6
219 671 6
219 722 2
219 733 9
219 763 3
219 799 7
219 844 8
219 845 1
219 880 9
219 884 10
219 898 1
219 926 6
219 929 2
219 945 4
220 295 6
220 298 5
220 316 4
220 323 5
220 347 2
220 361 1
220 378 8
220 385 4
220 403 8
220 476 10
220 478 4
220 550 8
220 554 5
220 555 2
220 588 4
220 607 7
220 650 8
220 676 1
220 720 4
220 723 8
220 842 4
220 899 1
220 925 9
220 939 9
220 985 4
221 239 10
221 247 7
221 265 3
221 303 10
221 354 9
221 420 9
221 458 9
221 484 3
221 489 9
221 522 2
221 531 5
221 635 5
221 646 2
221 678 4
221 705 9
221 715 4
221 753 7
221 768 9
221 789 2
221 799 8
221 831 3
221 843 8
221 895 1
222 270 8
222 274 4
222 285 6
222 329 1
222 392 4
222 400 8
222 454 6
222 458 10
222 482 4
222 485 4
222 488 8
222 609 2
222 625 8
222 639 1
222 657 6
222 663 9
222 686 3
222 728 6
222 779 5
222 817 1
222 863 7
222 882 8
222 883 10
222 886 2
222 984 1
223 360 10
223 379 4
223 422 9
223 446 8
223 458 8
223 514 7
223 572 8
223 590 1
223 593 8
223 654 8
223 656 2
223 746 1
223 763 2
223 869 6
223 881 9
223 886 6
223 899 6
223 969 6
223 987 7
224 322 3
224 440 8
224 531 8
224 630 9
224 637 4
224 688 2
224 769 8
224 781 8
224 799 7
224 882 7
224 922 8
224 928 8
224 964 2
225 242 7
225 351 9
225 462 9
225 485 9
225 544 8
225 559 8
225 566 5
225 752 9
225 756 7
225 801 4
225 837 10
225 877 2
225 932 10
225 961 8
226 228 7
226 252 2
226 307 9
226 371 4
226 406 9
226 428 8
226 541 9
226 586 6
226 601 6
226 618 5
226 675 5
226 680 9
226 735 5
226 747 7
226 757 6
226 775 4
226 799 10
226 830 9
226 851 2
226 876 3
226 895 8
226 924 5
226 944 9
227 282 8
227 366 10
227 381 9
227 386 1
227 387 1
227 434 10
227 467 4
227 532 3
227 542 2
227 559 1
227 595 7
227 612 7
227 613 3
227 616 6
227 661 8
227 705 5
227 720 8
227 784 5
227 806 9
227 829 2
227 846 9
227 852 2
227 875 10
227 926 6
227 939 2
228 260 5
228 325 7
228 338 3
228 376 5
228 378 8
228 385 5
228 388 9
228 394 2
228 441 10
228 522 1
228 548 5
228 565 2
228 582 5
228 601 5
228 605 6
228 642 6
228 712 9
228 716 1
228 728 2
228 824 6
228 911 2
228 916 4
228 964 3
229 278 2
229 288 3
229 295 10
229 316 2
229 339 4
229 378 3
229 385 5
229 387 8
229 405 3
229 432 2
229 472 9
229 497 7
229 503 7
229 534 6
229 679 8
229 948 3
229 969 4
229 985 3
229 991 10
229 992 10
230 268 7
230 307 2
230 324 2
230 337 10
230 340 6
230 366 9
230 481 2
230 539 4
230 587 8
230 610 5
230 624 6
230 626 1
230 661 3
230 674 5
230 701 7
230 771 8
230 773 2
230 780 4
230 794 7
230 824 6
230 831 4
230 834 6
230 857 1
230 886 8
230 936 3
230 973 4
230 979 1
230 989 3
231 271 6
231 288 10
231 309 7
231 324 3
231 380 3
231 427 10
231 444 3
231 454 1
231 462 3
231 491 9
231 556 10
231 584 5
231 604 4
231 622 4
231 629 4
231 675 7
231 683 1
231 705 1
231 713 4
231 730 2
231 780 8
231 801 8
231 887 1
231 891 6
231 914 6
231 928 2
231 959 4
231 964 3
232 297 4
232 350 8
232 403 2
232 442 4
232 470 4
232 491 1
232 542 4
232 574 8
232 619 7
232 660 2
232 679 3
232 704 10
232 750 3
232 805 4
232 809 4
232 822 6
232 880 4
232 900 3
232 927 8
232 944 7
232 983 9
233 362 10
233 407 10
233 461 2
233 503 2
233 515 4
233 625 4
233 636 9
233 669 6
233 786 2
233 858 6
233 896 9
233 942 3
234 325 8
234 343 6
234 404 10
234 417 6
234 419 3
234 438 5
234 512 8
234 565 5
234 620 4
234 624 1
234 627 3
234 695 3
234 715 3
234 763 9
234 792 10
234 837 8
234 867 5
234 902 4
234 903 4
234 922 2
234 949 8
234 974 9
235 394 4
235 395 6
235 430 1
235 444 7
235 578 3
235 591 2
235 627 1
235 629 2
235 886 9
235 892 5
235 913 9
235 986 3
236 244 1
236 250 7
236 273 7
236 290 8
236 308 4
236 374 3
236 382 4
236 423 8
236 434 1
236 456 3
236 469 8
236 504 2
236 523 3
236 577 3
236 617 6
236 619 4
236 639 4
236 647 7
236 653 9
236 654 7
236 702 9
236 704 3
236 720 4
236 748 7
236 838 3
236 843 9
236 860 3
236 862 2
236 879 3
236 912 2
236 917 9
236 978 9
236 998 10
237 242 10
237 253 9
237 274 6
237 286 2
237 314 5
237 410 5
237 415 8
237 439 7
237 461 1
237 483 7
237 531 2
237 566 5
237 661 8
237 710 4
237 787 2
237 791 1
237 797 2
237 884 7
238 313 5
238 332 7
238 356 1
238 395 5
238 398 1
238 399 7
238 413 9
238 441 2
238 448 8
238 450 1
238 495 7
238 565 10
238 573 3
238 583 9
238 592 1
238 629 7
238 636 2
238 697 9
238 789 6
238 823 6
238 829 8
238 864 2
238 879 5
238 965 7
239 252 3
239 257 6
239 265 3
239 366 8
239 390 8
239 397 6
239 409 5
239 557 2
239 608 10
239 612 1
239 693 1
239 728 1
239 760 6
239 767 10
239 791 2
239 802 4
239 820 10
239 821 6
239 831 6
240 344 7
240 384 3
240 447 6
240 475 8
240 497 1
240 504 3
240 515 6
240 580 9
240 594 9
240 647 2
240 662 2
240 723 5
240 767 6
240 860 8
240 951 8
241 245 8
241 246 3
241 314 6
241 354 10
241 402 7
241 465 4
241 493 4
241 559 1
241 576 3
241 577 9
241 600 1
241 616 2
241 625 7
241 638 3
241 650 7
241 695 5
241 727 9
241 778 8
241 792 4
241 830 5
241 867 8
241 957 1
241 960 7
241 966 6
242 251 4
242 322 1
242 373 8
242 380 4
242 396 7
242 399 7
242 427 10
242 481 1
242 541 3
242 555 3
242 599 1
242 614 7
242 659 7
242 677 3
242 721 9
242 754 2
242 764 6
242 806 5
242 832 9
242 931 9
243 246 9
243 343 2
243 486 9
243 511 3
243 521 9
243 550 10
243 563 2
243 576 1
243 587 2
243 641 8
243 687 9
243 708 3
243 709 8
243 719 10
243 734 2
243 739 10
243 768 4
243 841 4
243 845 7
243 867 4
243 903 9
243 936 10
243 959 1
243 987 9
244 482 2
244 489 10
244 658 4
244 691 5
244 704 8
244 738 10
244 775 4
244 969 7
245 249 4
245 310 2
245 329 8
245 609 8
245 633 9
245 651 9
245 655 7
245 658 8
245 745 8
245 774 2
245 798 8
245 808 7
245 814 3
245 849 5
245 862 8
245 882 6
245 916 5
246 261 4
246 278 10
246 289 10
246 366 5
246 410 4
246 431 9
246 487 3
246 488 2
246 499 6
246 516 8
246 539 8
246 565 6
246 927 1
247 295 5
247 337 9
247 353 9
247 371 5
247 392 4
247 397 6
247 498 6
247 514 10
247 519 8
247 549 8
247 570 7
247 578 1
247 632 1
247 672 7
247 696 10
247 741 5
247 745 7
247 755 7
247 781 7
247 803 3
247 837 9
247 895 4
247 922 6
247 937 10
247 974 3
248 278 2
248 300 7
248 360 2
248 391 2
248 392 8
248 396 3
248 408 8
248 441 3
248 508 8
248 516 5
248 538 5
248 592 5
248 612 9
248 630 9
248 638 5
248 710 7
248 722 7
248 727 5
248 728 1
248 736 4
248 738 3
248 773 7
248 818 5
248 982 10
248 993 2
249 294 4
249 302 6
249 338 6
249 339 7
249 344 2
249 357 6
249 373 1
249 417 9
249 451 5
249 505 2
249 507 7
249 524 6
249 531 7
249 541 9
249 552 8
249 570 1
249 590 7
249 599 4
249 658 4
249 660 1
249 688 8
249 692 2
249 702 1
249 729 9
249 736 4
249 767 6
249 816 10
249 820 2
249 831 4
249 832 6
249 905 3
249 938 2
249 946 9
250 322 6
250 340 3
250 344 6
250 399 2
250 427 10
250 431 5
250 472 10
250 525 1
250 551 8
250 553 4
250 588 10
250 713 3
250 754 4
250 844 4
250 909 1
250 915 8
250 954 2
250 967 3
251 264 4
251 269 3
251 289 9
251 316 10
251 319 4
251 352 8
251 405 4
251 411 7
251 413 5
251 431 6
251 447 7
251 487 4
251 493 5
251 530 4
251 562 9
251 630 1
251 638 4
251 665 6
251 690 10
251 742 8
251 760 8
251 839 7
251 894 4
251 917 8
251 981 1
252 266 10
252 275 5
252 309 1
252 335 8
252 347 9
252 405 3
252 590 7
252 605 1
252 621 5
252 672 3
252 735 6
252 746 10
252 754 6
252 758 2
252 794 4
252 796 8
252 817 7
252 833 7
252 908 2
252 912 5
252 932 1
253 277 3
253 301 3
253 341 3
253 357 10
253 364 5
253 397 5
253 422 5
253 470 6
253 537 9
253 546 10
253 557 9
253 604 6
253 644 10
253 651 1
253 658 4
253 721 8
253 753 5
253 796 3
253 818 10
253 827 3
253 890 5
253 918 5
254 272 6
254 302 4
254 311 6
254 335 2
254 337 1
254 356 5
254 379 1
254 419 2
254 428 10
254 450 7
254 510 7
254 547 1
254 606 7
254 671 4
254 693 1
254 731 6
254 745 7
254 751 3
254 795 1
254 812 10
254 830 9
254 850 6
254 862 5
254 894 4
254 917 8
255 301 9
255 334 3
255 399 6
255 456 1
255 461 3
255 536 5
255 553 10
255 556 10
255 575 3
255 580 7
255 639 9
255 645 5
255 659 6
255 674 10
255 775 8
255 778 9
255 784 7
255 785 10
255 897 5
255 904 10
255 910 9
255 918 9
255 937 1
255 946 4
255 961 6
255 976 10
255 993 7
256 283 8
256 305 3
256 329 3
256 363 5
256 401 3
256 423 9
256 446 8
256 484 2
256 553 10
256 600 3
256 607 7
256 680 9
256 806 8
256 841 10
256 842 5
256 926 5
256 970 4
256 983 2
257 310 7
257 311 1
257 354 3
257 369 6
257 550 4
257 572 1
257 594 10
257 639 5
257 689 2
257 715 5
257 772 2
257 776 4
257 799 7
257 844 9
257 876 5
257 895 9
257 907 4
257 966 5
257 971 6
258 291 6
258 338 7
258 348 1
258 377 10
258 390 8
258 420 3
258 421 10
258 479 1
258 492 5
258 551 5
258 553 4
258 556 9
258 569 3
258 603 5
258 628 10
258 697 6
258 720 5
258 740 2
258 763 2
258 777 8
258 825 8
258 852 4
258 936 5
258 952 9
259 307 7
259 319 8
259 351 10
259 363 6
259 380 9
259 477 4
259 566 10
259 576 1
259 589 9
259 702 10
259 736 10
259 854 1
259 863 9
259 873 9
259 940 9
259 973 7
260 272 10
260 282 7
260 317 4
260 321 5
260 397 10
260 408 4
260 494 8
260 513 8
260 588 6
260 595 8
260 610 8
260 616 1
260 651 8
260 658 7
260 713 9
260 719 9
260 726 3
260 836 3
260 843 5
260 847 7
260 850 6
260 923 9
260 929 1
260 947 1
260 956 10
260 965 9
260 979 9
261 271 2
261 286 9
261 342 7
261 410 1
261 437 4
261 456 8
261 490 8
261 524 1
261 542 1
261 572 4
261 590 3
261 642 2
261 644 7
261 649 4
261 674 6
261 694 7
261 730 1
261 784 6
261 788 5
261 794 4
261 857 10
261 868 6
261 928 6
262 301 5
262 339 7
262 397 5
262 408 10
262 460 4
262 463 3
262 464 2
262 479 9
262 527 6
262 542 2
262 574 9
262 602 2
262 644 1
262 659 10
262 732 1
262 772 6
262 785 2
262 796 2
262 806 10
262 824 2
262 857 1
262 870 7
262 878 1
262 887 2
262 983 10
263 267 7
263 402 2
263 414 1
263 415 7
263 426 10
263 432 3
263 466 2
263 517 5
263 538 2
263 548 9
263 568 1
263 584 1
263 639 6
263 644 9
263 696 1
263 732 1
263 735 5
263 740 9
263 778 8
263 860 6
263 876 2
263 901 7
263 923 5
263 994 6
264 294 6
264 303 5
264 327 2
264 329 3
264 404 10
264 454 9
264 458 7
264 463 7
264 515 3
264 538 4
264 616 7
264 629 5
264 660 1
264 694 6
264 719 7
264 769 2
264 801 5
264 805 5
264 815 3
264 826 4
264 850 3
264 931 1
265 270 6
265 274 10
265 296 5
265 311 9
265 315 6
265 351 9
265 427 3
265 443 5
265 473 4
265 503 9
265 517 10
265 528 7
265 610 10
265 654 3
265 712 2
265 752 9
265 766 3
265 800 10
265 809 8
265 852 4
265 891 5
265 927 3
265 930 5
265 932 5
265 984 2
266 335 4
266 342 2
266 352 5
266 381 1
266 401 9
266 408 10
266 419 2
266 473 2
266 534 2
266 605 1
266 614 2
266 693 4
266 711 7
266 725 4
266 735 8
266 738 1
266 909 4
266 985 8
266 986 4
267 269 3
267 278 5
267 289 6
267 304 1
267 322 7
267 325 3
267 372 8
267 500 10
267 506 10
267 548 1
267 579 4
267 600 7
267 626 9
267 710 9
267 719 3
267 840 7
267 919 9
267 952 2
268 278 10
268 284 5
268 290 8
268 304 5
268 347 7
268 418 9
268 420 4
268 446 1
268 460 1
268 473 2
268 505 6
268 525 9
268 541 5
268 564 8
268 662 5
268 727 3
268 778 2
268 823 4
268 944 7
268 969 1
269 277 4
269 278 4
269 305 4
269 342 8
269 345 2
269 436 4
269 452 10
269 472 1
269 475 5
269 500 7
269 511 6
269 542 4
269 554 4
269 573 3
269 668 5
269 729 2
269 740 7
269 754 9
269 796 5
269 824 10
269 829 9
269 860 8
269 915 5
269 953 1
269 956 8
269 999 1
270 275 8
270 308 3
270 373 9
270 377 7
270 422 10
270 436 6
270 459 4
270 480 8
270 512 10
270 555 2
270 582 7
270 612 8
270 698 3
270 720 8
270 727 5
270 732 5
270 789 1
270 944 4
270 949 6
271 288 9
271 357 5
271 413 2
271 487 1
271 496 1
271 543 6
271 598 10
271 600 2
271 722 2
271 737 10
271 790 2
271 825 1
271 847 9
271 849 5
271 896 3
271 910 6
271 937 5
271 994 9
272 297 6
272 308 7
272 319 4
272 402 9
272 444 2
272 560 2
272 565 4
272 608 3
272 614 2
272 617 9
272 619 5
272 633 5
272 659 5
272 747 8
272 756 7
272 839 2
272 939 9
273 289 8
273 356 10
273 371 1
273 450 9
273 457 5
273 472 1
273 489 5
273 507 9
273 515 2
273 641 5
273 651 7
273 654 4
273 742 3
273 837 10
273 858 3
273 872 5
273 898 4
273 997 6
274 328 8
274 341 1
274 397 6
274 455 7
274 498 10
274 536 8
274 559 6
274 597 4
274 618 2
274 625 6
274 657 6
274 672 1
274 685 5
274 700 7
274 735 8
274 765 3
274 796 3
274 848 10
274 853 7
274 865 1
274 929 3
274 975 1
274 996 7
275 296 5
275 322 3
275 326 7
275 327 10
275 330 5
275 333 8
275 373 10
275 396 10
275 406 7
275 477 4
275 490 9
275 504 8
275 533 8
275 552 9
275 584 3
275 617 3
275 619 10
275 657 1
275 659 7
275 721 4
275 753 7
275 797 9
275 835 2
275 846 10
275 858 8
275 868 8
275 911 1
275 938 4
276 311 2
276 323 9
276 380 1
276 453 4
276 458 4
276 461 1
276 475 6
276 480 8
276 503 6
276 517 2
276 578 1
276 595 7
276 619 5
276 669 9
276 696 6
276 760 5
276 807 4
276 931 1
276 932 4
277 340 6
277 342 7
277 355 7
277 365 3
277 392 6
277 441 5
277 496 5
277 513 2
277 517 2
277 521 10
277 531 3
277 532 1
277 537 7
277 558 5
277 577 6
277 721 10
277 756 1
277 790 8
277 876 9
277 940 10
278 314 1
278 391 4
278 404 9
278 446 10
278 573 3
278 591 3
278 607 6
278 621 9
278 694 2
278 709 10
278 817 4
278 888 2
278 921 3
278 949 4
278 950 7
278 954 5
278 964 6
279 333 4
279 397 3
279 472 6
279 578 3
279 583 4
279 680 9
279 720 2
279 750 9
279 828 7
279 875 6
279 975 6
280 281 6
280 285 1
280 297 5
280 317 8
280 318 7
280 336 10
280 340 2
280 408 3
280 425 10
280 486 4
280 509 5
280 537 6
280 544 4
280 550 3
280 561 2
280 579 2
280 607 5
280 610 5
280 638 4
280 713 7
280 767 2
280 774 5
280 822 4
280 843 5
280 888 6
280 906 3
281 292 6
281 301 10
281 345 10
281 350 3
281 381 9
281 523 4
281 643 3
281 717 7
281 719 1
281 725 10
281 728 6
281 732 8
281 822 1
281 835 6
281 844 7
281 875 9
281 889 8
281 997 4
282 329 7
282 335 7
282 372 8
282 391 8
282 414 10
282 434 2
282 535 8
282 598 9
282 631 4
282 690 6
282 706 1
282 752 8
282 766 4
282 791 1
282 978 4
283 297 4
283 320 5
283 365 8
283 371 8
283 442 9
283 444 3
283 476 9
283 506 10
283 527 4
283 534 6
283 541 5
283 546 9
283 552 7
283 562 9
283 568 4
283 595 4
283 614 3
283 615 7
283 623 3
283 663 1
283 681 2
283 702 4
283 724 10
283 794 8
283 811 10
283 834 10
283 937 2
283 960 10
283 965 8
284 403 8
284 421 8
284 472 5
284 492 5
284 504 6
284 600 6
284 615 3
284 670 9
284 682 4
284 747 5
284 754 2
284 781 7
284 803 3
284 813 4
284 832 5
284 870 1
284 930 7
285 339 1
285 367 4
285 370 8
285 389 10
285 393 4
285 450 9
285 474 9
285 481 10
285 486 6
285 513 5
285 568 9
285 583 1
285 590 3
285 618 7
285 631 10
285 632 10
285 644 8
285 651 3
285 694 4
285 743 1
285 748 8
285 784 10
285 787 8
285 791 9
285 818 3
285 842 1
285 880 7
285 895 4
285 932 6
285 936 4
285 953 10
286 297 9
286 325 10
286 359 2
286 393 5
286 411 3
286 445 10
286 458 6
286 466 5
286 567 9
286 577 5
286 648 8
286 652 8
286 673 1
286 677 3
286 683 8
286 719 6
286 795 6
286 802 8
286 821 5
286 836 6
286 837 2
286 911 1
286 912 2
286 949 4
287 402 7
287 472 10
287 512 1
287 535 3
287 590 3
287 627 8
287 694 8
287 703 6
287 704 3
287 707 2
287 712 7
287 720 4
287 725 8
287 746 5
287 782 4
287 805 9
287 976 9
287 994 1
287 996 4
288 290 4
288 369 8
288 418 2
288 450 1
288 540 10
288 547 2
288 584 6
288 703 3
288 764 8
288 768 2
288 776 6
288 814 6
288 829 5
288 858 3
288 867 3
288 892 8
289 291 1
289 298 9
289 304 4
289 317 1
289 361 9
289 363 2
289 433 8
289 451 5
289 463 1
289 464 7
289 477 3
289 580 7
289 592 3
289 600 4
289 608 7
289 616 9
289 639 1
289 773 2
289 795 8
289 816 9
289 873 7
289 879 5
289 899 10
289 939 1
289 981 3
290 307 6
290 420 8
290 430 4
290 454 5
290 516 3
290 619 3
290 620 4
290 622 10
290 704 5
290 758 8
290 770 5
290 786 1
290 868 9
290 893 3
291 301 5
291 306 1
291 377 8
291 418 7
291 419 5
291 423 1
291 448 7
291 519 8
291 546 8
291 551 1
291 605 10
291 609 3
291 627 5
291 700 8
291 705 1
291 710 7
291 826 4
291 827 5
291 864 4
291 873 10
291 879 1
291 884 2
291 891 5
291 909 3
291 937 4
291 984 1
292 324 2
292 325 10
292 327 7
292 337 3
292 423 4
292 462 8
292 494 3
292 567 1
292 580 3
292 669 2
292 670 9
292 686 5
292 694 5
292 696 1
292 722 3
292 740 9
292 747 3
292 763 2
292 804 1
292 879 7
292 885 2
292 949 4
292 982 8
293 323 3
293 342 1
293 359 8
293 417 1
293 458 5
293 469 2
293 491 7
293 527 3
293 548 4
293 552 6
293 566 3
293 567 3
293 650 3
293 660 5
293 675 5
293 679 3
293 686 9
293 694 6
293 729 4
293 845 10
293 876 7
293 907 6
293 917 6
293 938 6
293 945 6
293 951 10
293 958 8
293 991 3
293 997 7
294 316 3
294 341 4
294 384 6
294 391 5
294 410 6
294 486 3
294 522 3
294 529 7
294 569 8
294 639 5
294 690 5
294 921 7
294 959 4
294 962 6
294 987 9
295 330 1
295 373 8
295 388 1
295 461 10
295 467 10
295 498 6
295 505 8
295 522 3
295 553 1
295 621 5
295 640 1
295 652 7
295 653 2
295 658 10
295 691 3
295 706 10
295 727 7
295 787 5
295 793 2
295 800 4
295 807 3
295 827 9
295 845 3
295 927 10
295 949 3
295 955 9
296 314 4
296 352 5
296 528 2
296 536 9
296 555 6
296 673 2
296 707 2
296 727 8
296 749 7
296 795 4
296 815 10
296 882 8
296 898 9
296 913 8
296 937 4
296 949 10
296 972 4
296 983 7
297 324 8
297 326 1
297 371 10
297 372 2
297 396 3
297 448 9
297 493 6
297 502 5
297 511 10
297 565 5
297 614 6
297 624 1
297 631 4
297 643 2
297 670 2
297 680 10
297 762 8
297 812 7
297 814 1
297 840 9
297 886 8
297 891 1
297 924 9
297 938 2
297 966 3
298 352 8
298 368 8
298 386 10
298 390 2
298 421 7
298 437 5
298 471 5
298 499 2
298 510 10
298 541 9
298 582 9
298 613 9
298 616 8
298 626 7
298 641 8
298 724 7
298 752 5
298 756 2
298 807 9
298 823 2
298 829 7
298 838 6
298 844 4
298 886 9
298 896 2
298 898 10
298 907 6
298 912 8
298 991 1
299 312 9
299 321 2
299 332 6
299 348 6
299 357 2
299 395 8
299 399 7
299 420 8
299 443 10
299 457 4
299 463 2
299 466 2
299 562 10
299 593 2
299 596 8
299 630 4
299 645 8
299 696 1
299 710 9
299 711 5
299 744 10
299 767 9
299 827 4
299 831 7
299 875 4
299 890 10
299 943 7
299 944 7
299 945 9
299 949 10
299 977 7
299 978 10
300 348 6
300 382 5
300 410 3
300 510 10
300 548 10
300 597 4
300 598 7
300 611 1
300 656 9
300 701 10
300 781 10
300 817 4
300 821 8
300 851 10
300 859 7
300 896 8
300 906 9
300 910 6
300 920 5
300 964 7
300 989 8
301 334 3
301 337 9
301 353 5
301 407 9
301 439 10
301 478 9
301 486 1
301 497 6
301 501 2
301 502 4
301 519 10
301 538 1
301 648 9
301 655 2
301 683 6
301 713 7
301 719 2
301 734 2
301 736 2
301 741 2
301 772 9
301 814 4
301 831 5
301 834 1
301 922 4
301 923 9
302 305 4
302 323 6
302 331 5
302 381 2
302 431 6
302 463 3
302 490 5
302 498 4
302 541 5
302 585 5
302 609 1
302 630 6
302 649 5
302 724 9
302 767 10
302 781 7
302 826 5
302 904 9
302 914 8
302 946 9
302 964 4
302 968 1
302 970 1
303 306 6
303 331 3
303 338 8
303 395 5
303 431 5
303 452 6
303 476 4
303 495 5
303 540 8
303 573 7
303 610 7
303 776 1
303 795 4
303 841 10
303 883 9
303 895 9
303 928 6
303 960 2
303 998 6
304 311 5
304 313 1
304 334 2
304 364 1
304 367 8
304 381 2
304 383 7
304 387 7
304 434 7
304 487 8
304 500 4
304 505 1
304 507 5
304 548 5
304 552 7
304 575 4
304 578 2
304 615 5
304 617 1
304 628 4
304 661 10
304 669 4
304 681 9
304 718 5
304 737 2
304 749 5
304 776 10
304 781 3
304 798 10
304 820 9
304 829 1
304 861 5
304 869 7
304 872 4
304 936 7
304 964 9
304 991 3
305 335 1
305 358 4
305 363 1
305 372 2
305 421 6
305 456 5
305 510 8
305 520 5
305 574 8
305 689 4
305 697 6
305 731 9
305 878 7
305 935 1
305 950 7
306 326 8
306 384 4
306 386 4
306 414 10
306 433 1
306 491 1
306 522 8
306 563 10
306 615 4
306 620 4
306 743 5
306 809 7
306 811 8
306 824 5
306 849 8
306 884 7
306 912 6
306 996 5
307 340 5
307 343 8
307 402 6
307 472 9
307 483 4
307 509 8
307 510 1
307 521 9
307 531 7
307 556 7
307 567 2
307 581 10
307 644 8
307 647 1
307 674 1
307 694 7
307 736 7
307 799 7
307 839 9
307 870 7
307 891 7
307 991 3
308 312 8
308 334 6
308 546 6
308 587 8
308 657 2
308 735 8
308 770 6
308 838 6
308 845 1
308 921 2
308 981 1
309 323 1
309 341 3
309 353 8
309 404 2
309 420 9
309 433 8
309 465 5
309 468 9
309 496 6
309 512 7
309 589 8
309 645 4
309 665 3
309 742 9
309 845 2
309 854 8
309 876 4
309 885 8
309 896 3
309 931 3
309 978 5
310 338 1
310 411 7
310 448 8
310 471 1
310 488 5
310 501 6
310 558 8
310 577 5
310 585 1
310 595 5
310 611 5
310 659 4
310 670 7
310 679 8
310 693 1
310 720 6
310 730 7
310 838 7
310 852 7
310 865 6
310 869 10
310 877 5
310 894 3
310 970 9
311 331 5
311 363 2
311 386 5
311 457 1
311 458 1
311 472 9
311 505 1
311 515 10
311 530 5
311 566 5
311 600 10
311 692 7
311 731 2
311 760 4
311 865 1
311 873 5
311 898 9
311 965 5
311 979 7
312 326 4
312 353 5
312 400 6
312 429 7
312 430 1
312 449 8
312 453 5
312 483 7
312 492 6
312 535 4
312 573 3
312 578 8
312 608 5
312 636 3
312 673 4
312 683 2
312 727 6
312 740 5
312 760 3
312 770 10
312 857 10
312 949 2
312 952 1
312 971 3
313 352 1
313 371 4
313 375 2
313 400 8
313 430 3
313 442 6
313 457 3
313 467 1
313 521 9
313 553 2
313 607 7
313 642 10
313 649 8
313 666 2
313 702 3
313 726 8
313 735 1
313 759 2
313 819 5
313 999 1
314 324 2
314 496 6
314 530 7
314 551 4
314 561 1
314 570 2
314 687 9
314 689 5
314 729 4
314 768 6
314 784 1
314 796 5
314 864 1
314 894 2
314 911 10
314 924 3
314 930 9
314 949 4
314 953 8
315 340 7
315 348 3
315 377 8
315 380 7
315 417 1
315 434 7
315 439 6
315 457 10
315 523 6
315 552 1
315 581 6
315 653 3
315 820 3
315 821 1
315 824 7
315 844 4
315 854 4
315 859 10
315 903 6
315 966 10
316 355 10
316 374 10
316 567 7
316 576 7
316 621 7
316 629 4
316 804 7
316 829 7
316 842 2
316 847 1
316 916 3
316 922 8
317 343 7
317 404 7
317 432 8
317 433 5
317 446 7
317 479 6
317 552 9
317 558 2
317 671 4
317 713 7
317 734 6
317 743 6
317 754 5
317 774 10
317 780 9
317 892 2
317 942 5
317 945 1
317 951 6
317 991 7
317 994 3
318 322 5
318 336 9
318 339 2
318 381 9
318 384 1
318 399 8
318 426 7
318 476 4
318 480 10
318 587 5
318 619 4
318 627 7
318 633 3
318 689 10
318 720 1
318 730 2
318 758 4
318 760 7
318 772 5
318 790 9
318 792 9
318 793 5
318 817 3
318 856 7
318 884 2
318 972 9
318 986 10
319 325 1
319 332 1
319 337 1
319 362 10
319 447 8
319 462 10
319 469 3
319 514 6
319 538 1
319 544 7
319 572 7
319 575 3
319 679 8
319 709 4
319 726 2
319 731 6
319 797 8
319 826 4
319 834 9
319 895 4
319 913 3
319 936 8
319 972 1
319 978 10
319 993 9
320 326 7
320 385 2
320 392 8
320 450 9
320 462 1
320 531 5
320 725 5
320 752 8
320 826 4
320 900 9
320 954 5
320 974 6
320 983 10
320 991 5
321 327 7
321 378 3
321 442 5
321 463 3
321 503 9
321 523 10
321 545 1
321 559 3
321 596 3
321 657 3
321 727 2
321 748 7
321 882 10
321 924 9
321 936 9
321 942 9
321 943 4
321 950 1
321 954 4
322 420 9
322 456 2
322 506 4
322 569 7
322 673 3
322 678 4
322 703 7
322 760 7
322 772 1
322 801 5
322 805 4
322 806 5
322 852 5
322 862 3
322 900 7
322 975 10
322 994 7
323 331 5
323 362 3
323 363 1
323 480 4
323 483 10
323 496 4
323 518 7
323 564 4
323 614 2
323 637 6
323 660 2
323 686 3
323 734 7
323 742 7
323 766 5
323 794 9
323 834 5
323 863 2
323 873 5
323 990 8
324 326 9
324 364 7
324 426 3
324 443 5
324 445 10
324 459 9
324 535 1
324 603 9
324 606 10
324 704 6
324 710 2
324 761 2
324 771 5
324 851 10
324 856 8
324 899 4
324 905 10
324 922 1
324 930 1
324 969 8
324 974 4
324 984 1
325 331 6
325 370 5
325 382 2
325 420 6
325 441 2
325 455 9
325 545 7
325 616 10
325 637 9
325 662 5
325 677 7
325 722 7
325 736 1
325 804 9
325 929 7
325 933 7
325 951 3
325 956 2
325 990 9
325 998 5
326 351 3
326 376 6
326 393 8
326 394 5
326 405 5
326 450 6
326 508 5
326 517 4
326 589 1
326 604 1
326 642 2
326 681 3
326 682 7
326 716 8
326 725 7
326 740 3
326 814 6
326 835 3
326 912 10
326 919 9
326 984 10
327 344 7
327 346 4
327 370 3
327 377 1
327 390 2
327 393 7
327 397 6
327 413 10
327 447 5
327 483 6
327 500 7
327 510 10
327 583 2
327 590 5
327 619 9
327 631 8
327 646 6
327 647 1
327 729 8
327 762 10
327 767 4
327 778 7
327 882 3
327 892 1
327 903 2
327 911 2
327 925 1
327 942 6
327 961 6
327 999 4
328 340 10
328 360 4
328 365 1
328 381 10
328 430 1
328 447 9
328 455 7
328 459 5
328 517 6
328 568 3
328 587 3
328 603 5
328 648 1
328 676 8
328 689 4
328 729 10
328 761 2
328 866 4
328 882 8
328 883 10
328 893 6
328 965 4
328 966 6
328 997 4
329 334 2
329 428 8
329 606 2
329 636 2
329 744 3
329 751 1
329 836 5
329 864 1
329 891 1
329 902 5
329 952 9
329 953 2
329 954 7
330 343 2
330 352 10
330 371 4
330 378 5
330 441 7
330 473 5
330 477 4
330 511 3
330 544 4
330 602 8
330 727 10
330 782 10
330 839 8
330 850 6
330 888 3
330 924 9
330 957 2
330 962 8
331 338 8
331 342 3
331 352 7
331 447 7
331 461 8
331 463 1
331 473 1
331 482 1
331 515 5
331 562 6
331 589 3
331 610 5
331 696 6
331 697 2
331 713 2
331 723 9
331 750 2
331 806 3
331 809 7
331 814 10
331 834 4
331 877 7
331 883 8
331 918 1
331 936 4
332 412 2
332 483 4
332 537 4
332 602 5
332 621 4
332 691 10
332 739 5
332 759 5
332 793 8
332 837 10
332 866 7
332 887 7
332 947 9
332 996 9
333 336 5
333 394 10
333 435 9
333 436 7
333 444 7
333 445 7
333 486 6
333 487 4
333 528 4
333 562 3
333 578 2
333 636 10
333 690 7
333 693 4
333 732 9
333 747 7
333 757 3
333 762 3
333 774 6
333 786 1
333 798 7
333 813 1
333 841 10
333 849 9
333 866 4
333 888 7
333 945 10
333 950 4
334 390 6
334 430 4
334 435 7
334 500 1
334 550 2
334 590 3
334 599 9
334 608 7
334 659 8
334 674 1
334 687 2
334 716 6
334 799 7
334 805 8
334 822 10
334 857 2
334 898 8
334 966 8
334 970 5
334 988 6
334 990 1
335 367 5
335 420 1
335 479 7
335 618 3
335 619 9
335 783 9
335 853 3
335 891 7
335 941 4
335 953 6
335 991 1
336 404 8
336 468 10
336 471 4
336 491 8
336 500 5
336 503 3
336 509 7
336 607 7
336 724 3
336 728 9
336 802 8
336 809 3
336 819 10
336 835 1
336 836 1
336 862 6
336 863 5
336 874 10
336 887 8
336 980 6
336 982 2
337 346 6
337 357 4
337 394 4
337 412 6
337 458 9
337 479 10
337 525 2
337 582 7
337 614 4
337 631 4
337 632 7
337 633 7
337 696 7
337 729 2
337 733 4
337 779 8
337 809 6
337 905 2
337 910 4
337 927 8
337 931 4
337 939 5
338 350 3
338 384 9
338 399 2
338 445 1
338 469 5
338 521 2
338 558 7
338 610 3
338 627 2
338 688 4
338 708 1
338 741 1
338 786 7
338 788 6
338 832 8
338 870 4
338 877 9
338 931 1
338 964 7
338 966 1
338 976 5
339 358 10
339 377 1
339 398 5
339 415 9
339 483 8
339 491 8
339 555 2
339 616 10
339 620 1
339 645 1
339 658 2
339 794 1
339 838 10
339 910 2
339 942 6
339 952 3
340 344 5
340 364 8
340 450 3
340 455 5
340 484 9
340 488 2
340 508 10
340 575 6
340 611 5
340 641 3
340 650 6
340 679 7
340 714 10
340 764 2
340 771 6
340 819 5
340 826 2
340 863 8
340 891 6
340 990 2
340 996 7
341 365 3
341 492 9
341 500 4
341 576 3
341 585 9
341 590 3
341 692 7
341 709 3
341 819 3
341 824 4
341 844 4
341 916 9
341 935 8
341 959 2
341 964 7
341 987 7
341 997 3
342 354 5
342 356 2
342 392 10
342 398 3
342 415 2
342 433 2
342 459 10
342 462 10
342 518 1
342 584 8
342 587 7
342 589 9
342 731 1
342 747 1
342 810 8
342 814 9
342 850 7
342 869 2
342 887 3
342 924 3
342 971 8
342 991 5
342 999 3
343 389 10
343 390 10
343 396 1
343 431 8
343 435 3
343 467 8
343 562 3
343 604 8
343 610 6
343 632 3
343 675 8
343 752 6
343 761 2
343 784 2
343 799 4
343 800 9
343 833 5
343 868 2
343 875 7
343 897 7
343 899 10
343 941 1
343 954 10
343 960 4
343 972 5
343 976 5
343 999 1
344 370 3
344 393 2
344 398 5
344 418 6
344 447 9
344 463 5
344 481 9
344 541 10
344 545 6
344 549 7
344 578 3
344 579 6
344 594 5
344 649 4
344 653 6
344 658 7
344 665 1
344 688 3
344 723 6
344 733 8
344 753 1
344 797 6
344 807 9
344 846 7
344 862 6
344 893 8
344 900 10
344 926 1
344 942 2
344 943 3
345 381 5
345 395 10
345 410 9
345 449 9
345 496 7
345 504 6
345 547 3
345 551 9
345 560 4
345 603 5
345 680 5
345 731 4
345 759 6
345 836 8
345 926 1
345 994 6
346 354 10
346 366 3
346 382 2
346 399 3
346 412 10
346 448 9
346 497 3
346 548 3
346 567 4
346 568 4
346 580 8
346 616 3
346 653 3
346 664 3
346 675 5
346 684 10
346 697 10
346 716 2
346 753 5
346 765 9
346 766 8
346 853 8
346 871 1
346 878 1
346 940 9
346 971 7
346 986 10
347 434 7
347 458 8
347 462 1
347 470 6
347 477 7
347 546 2
347 599 5
347 640 2
347 665 5
347 686 1
347 716 1
347 720 10
347 727 5
347 739 1
347 775 8
347 780 8
347 863 1
347 883 2
347 885 8
347 903 8
347 925 7
347 953 9
347 967 9
347 970 6
347 991 2
348 364 4
348 405 9
348 491 3
348 502 5
348 536 1
348 565 7
348 697 7
348 705 6
348 740 1
348 806 1
348 842 9
348 854 6
348 979 5
348 994 4
349 351 8
349 361 5
349 383 6
349 474 3
349 481 9
349 492 6
349 501 7
349 518 1
349 543 4
349 559 7
349 565 8
349 574 1
349 639 10
349 680 2
349 742 4
349 754 7
349 778 4
349 820 6
349 894 8
349 908 6
349 921 4
349 926 7
349 928 8
349 929 6
349 933 10
349 964 8
350 381 10
350 540 9
350 541 1
350 550 9
350 673 3
350 681 10
350 721 2
350 728 1
350 736 3
350 745 4
350 810 8
350 840 9
350 966 5
351 364 10
351 389 3
351 397 2
351 401 1
351 407 4
351 411 8
351 414 5
351 433 1
351 464 10
351 481 6
351 531 8
351 599 1
351 700 3
351 771 4
351 819 6
351 857 3
351 888 7
351 901 8
351 910 7
351 956 7
352 416 4
352 430 2
352 455 2
352 478 6
352 589 6
352 601 2
352 618 7
352 625 2
352 700 7
352 729 1
352 731 3
352 748 5
352 808 8
352 939 4
352 972 4
352 978 3
352 993 7
353 355 4
353 403 7
353 466 8
353 500 10
353 560 3
353 608 5
353 619 7
353 627 3
353 673 6
353 877 10
353 934 3
354 370 10
354 375 3
354 389 8
354 482 6
354 500 2
354 561 10
354 609 8
354 638 3
354 644 4
354 654 7
354 667 2
354 670 7
354 739 1
354 847 10
354 854 1
354 888 2
354 922 6
354 925 1
354 996 7
355 379 1
355 451 5
355 462 9
355 489 2
355 547 2
355 580 8
355 649 7
355 712 7
355 718 9
355 722 3
355 752 6
355 762 9
355 813 10
355 822 2
355 842 2
355 862 10
355 913 1
355 954 8
355 961 2
356 386 6
356 472 1
356 489 10
356 519 7
356 549 10
356 600 3
356 632 8
356 651 7
356 665 3
356 674 1
356 681 8
356 743 10
356 856 2
356 995 6
357 421 5
357 424 3
357 446 8
357 488 10
357 505 10
357 519 8
357 573 10
357 627 9
357 633 10
357 640 9
357 665 4
357 666 10
357 690 3
357 691 5
357 720 2
357 722 8
357 731 3
357 762 3
357 783 10
357 850 5
357 858 1
357 881 10
357 906 8
357 931 3
357 990 3
358 405 9
358 427 7
358 438 4
358 483 10
358 545 7
358 554 4
358 570 2
358 608 5
358 620 3
358 770 3
358 792 7
358 806 8
358 840 6
358 872 10
358 874 3
358 891 5
358 907 7
358 941 9
358 949 7
358 961 4
358 969 3
358 987 5
358 993 10
359 382 8
359 408 8
359 412 1
359 474 3
359 491 8
359 520 3
359 530 10
359 536 10
359 547 4
359 549 10
359 561 3
359 574 3
359 627 7
359 650 6
359 678 1
359 710 1
359 745 10
359 753 4
359 871 10
359 924 8
359 940 7
359 979 7
360 363 5
360 402 4
360 426 2
360 430 6
360 432 1
360 449 9
360 456 4
360 481 4
360 491 2
360 513 5
360 585 7
360 625 2
360 688 10
360 704 6
360 713 4
360 736 5
360 751 10
360 765 10
360 799 4
360 820 10
360 821 8
360 841 10
360 873 2
360 898 5
360 910 7
360 920 7
360 933 8
360 938 5
360 968 6
360 981 6
361 401 7
361 472 8
361 476 9
361 545 6
361 548 6
361 596 3
361 601 7
361 626 8
361 675 6
361 695 1
361 797 9
361 849 3
361 877 6
361 885 6
361 903 5
361 922 5
361 989 9
362 387 7
362 398 3
362 467 9
362 473 10
362 567 4
362 573 2
362 582 5
362 722 5
362 762 7
362 799 6
362 854 8
362 897 7
362 929 8
362 941 10
362 997 7
363 421 10
363 435 3
363 439 6
363 469 7
363 494 9
363 543 5
363 558 8
363 646 4
363 773 3
363 874 7
363 908 2
363 929 3
363 949 5
363 993 6
364 378 3
364 411 8
364 417 1
364 439 8
364 460 10
364 568 1
364 572 3
364 579 1
364 630 3
364 660 7
364 721 10
364 734 5
364 736 1
364 814 5
364 833 1
364 840 1
364 873 9
364 916 2
364 940 3
364 981 7
365 367 1
365 386 7
365 398 9
365 513 2
365 526 7
365 544 10
365 565 8
365 633 6
365 667 6
365 729 1
365 733 6
365 743 1
365 750 1
365 795 7
365 820 7
365 831 10
365 846 4
365 853 9
365 895 10
365 898 3
365 962 2
365 993 6
366 432 10
366 466 7
366 532 3
366 539 9
366 547 7
366 551 9
366 581 7
366 584 3
366 587 1
366 588 5
366 638 9
366 660 3
366 662 9
366 683 5
366 775 5
366 829 2
366 861 3
366 862 5
366 927 9
366 930 9
367 458 6
367 477 3
367 478 7
367 482 6
367 585 6
367 655 1
367 661 5
367 662 7
367 715 7
367 723 1
367 737 3
367 775 10
367 779 3
367 807 1
367 812 6
367 830 10
367 853 1
367 865 6
367 894 2
367 949 2
368 405 7
368 408 8
368 425 9
368 442 8
368 491 4
368 552 10
368 660 8
368 697 8
368 701 4
368 716 4
368 732 7
368 749 6
368 777 8
368 778 1
368 868 10
368 976 1
369 487 10
369 493 2
369 515 2
369 518 10
369 573 9
369 599 10
369 644 7
369 701 10
369 710 2
369 799 7
369 850 8
369 865 4
369 923 3
369 936 7
369 983 6
369 987 5
370 379 10
370 394 1
370 437 3
370 495 5
370 506 2
370 536 10
370 662 3
370 665 5
370 694 6
370 695 1
370 736 5
370 754 1
370 786 2
370 792 9
370 822 5
370 824 4
370 837 7
370 885 4
370 916 9
370 939 3
370 959 4
370 973 5
370 997 3
371 436 7
371 466 5
371 467 1
371 528 10
371 542 1
371 545 7
371 645 8
371 673 2
371 763 4
371 775 6
371 851 5
371 882 5
371 956 1
372 414 7
372 418 8
372 420 5
372 431 5
372 478 6
372 586 10
372 619 1
372 622 9
372 641 7
372 646 1
372 710 7
372 764 2
372 799 2
372 843 6
372 904 4
372 923 8
372 958 10
372 998 4
373 385 2
373 390 3
373 435 7
373 529 4
373 575 1
373 656 9
373 668 5
373 671 8
373 703 8
373 833 9
373 844 7
373 846 8
373 892 9
373 934 10
373 997 9
374 409 6
374 426 3
374 516 3
374 521 7
374 527 9
374 553 8
374 556 8
374 572 5
374 600 10
374 618 10
374 621 3
374 631 9
374 666 1
374 669 7
374 683 9
374 732 8
374 766 2
374 772 7
374 775 10
374 853 9
374 860 8
374 968 3
375 412 6
375 448 4
375 517 10
375 533 8
375 690 7
375 705 10
375 739 7
375 755 5
375 766 8
375 767 4
375 810 10
375 938 10
375 971 4
376 449 3
376 483 2
376 502 5
376 566 3
376 609 9
376 611 2
376 688 8
376 718 8
376 720 8
376 729 1
376 809 2
376 931 3
376 942 6
376 975 8
377 391 9
377 407 7
377 415 7
377 434 10
377 450 8
377 477 8
377 542 9
377 554 2
377 556 8
377 589 2
377 683 8
377 695 6
377 711 6
377 731 4
377 752 5
377 754 3
377 759 1
377 764 7
377 767 8
377 780 4
377 820 9
377 855 7
377 862 6
377 886 3
377 935 8
377 943 8
378 407 9
378 427 7
378 429 1
378 470 10
378 500 5
378 512 2
378 533 4
378 543 7
378 627 5
378 641 2
378 663 10
378 689 7
378 716 2
378 718 4
378 787 10
378 847 10
378 952 3
378 954 9
378 992 9
378 995 3
379 414 9
379 479 1
379 533 8
379 566 9
379 598 2
379 640 6
379 712 1
379 763 2
379 837 3
379 838 3
379 869 10
379 872 1
379 873 3
379 932 2
379 966 6
380 422 10
380 485 1
380 496 4
380 516 1
380 520 3
380 523 7
380 537 9
380 544 1
380 570 10
380 610 5
380 618 7
380 628 5
380 690 2
380 708 7
380 847 9
380 920 1
380 958 9
380 965 6
380 990 4
381 452 10
381 474 6
381 480 5
381 561 2
381 590 5
381 624 7
381 628 9
381 647 2
381 708 4
381 744 3
381 751 5
381 840 5
381 851 10
381 867 8
381 910 3
381 975 10
382 418 5
382 466 7
382 522 3
382 552 5
382 555 4
382 609 7
382 714 4
382 729 5
382 735 6
382 860 8
382 919 9
382 935 6
382 981 3
383 390 9
383 409 5
383 473 1
383 490 4
383 517 4
383 567 8
383 568 10
383 616 5
383 619 9
383 639 3
383 739 10
383 805 4
383 813 7
383 836 2
383 854 2
383 873 9
383 880 7
383 916 5
384 557 10
384 579 4
384 651 10
384 673 1
384 717 5
384 770 7
384 802 7
384 816 6
384 874 7
384 886 3
384 909 2
384 914 4
384 961 3
384 967 9
384 969 10
384 970 6
385 422 9
385 429 5
385 448 5
385 461 3
385 493 4
385 500 7
385 566 10
385 674 1
385 717 9
385 723 3
385 757 8
385 759 2
385 822 1
385 845 2
385 888 5
385 920 9
385 953 6
385 963 7
386 409 5
386 473 10
386 482 1
386 496 5
386 517 6
386 525 6
386 566 3
386 567 8
386 618 3
386 634 5
386 678 2
386 680 8
386 732 6
386 743 7
386 760 7
386 791 8
386 809 3
386 821 1
386 831 7
386 953 3
386 969 3
386 979 5
387 407 9
387 493 8
387 556 2
387 584 9
387 611 8
387 646 5
387 743 6
387 752 7
387 790 5
387 810 7
387 811 9
387 819 4
387 823 8
387 826 2
387 832 7
387 876 7
387 921 2
387 984 7
388 442 2
388 452 1
388 490 2
388 500 3
388 516 10
388 520 8
388 532 1
388 566 5
388 568 4
388 575 6
388 722 7
388 734 9
388 756 9
388 862 9
388 872 9
388 915 7
388 962 2
388 998 8
389 426 7
389 433 4
389 446 9
389 454 5
389 476 5
389 480 5
389 520 9
389 524 5
389 542 5
389 720 9
389 738 5
389 807 5
389 816 6
389 842 10
389 856 10
389 873 1
389 886 4
389 889 6
389 901 7
389 914 6
389 934 1
390 411 10
390 414 9
390 437 2
390 439 7
390 440 5
390 441 3
390 493 2
390 495 10
390 524 2
390 596 1
390 642 9
390 644 10
390 694 9
390 701 2
390 800 2
390 815 6
390 930 3
390 961 8
390 965 9
390 979 4
390 989 2
391 409 2
391 412 10
391 445 5
391 485 8
391 515 3
391 634 5
391 701 2
391 702 7
391 703 5
391 733 1
391 829 5
391 832 9
391 893 1
391 934 3
391 940 6
391 998 2
392 480 6
392 505 10
392 512 1
392 522 6
392 581 4
392 598 7
392 625 3
392 669 10
392 693 6
392 727 3
392 730 9
392 773 2
392 776 9
392 778 3
392 868 3
392 916 8
392 953 5
392 956 5
392 964 6
392 997 4
393 476 9
393 477 10
393 485 2
393 496 9
393 527 3
393 529 1
393 533 1
393 617 5
393 661 7
393 665 8
393 679 5
393 724 1
393 769 4
393 820 2
393 835 6
393 848 10
393 860 10
393 861 2
393 895 3
393 896 4
393 964 9
394 428 9
394 452 5
394 465 1
394 490 8
394 522 7
394 549 2
394 554 5
394 573 4
394 698 6
394 732 5
394 768 7
394 773 2
394 839 6
394 889 1
394 938 1
394 979 5
394 986 2
395 399 2
395 403 2
395 457 2
395 466 8
395 523 6
395 572 4
395 597 5
395 601 6
395 623 10
395 634 9
395 639 6
395 640 7
395 724 5
395 737 3
395 751 7
395 836 8
395 865 3
395 890 2
395 949 9
396 433 3
396 440 7
396 447 9
396 452 4
396 461 8
396 479 4
396 502 9
396 529 10
396 614 4
396 620 2
396 625 2
396 762 2
396 784 9
396 795 8
396 859 10
396 894 6
396 899 6
396 904 4
396 959 6
396 981 4
397 507 3
397 510 3
397 581 8
397 587 5
397 600 7
397 637 9
397 648 2
397 649 1
397 701 10
397 726 1
397 802 6
397 815 7
397 820 4
397 822 7
397 835 2
397 857 8
397 872 8
397 877 8
397 907 8
397 927 9
397 974 5
398 407 2
398 425 1
398 448 6
398 573 9
398 595 9
398 629 10
398 657 9
398 707 7
398 713 3
398 746 6
398 798 9
398 809 4
398 814 3
398 830 10
398 880 3
398 890 3
398 920 7
398 933 3
398 935 9
398 956 3
398 998 1
399 451 3
399 474 1
399 482 10
399 493 3
399 536 1
399 613 3
399 703 4
399 712 9
399 719 6
399 735 7
399 736 9
399 750 6
399 784 5
399 792 3
399 804 3
399 837 3
399 867 9
399 954 9
399 992 6
399 997 7
400 406 4
400 407 3
400 458 10
400 467 2
400 469 6
400 553 5
400 562 9
400 635 7
400 703 1
400 762 6
400 873 9
400 910 8
400 918 2
400 930 4
400 937 7
400 954 8
401 427 5
401 447 3
401 450 6
401 506 2
401 534 8
401 554 8
401 561 10
401 605 4
401 614 5
401 634 8
401 705 2
401 730 4
401 761 6
401 781 4
401 820 8
401 841 4
401 873 4
401 885 1
401 918 9
401 931 3
401 946 10
402 413 6
402 418 8
402 428 5
402 531 2
402 532 7
402 575 8
402 601 7
402 607 10
402 627 1
402 655 3
402 671 8
402 685 3
402 688 4
402 771 10
402 810 4
402 862 1
402 899 1
402 968 4
403 505 1
403 506 2
403 510 5
403 569 10
403 612 4
403 633 1
403 689 6
403 751 6
403 752 1
403 821 1
403 853 3
403 855 10
404 491 5
404 495 2
404 520 4
404 580 3
404 581 2
404 630 4
404 655 7
404 678 2
404 687 9
404 786 7
404 796 6
404 836 4
404 895 6
404 898 10
404 906 4
404 913 4
404 928 5
404 929 10
405 454 1
405 464 6
405 572 10
405 602 2
405 621 3
405 639 1
405 645 4
405 672 2
405 689 6
405 731 2
405 736 10
405 759 1
405 775 6
405 790 3
405 825 2
405 845 6
405 898 8
405 966 10
405 983 5
405 990 4
406 416 6
406 427 8
406 473 5
406 478 8
406 484 4
406 575 9
406 616 2
406 753 2
406 820 1
406 918 6
406 921 6
406 952 7
406 960 4
406 961 5
406 990 3
407 429 10
407 445 10
407 496 3
407 527 10
407 574 6
407 620 10
407 637 10
407 643 1
407 764 10
407 804 1
407 821 10
407 933 4
407 941 2
407 955 5
407 999 4
408 416 1
408 434 10
408 440 9
408 529 9
408 537 5
408 553 7
408 586 5
408 608 3
408 670 8
408 673 6
408 754 6
408 760 2
408 772 2
408 785 4
408 814 5
408 864 9
408 907 10
408 927 8
408 949 3
408 956 1
409 432 6
409 457 4
409 463 5
409 498 2
409 540 1
409 559 9
409 581 3
409 644 5
409 688 7
409 704 6
409 782 6
409 798 8
409 802 5
409 811 2
409 859 7
409 888 8
409 911 2
409 919 9
409 935 1
409 954 4
409 982 3
409 995 1
410 495 1
410 620 9
410 630 1
410 639 2
410 742 8
410 752 8
410 767 7
410 771 2
410 772 5
410 844 4
410 853 5
410 879 4
410 965 6
410 971 1
411 412 6
411 461 2
411 484 8
411 518 3
411 589 2
411 609 1
411 632 5
411 669 3
411 687 7
411 716 7
411 740 6
411 750 4
411 753 10
411 784 2
411 816 10
411 837 6
411 862 3
411 865 5
411 871 9
411 887 2
411 980 4
411 984 6
412 488 5
412 544 7
412 569 5
412 577 8
412 639 3
412 664 8
412 668 2
412 669 6
412 673 4
412 699 7
412 703 6
412 754 7
412 771 7
412 772 7
412 775 5
412 810 3
412 826 4
412 858 2
412 869 4
412 873 2
412 877 7
412 933 10
412 942 1
412 943 8
412 953 9
412 979 8
412 992 10
413 472 10
413 476 4
413 498 9
413 577 7
413 625 1
413 658 3
413 705 1
413 755 6
413 763 9
413 787 6
413 795 9
413 819 8
413 874 9
413 877 4
413 925 9
413 939 5
413 952 5
413 962 4
413 963 1
413 976 10
413 989 4
414 502 6
414 540 9
414 551 10
414 600 5
414 721 4
414 753 8
414 775 9
414 818 1
414 839 2
414 882 4
414 894 8
414 915 10
414 944 10
414 957 10
414 977 4
414 992 6
415 436 9
415 476 8
415 487 7
415 491 1
415 505 1
415 506 6
415 522 2
415 539 8
415 540 10
415 575 7
415 590 9
415 657 1
415 698 6
415 702 3
415 720 9
415 765 3
415 773 10
415 791 1
415 951 10
415 977 5
416 440 4
416 492 2
416 517 10
416 582 8
416 585 3
416 591 6
416 597 10
416 617 4
416 656 9
416 675 2
416 735 8
416 745 6
416 752 7
416 766 8
416 852 2
416 896 1
416 899 7
416 944 2
416 957 1
417 439 3
417 486 8
417 525 1
417 622 3
417 646 2
417 700 2
417 727 5
417 742 4
417 844 9
417 873 2
417 890 6
417 947 6
417 970 4
417 993 1
418 460 1
418 510 10
418 560 5
418 615 5
418 649 4
418 657 5
418 783 6
418 815 4
418 854 7
418 909 3
418 936 9
418 953 1
419 428 4
419 469 1
419 477 2
419 481 7
419 508 5
419 517 10
419 665 10
419 670 10
419 700 1
419 746 1
419 795 9
419 797 6
419 847 10
419 860 2
419 866 5
419 867 9
419 885 3
419 905 9
419 914 5
419 943 3
419 957 4
419 967 8
419 969 9
420 423 9
420 429 10
420 543 10
420 568 5
420 590 10
420 611 5
420 654 8
420 660 2
420 670 10
420 695 3
420 719 5
420 776 3
420 779 1
420 787 2
420 790 6
420 822 3
420 851 2
420 858 5
420 863 1
420 889 8
420 947 1
421 477 7
421 508 7
421 582 10
421 589 5
421 640 1
421 711 2
421 712 8
421 816 7
421 824 5
421 836 10
421 838 1
421 865 1
421 883 8
421 952 6
421 985 9
421 993 1
422 431 4
422 497 5
422 545 10
422 574 2
422 597 9
422 599 2
422 627 5
422 634 5
422 673 8
422 676 8
422 691 9
422 718 10
422 777 8
422 782 2
422 826 3
422 838 2
422 845 5
422 847 8
422 851 1
422 864 5
423 425 9
423 515 9
423 640 8
423 672 9
423 715 3
423 729 9
423 744 4
423 766 6
423 775 10
423 842 7
423 857 6
423 939 4
423 942 4
424 431 4
424 444 2
424 490 8
424 493 5
424 502 7
424 618 6
424 619 10
424 630 10
424 641 9
424 666 2
424 725 2
424 768 3
424 783 10
424 825 4
424 829 5
424 887 7
424 924 8
424 930 7
424 996 1
425 443 3
425 644 4
425 657 2
425 685 6
425 690 8
425 692 9
425 793 3
425 815 5
425 944 9
425 955 9
425 961 5
425 973 6
426 431 4
426 458 6
426 496 6
426 536 2
426 542 6
426 568 5
426 622 5
426 655 4
426 658 9
426 671 6
426 779 6
426 804 1
426 808 2
426 809 4
426 831 6
426 889 3
426 998 1
427 449 4
427 471 10
427 514 1
427 605 3
427 754 5
427 767 6
427 798 6
427 806 1
427 908 8
427 964 8
428 481 1
428 488 10
428 537 2
428 565 6
428 582 9
428 617 10
428 653 10
428 702 9
428 756 9
428 774 7
428 824 5
428 889 4
428 892 8
428 928 10
428 965 5
429 441 7
429 507 3
429 509 9
429 540 6
429 576 10
429 582 8
429 592 7
429 639 9
429 654 9
429 663 4
429 671 7
429 691 10
429 770 7
429 773 3
429 786 10
429 813 4
429 868 3
429 880 8
429 922 6
429 941 9
429 954 5
429 997 7
430 450 10
430 536 9
430 537 10
430 553 5
430 573 9
430 664 5
430 671 3
430 704 2
430 709 5
430 719 8
430 741 8
430 750 1
430 880 9
430 913 4
430 960 10
430 989 7
430 991 9
431 439 6
431 446 1
431 447 1
431 452 10
431 455 7
431 525 10
431 547 3
431 560 1
431 592 5
431 620 10
431 624 7
431 642 7
431 644 2
431 651 3
431 743 3
431 757 1
431 763 8
431 764 5
431 766 9
431 847 9
431 890 4
431 895 1
431 900 7
431 936 9
432 486 10
432 499 6
432 503 4
432 535 5
432 594 3
432 614 6
432 734 2
432 753 10
432 774 7
432 780 9
432 790 1
432 801 7
432 819 4
432 847 7
432 888 10
432 902 9
432 986 7
433 463 9
433 522 2
433 654 10
433 661 4
433 700 1
433 766 9
433 781 1
433 795 10
433 827 6
433 831 10
433 884 10
433 942 8
433 959 2
433 967 10
433 997 4
434 448 6
434 479 4
434 495 8
434 505 4
434 521 8
434 541 2
434 648 2
434 654 8
434 678 3
434 836 8
434 848 9
434 852 4
434 928 9
434 931 1
434 938 10
434 985 5
435 482 10
435 499 10
435 507 8
435 546 5
435 570 3
435 606 10
435 667 1
435 684 3
435 768 5
435 779 4
436 453 2
436 460 9
436 533 3
436 546 9
436 576 6
436 603 1
436 607 6
436 609 1
436 657 3
436 686 1
436 876 3
436 917 5
436 924 6
436 974 9
436 976 6
437 486 7
437 504 7
437 530 9
437 551 8
437 608 6
437 622 1
437 704 2
437 710 2
437 731 1
437 752 8
437 815 10
437 834 8
437 846 1
437 897 2
437 898 3
437 966 10
437 981 9
437 985 6
437 992 9
438 482 8
438 492 4
438 555 2
438 579 9
438 606 1
438 630 1
438 671 8
438 677 10
438 682 7
438 697 6
438 740 9
438 851 8
438 889 2
438 900 2
438 951 7
438 965 2
439 472 7
439 560 10
439 623 9
439 656 9
439 659 5
439 663 4
439 674 7
439 716 4
439 845 1
439 870 10
439 903 3
439 929 5
439 936 6
439 954 5
439 978 4
440 484 9
440 565 2
440 593 6
440 616 1
440 704 6
440 782 4
440 870 9
440 934 2
440 968 1
441 517 1
441 609 2
441 616 3
441 639 2
441 650 4
441 659 2
441 670 1
441 678 8
441 701 2
441 713 7
441 790 8
441 880 7
441 917 3
441 985 3
442 526 6
442 549 6
442 583 8
442 630 3
442 699 6
442 701 7
442 709 1
442 731 4
442 742 2
442 747 10
442 757 5
442 805 7
442 828 8
442 883 5
442 902 3
442 920 6
442 956 8
442 958 1
442 962 8
442 978 5
443 465 6
443 473 1
443 527 5
443 540 5
443 548 1
443 583 3
443 610 3
443 622 10
443 659 2
443 725 4
443 736 3
443 770 2
443 807 4
443 836 7
443 842 10
443 867 2
443 978 8
443 987 2
444 445 1
444 461 7
444 475 8
444 488 5
444 489 2
444 496 5
444 509 1
444 568 9
444 596 6
444 627 2
444 688 9
444 725 2
444 739 7
444 751 1
444 787 10
444 853 2
444 856 7
444 882 9
444 918 4
444 955 4
445 464 5
445 501 7
445 547 9
445 585 8
445 650 7
445 724 7
445 727 2
445 789 4
445 798 9
445 804 5
445 822 9
445 827 6
445 872 8
445 935 3
445 974 2
446 459 5
446 508 8
446 514 8
446 570 7
446 579 8
446 623 5
446 678 8
446 691 3
446 709 9
446 800 1
446 941 7
446 954 10
446 986 7
447 475 6
447 594 5
447 603 6
447 605 9
447 627 3
447 639 9
447 641 8
447 685 6
447 691 4
447 791 8
447 792 4
447 814 3
447 855 7
447 921 9
448 473 1
448 531 4
448 590 3
448 596 3
448 601 2
448 609 7
448 675 1
448 792 3
448 870 9
448 885 8
448 915 2
448 916 2
448 924 5
448 926 3
448 969 4
448 982 7
448 985 4
449 451 9
449 523 2
449 524 3
449 573 8
449 633 2
449 684 7
449 745 9
449 746 8
449 805 6
449 816 10
449 851 3
449 874 9
449 888 3
449 897 8
449 901 5
449 908 1
449 981 2
450 457 9
450 459 6
450 479 4
450 549 7
450 582 6
450 583 10
450 608 4
450 613 7
450 746 9
450 778 1
450 793 1
450 883 5
450 905 8
450 922 2
451 470 8
451 520 2
451 605 7
451 625 1
451 631 10
451 689 10
451 694 6
451 702 10
451 713 9
451 741 7
451 750 7
451 778 8
451 807 4
451 812 5
451 813 7
451 814 2
451 836 7
451 889 4
451 893 4
451 898 8
451 952 9
452 456 7
452 500 2
452 515 10
452 551 1
452 560 5
452 562 1
452 599 1
452 625 8
452 703 10
452 876 2
452 950 7
452 969 1
453 459 2
453 475 2
453 504 3
453 513 4
453 551 7
453 592 1
453 623 10
453 673 4
453 678 1
453 681 3
453 733 6
453 738 10
453 753 6
453 764 1
453 770 2
453 780 10
453 787 5
453 845 3
453 854 7
453 880 5
453 910 10
453 937 7
453 979 2
453 999 10
454 489 6
454 498 2
454 585 1
454 590 8
454 602 7
454 646 5
454 685 10
454 739 1
454 759 2
454 802 2
454 828 2
454 886 2
454 901 10
454 936 2
454 984 6
454 989 5
455 517 9
455 525 2
455 593 5
455 620 5
455 710 1
455 716 3
455 720 9
455 724 5
455 744 10
455 829 2
455 836 1
455 855 1
455 858 5
455 866 1
455 896 6
455 900 7
455 915 4
455 928 5
455 988 7
455 989 4
455 999 4
456 492 8
456 555 6
456 599 1
456 608 3
456 641 5
456 650 8
456 656 9
456 661 4
456 673 6
456 780 9
456 808 5
456 838 8
456 895 8
456 898 7
457 462 6
457 468 2
457 561 1
457 585 2
457 604 2
457 788 10
457 858 8
457 905 6
457 925 7
457 927 8
457 941 1
457 943 8
457 972 3
458 459 2
458 470 10
458 516 8
458 570 4
458 574 9
458 581 3
458 591 4
458 704 4
458 712 3
458 735 9
458 742 10
458 744 10
458 757 5
458 758 7
458 786 9
458 790 6
458 836 3
458 851 9
458 901 6
458 906 9
458 924 1
458 963 7
459 501 10
459 519 3
459 595 5
459 634 10
459 695 2
459 733 2
459 766 2
459 817 1
459 845 5
459 960 3
459 981 10
459 995 2
460 504 1
460 558 5
460 604 1
460 647 6
460 665 1
460 702 4
460 721 6
460 819 9
460 847 9
460 891 9
460 931 7
460 959 9
461 469 3
461 478 8
461 484 2
461 492 9
461 531 8
461 648 1
461 653 10
461 734 1
461 747 8
461 758 5
461 817 4
461 829 5
461 881 1
461 906 8
461 936 6
461 950 10
461 978 8
461 982 8
462 466 6
462 549 10
462 584 8
462 632 5
462 659 10
462 695 2
462 699 6
462 713 6
462 728 10
462 793 10
462 801 9
462 851 1
462 866 10
462 870 5
462 887 8
462 904 4
462 905 6
462 938 10
462 978 6
462 994 7
463 465 7
463 533 4
463 544 5
463 549 5
463 637 3
463 678 4
463 784 6
463 790 5
463 798 4
463 857 4
463 901 9
463 952 4
463 954 5
463 966 8
464 495 10
464 610 10
464 617 4
464 637 3
464 683 1
464 695 2
464 725 3
464 734 4
464 775 9
464 832 9
465 475 1
465 514 5
465 520 8
465 526 10
465 556 6
465 580 8
465 621 10
465 650 4
465 683 9
465 686 10
465 717 10
465 724 6
465 812 2
465 857 6
465 867 4
465 871 6
465 909 1
465 924 2
465 932 1
465 989 2
466 560 1
466 588 1
466 605 8
466 627 9
466 634 6
466 663 9
466 693 1
466 710 10
466 711 7
466 788 5
466 800 3
466 802 9
466 822 1
466 856 6
466 907 10
466 918 6
466 967 1
466 986 3
467 482 9
467 491 4
467 523 10
467 575 6
467 583 2
467 620 7
467 660 8
467 674 6
467 677 10
467 739 1
467 816 1
467 866 7
467 898 4
467 916 7
468 499 8
468 515 1
468 527 2
468 555 3
468 574 4
468 691 5
468 736 10
468 826 2
468 837 9
468 881 5
468 937 2
468 987 8
469 493 9
469 502 4
469 512 5
469 531 5
469 537 6
469 563 2
469 565 6
469 571 6
469 593 5
469 610 6
469 638 3
469 639 7
469 650 7
469 848 3
469 883 1
469 921 9
469 928 6
469 947 8
470 472 6
470 512 8
470 541 2
470 611 6
470 639 4
470 644 2
470 677 5
470 739 10
470 764 1
470 785 6
470 844 7
470 864 7
470 918 6
470 924 1
470 999 4
471 475 10
471 574 3
471 581 10
471 593 5
471 611 1
471 703 7
471 748 4
471 763 1
471 775 4
471 833 9
471 868 2
471 890 4
471 912 6
471 936 8
471 940 9
471 957 7
472 484 9
472 492 10
472 520 5
472 559 10
472 590 7
472 604 6
472 606 5
472 665 6
472 679 10
472 741 8
472 749 3
472 770 8
472 792 4
472 838 1
472 879 3
472 884 4
472 887 7
472 908 3
472 928 2
472 961 10
472 983 1
473 618 1
473 642 1
473 678 10
473 716 6
473 725 4
473 741 6
473 897 9
473 899 8
473 917 10
473 918 1
473 920 2
473 936 4
473 943 6
473 946 1
474 478 2
474 575 5
474 632 2
474 640 8
474 645 4
474 653 3
474 730 1
474 734 6
474 842 8
474 909 4
474 921 3
474 924 4
474 964 10
475 494 10
475 503 10
475 520 4
475 541 3
475 549 10
475 559 4
475 578 1
475 583 8
475 663 8
475 752 6
475 756 3
475 768 10
475 810 4
475 812 1
475 817 2
475 842 2
475 873 3
475 907 5
475 946 8
475 957 6
475 970 2
475 988 8
476 567 7
476 570 4
476 577 10
476 599 10
476 600 6
476 608 1
476 619 9
476 635 3
476 666 2
476 682 1
476 729 5
476 802 4
476 809 1
476 837 8
476 844 7
476 952 6
476 988 10
477 489 8
477 517 4
477 572 8
477 593 6
477 608 2
477 640 3
477 647 3
477 663 4
477 672 10
477 735 6
477 794 7
477 840 3
477 894 6
477 903 2
478 485 3
478 593 7
478 605 6
478 638 8
478 689 7
478 693 6
478 722 6
478 753 9
478 766 2
478 769 6
478 779 2
478 811 8
478 814 8
478 821 5
478 822 2
478 886 3
478 906 3
478 959 5
478 972 3
478 982 4
479 515 5
479 520 2
479 524 9
479 526 1
479 592 10
479 621 2
479 660 4
479 665 1
479 677 5
479 711 8
479 791 10
479 817 4
479 859 2
479 865 9
479 887 6
479 933 1
479 998 3
480 500 4
480 567 6
480 591 6
480 636 3
480 640 4
480 729 10
480 734 8
480 786 2
480 852 8
480 888 8
480 907 9
480 962 10
480 988 8
481 511 10
481 520 3
481 522 2
481 538 9
481 554 4
481 569 1
481 645 5
481 657 9
481 700 2
481 770 8
481 847 8
481 858 7
481 867 6
481 874 3
481 877 10
481 914 8
481 964 8
482 515 3
482 518 5
482 524 2
482 600 4
482 620 4
482 701 4
482 728 10
482 736 9
482 739 3
482 853 7
482 870 5
482 877 10
483 485 2
483 519 4
483 545 7
483 560 3
483 565 2
483 618 3
483 619 1
483 622 9
483 651 1
483 713 7
483 722 3
483 763 10
483 768 3
483 784 5
483 820 2
483 854 1
483 887 6
483 888 7
483 902 6
483 919 7
483 964 7
484 521 4
484 626 3
484 680 8
484 681 3
484 684 9
484 725 6
484 789 1
484 793 8
484 868 6
484 875 4
484 882 10
484 907 2
484 909 3
484 973 4
485 571 3
485 614 9
485 621 4
485 626 1
485 630 5
485 699 4
485 706 5
485 735 10
485 764 6
485 768 3
485 779 5
485 820 6
485 842 3
485 873 8
485 889 1
485 897 6
485 977 9
485 984 7
486 493 7
486 512 6
486 529 1
486 544 4
486 553 7
486 606 1
486 630 3
486 649 10
486 773 4
486 790 5
486 852 9
486 888 5
486 889 5
486 964 9
486 968 6
487 488 3
487 526 4
487 560 3
487 652 1
487 659 3
487 712 6
487 744 10
487 752 10
487 758 7
487 807 7
487 811 2
487 833 7
487 891 9
487 942 6
487 960 6
487 987 6
488 521 9
488 535 3
488 555 6
488 578 6
488 589 2
488 739 10
488 753 6
488 756 7
488 769 5
488 787 9
488 813 10
488 814 9
488 831 7
488 861 8
488 894 9
488 993 7
489 493 2
489 516 1
489 528 9
489 558 1
489 606 4
489 648 10
489 683 6
489 688 6
489 692 3
489 724 6
489 746 4
489 753 7
489 813 2
489 898 4
489 966 4
490 519 3
490 566 5
490 575 6
490 611 10
490 691 6
490 698 7
490 706 8
490 741 7
490 810 7
490 844 8
490 921 1
490 974 7
490 976 5
491 502 7
491 528 7
491 532 4
491 534 10
491 566 8
491 591 4
491 602 6
491 608 7
491 711 5
491 791 3
491 819 8
491 834 1
491 874 8
491 979 2
491 984 4
492 509 8
492 665 1
492 684 2
492 732 2
492 890 7
492 902 5
492 914 1
493 502 7
493 546 8
493 582 1
493 603 2
493 620 6
493 626 1
493 661 1
493 768 6
493 818 8
493 826 1
493 849 2
493 859 7
493 883 7
493 895 2
493 919 4
493 941 1
493 953 6
494 525 6
494 618 6
494 674 9
494 750 1
494 780 4
494 793 1
494 810 7
494 828 2
494 885 1
494 967 7
494 999 2
495 509 6
495 577 7
495 579 2
495 581 4
495 589 7
495 613 7
495 718 5
495 738 4
495 804 5
495 886 8
495 946 9
495 959 1
495 962 10
495 966 9
495 984 1
496 558 10
496 595 4
496 639 4
496 699 2
496 724 8
496 749 3
496 757 5
496 817 4
496 966 4
496 969 1
497 518 8
497 546 2
497 568 4
497 606 2
497 655 8
497 766 7
497 829 6
497 832 8
497 845 10
497 853 1
497 872 9
497 894 5
497 895 2
498 505 8
498 534 8
498 557 8
498 578 2
498 579 2
498 609 3
498 669 9
498 674 7
498 693 7
498 734 8
498 825 10
498 832 5
498 859 8
498 876 4
498 907 3
498 979 5
499 556 10
499 622 2
499 672 2
499 681 10
499 684 2
499 690 6
499 720 3
499 771 10
499 798 8
499 814 2
499 824 7
499 826 2
499 858 10
499 902 10
499 908 6
499 948 1
499 979 2
500 516 4
500 526 3
500 532 1
500 548 9
500 560 4
500 648 2
500 652 8
500 653 6
500 665 4
500 666 8
500 668 10
500 751 6
500 818 5
500 870 7
500 883 8
500 915 10
500 931 6
500 934 8
500 992 1
501 524 10
501 611 8
501 629 2
501 632 1
501 638 6
501 646 2
501 649 8
501 666 4
501 701 7
501 723 10
501 726 3
501 782 4
501 928 2
501 983 5
502 539 3
502 579 7
502 602 1
502 608 1
502 628 6
502 646 8
502 683 10
502 707 1
502 729 3
502 766 9
502 811 7
502 817 3
502 882 7
502 916 3
502 925 5
502 926 9
502 933 6
502 948 4
502 951 6
502 967 6
503 532 8
503 663 5
503 696 9
503 726 9
503 747 6
503 791 3
503 800 4
503 806 10
503 807 7
503 818 8
503 824 3
503 853 7
503 877 9
503 926 8
503 927 8
503 944 2
503 945 8
504 509 10
504 567 3
504 591 9
504 597 2
504 627 7
504 640 10
504 674 3
504 680 9
504 726 9
504 728 2
504 733 4
504 742 3
504 784 10
504 801 4
504 816 4
504 823 9
504 899 8
504 900 7
504 927 1
504 943 1
504 954 4
504 959 5
505 514 7
505 516 3
505 551 6
505 574 8
505 601 1
505 631 6
505 715 2
505 717 6
505 880 3
505 912 6
505 919 6
505 922 7
505 953 7
505 993 3
505 998 3
506 586 7
506 667 1
506 676 2
506 700 4
506 713 5
506 714 10
506 742 8
506 743 4
506 849 5
506 946 1
506 953 9
506 960 1
507 594 5
507 654 8
507 669 1
507 728 5
507 730 7
507 784 1
507 812 4
507 869 4
507 885 4
507 911 4
507 934 5
508 614 8
508 615 8
508 618 4
508 619 1
508 637 3
508 681 1
508 698 7
508 700 5
508 710 1
508 800 5
508 806 2
508 810 8
508 831 2
508 930 5
508 953 5
508 964 3
509 510 3
509 523 1
509 541 8
509 548 9
509 560 7
509 590 9
509 597 10
509 614 6
509 649 1
509 675 5
509 692 6
509 697 6
509 769 4
509 784 8
509 865 6
509 902 2
509 927 5
509 940 10
509 946 5
509 983 1
510 565 7
510 678 8
510 687 8
510 692 5
510 699 2
510 702 3
510 705 2
510 732 7
510 787 5
510 835 5
510 957 9
511 589 8
511 627 7
511 665 10
511 737 2
511 744 3
511 821 8
511 894 1
511 896 7
511 942 3
511 955 5
511 980 6
512 547 4
512 581 9
512 683 6
512 820 8
512 892 5
512 898 8
512 902 2
512 933 1
512 944 8
512 945 6
512 954 7
513 526 2
513 542 7
513 650 9
513 708 3
513 759 6
513 782 6
513 792 1
513 806 10
513 864 1
513 869 9
513 881 8
513 889 9
513 935 3
513 972 7
513 977 9
514 635 1
514 657 1
514 704 6
514 716 2
514 761 7
514 800 9
514 869 2
514 947 10
514 979 5
514 983 8
515 550 9
515 570 9
515 591 8
515 599 9
515 612 2
515 639 10
515 710 6
515 728 3
515 748 3
515 781 5
515 789 8
515 793 2
515 807 3
515 837 3
515 901 7
516 601 4
516 618 9
516 640 9
516 679 9
516 819 3
516 862 3
516 906 6
516 940 7
516 987 1
517 518 4
517 527 5
517 643 1
517 686 2
517 688 1
517 703 9
517 716 6
517 728 10
517 769 5
517 799 1
517 811 2
517 838 3
517 843 2
517 943 8
517 992 9
517 994 3
518 561 9
518 691 9
518 729 5
518 871 6
518 898 4
518 918 6
518 994 2
518 995 8
519 523 1
519 547 5
519 566 8
519 604 2
519 628 1
519 630 8
519 659 8
519 694 6
519 709 9
519 755 10
519 768 7
519 774 3
519 821 7
519 828 10
519 840 6
519 843 1
519 860 5
519 871 6
519 884 7
519 899 9
519 977 3
520 553 8
520 557 2
520 568 3
520 581 10
520 610 5
520 611 2
520 615 5
520 722 10
520 731 4
520 752 8
520 794 3
520 852 6
520 873 6
520 900 9
520 934 4
520 966 1
520 998 4
521 534 5
521 623 7
521 665 10
521 731 8
521 781 8
521 845 2
521 965 10
521 990 10
522 539 10
522 609 9
522 631 2
522 656 10
522 701 5
522 721 3
522 727 1
522 734 8
522 764 10
522 765 10
522 782 8
522 798 1
522 831 2
522 869 6
522 874 1
522 909 7
522 914 1
522 995 5
523 611 1
523 624 2
523 655 5
523 675 6
523 677 6
523 809 9
523 846 5
523 893 3
524 534 6
524 555 10
524 577 7
524 603 4
524 631 10
524 752 6
524 766 4
524 817 8
524 852 9
524 875 7
524 892 8
524 895 2
524 946 4
524 960 6
525 555 1
525 613 5
525 629 4
525 637 1
525 706 4
525 725 5
525 740 5
525 807 7
525 828 3
525 892 5
525 895 4
525 960 4
525 981 3
525 990 5
526 545 6
526 568 10
526 695 10
526 828 10
526 831 2
526 893 4
526 895 3
526 898 9
527 543 6
527 560 5
527 616 7
527 617 1
527 674 2
527 695 4
527 761 1
527 938 3
527 979 4
527 983 8
528 558 7
528 584 5
528 616 8
528 728 2
528 761 7
528 776 6
528 824 10
528 840 1
528 889 7
528 959 1
528 979 9
528 991 4
529 598 1
529 641 8
529 731 7
529 787 1
529 826 7
529 829 4
529 895 8
529 910 10
530 574 4
530 618 9
530 674 8
530 721 2
530 765 5
530 773 1
530 855 1
530 858 1
530 973 3
530 983 9
531 534 6
531 580 1
531 647 3
531 679 9
531 680 3
531 694 5
531 701 4
531 725 9
531 750 10
531 788 10
531 847 5
531 972 1
531 987 5
532 632 7
532 656 6
532 687 3
532 723 8
532 727 6
532 792 3
532 814 2
532 821 5
532 864 10
532 941 5
533 543 3
533 612 5
533 651 1
533 742 7
533 751 10
533 789 7
533 801 3
533 864 3
533 922 1
533 937 7
533 977 4
534 544 10
534 567 8
534 589 10
534 614 1
534 665 6
534 676 2
534 708 5
534 715 2
534 845 8
534 846 8
534 849 8
534 863 3
534 893 7
534 921 9
534 973 5
535 602 4
535 692 3
535 772 8
535 802 4
535 814 8
535 823 9
535 842 8
535 853 7
535 897 4
535 913 8
535 966 1
536 559 4
536 627 8
536 632 6
536 637 8
536 652 8
536 747 3
536 808 4
536 824 8
536 873 10
536 892 1
536 979 2
537 592 4
537 610 8
537 694 7
537 724 8
537 748 10
537 783 9
537 786 5
537 824 6
537 961 10
538 557 1
538 567 1
538 587 4
538 588 9
538 614 5
538 627 3
538 675 10
538 718 2
538 746 10
538 811 10
538 832 2
538 855 6
538 864 1
538 929 9
539 593 7
539 649 3
539 653 1
539 720 6
539 787 2
539 801 1
539 869 1
539 870 8
539 882 9
539 922 2
539 955 10
539 989 3
540 552 8
540 555 6
540 576 1
540 588 2
540 608 3
540 708 9
540 716 1
540 725 6
540 736 3
540 747 9
540 756 9
540 817 6
540 957 6
540 979 3
541 557 3
541 585 3
541 613 3
541 617 9
541 700 4
541 710 6
541 714 10
541 764 1
541 788 8
541 794 1
541 850 5
541 907 8
541 910 7
541 926 8
541 992 6
542 590 10
542 596 6
542 630 10
542 633 8
542 646 10
542 703 6
542 862 7
542 887 4
542 932 6
542 946 10
542 989 2
542 990 8
542 991 9
543 556 8
543 611 9
543 613 7
543 619 5
543 638 5
543 659 9
543 664 5
543 741 8
543 862 1
543 880 5
543 893 1
543 943 3
544 649 8
544 671 5
544 696 2
544 717 1
544 726 9
544 772 7
544 773 10
544 801 8
544 893 5
545 576 4
545 580 1
545 586 6
545 638 10
545 679 9
545 762 8
545 818 1
545 887 6
545 908 4
545 938 8
545 951 10
545 990 7
545 995 5
545 999 2
546 588 4
546 608 1
546 639 6
546 681 6
546 716 4
546 724 2
546 821 6
546 877 5
546 911 5
546 971 4
547 586 8
547 623 5
547 642 1
547 662 3
547 672 1
547 704 8
547 724 4
547 739 5
547 823 3
547 855 10
547 889 7
547 944 10
547 963 5
547 975 4
547 978 5
547 981 4
548 575 6
548 596 4
548 609 6
548 627 1
548 652 9
548 663 4
548 675 1
548 786 1
548 844 4
548 849 1
548 929 9
548 969 2
549 690 7
549 716 2
549 799 5
549 800 5
549 899 9
549 903 3
549 917 3
549 921 3
549 924 7
549 939 7
549 945 2
549 965 10
549 998 6
550 565 4
550 580 10
550 585 8
550 652 10
550 671 9
550 715 1
550 733 3
550 735 3
550 766 2
550 780 10
550 798 9
550 882 8
550 898 7
550 904 3
550 998 9
551 591 3
551 683 9
551 712 9
551 723 8
551 776 3
551 831 9
551 846 1
551 883 10
551 939 2
551 949 10
551 951 9
551 988 8
552 591 1
552 604 7
552 609 3
552 617 4
552 659 1
552 674 10
552 760 9
552 782 3
552 794 7
552 842 7
552 886 9
552 894 4
552 950 7
552 958 4
552 962 8
552 993 5
552 997 5
553 656 10
553 723 2
553 855 3
553 857 3
553 862 5
553 863 4
553 884 6
553 892 1
553 924 6
553 959 6
553 971 6
553 984 8
554 568 6
554 571 10
554 617 7
554 657 4
554 659 1
554 664 7
554 748 3
554 773 3
554 804 2
554 822 9
554 861 10
554 871 1
554 882 4
554 930 7
554 945 7
554 988 3
554 989 5
555 603 10
555 621 7
555 669 4
555 714 4
555 795 2
555 824 6
555 861 4
555 927 2
555 930 6
555 937 2
555 950 5
555 959 10
555 974 2
555 978 6
556 607 1
556 617 7
556 667 8
556 669 8
556 679 6
556 773 5
556 784 7
556 962 9
556 966 4
556 978 7
557 568 9
557 586 8
557 611 1
557 880 4
557 921 5
557 934 6
557 943 5
557 945 9
557 974 5
557 984 5
558 568 2
558 575 8
558 697 8
558 719 8
558 752 7
558 769 9
558 773 1
558 783 9
558 790 4
558 820 8
558 861 6
558 904 8
559 573 3
559 602 5
559 654 2
559 665 4
559 692 1
559 703 5
559 713 9
559 715 3
559 803 8
559 841 5
559 991 5
560 601 10
560 634 10
560 656 2
560 747 1
560 758 3
560 760 10
560 777 4
560 817 6
560 838 3
560 848 1
560 889 8
560 905 1
560 913 2
560 930 1
560 940 2
561 581 4
561 630 2
561 678 5
561 684 6
561 689 3
561 722 7
561 724 8
561 794 8
561 854 10
561 882 8
561 896 3
561 945 10
561 970 8
562 580 6
562 593 3
562 596 1
562 688 9
562 748 1
562 758 1
562 778 6
562 794 9
562 845 3
562 891 4
562 984 10
562 986 5
563 654 3
563 731 2
563 792 7
563 863 3
563 935 1
563 937 1
564 616 1
564 660 4
564 677 3
564 694 5
564 785 10
564 837 2
564 863 10
564 871 7
564 937 4
564 959 3
564 964 8
564 976 3
565 586 10
565 595 7
565 601 2
565 633 5
565 654 9
565 660 2
565 748 1
565 764 4
565 820 5
565 826 10
565 858 6
565 873 3
565 881 1
565 889 9
565 907 5
565 913 2
566 627 3
566 709 6
566 727 6
566 730 8
566 773 8
566 813 10
566 838 4
566 917 7
566 919 9
566 963 6
566 987 5
567 622 2
567 655 7
567 669 9
567 721 2
567 731 6
567 856 1
567 887 6
567 892 7
567 905 3
567 917 9
567 923 5
567 928 6
568 630 8
568 664 9
568 723 1
568 729 9
568 789 4
568 806 9
568 835 5
568 958 7
568 965 7
568 989 7
569 688 6
569 785 3
569 795 10
569 808 2
569 943 9
569 994 8
570 586 7
570 605 7
570 634 9
570 653 10
570 659 8
570 736 6
570 835 1
570 853 5
570 957 10
571 575 7
571 639 4
571 645 5
571 785 4
571 795 2
571 847 7
571 848 1
571 907 1
571 918 4
571 923 4
571 943 10
572 576 9
572 591 2
572 608 3
572 616 8
572 655 8
572 658 8
572 659 10
572 665 9
572 689 7
572 701 7
572 731 4
572 794 4
572 884 1
572 904 2
572 918 2
573 612 8
573 650 3
573 696 6
573 704 2
573 762 1
573 782 1
573 808 2
573 823 6
573 830 6
573 893 6
573 937 2
574 589 2
574 593 2
574 635 10
574 648 2
574 682 4
574 692 5
574 696 8
574 736 5
574 739 2
574 759 10
574 814 7
574 834 7
574 900 4
574 908 9
574 925 8
574 971 2
575 601 10
575 656 3
575 677 7
575 678 8
575 683 7
575 700 1
575 736 8
575 747 3
575 784 10
575 843 3
575 861 1
575 865 2
575 866 1
575 970 3
575 971 8
575 990 1
576 605 8
576 635 5
576 646 10
576 684 4
576 817 7
576 845 1
576 859 9
576 873 3
576 896 9
576 930 8
576 962 1
576 987 3
576 998 9
577 583 9
577 586 9
577 605 5
577 615 8
577 623 9
577 648 1
577 672 5
577 683 7
577 688 6
577 762 7
577 821 4
577 847 9
577 897 1
577 917 3
577 933 10
578 609 7
578 610 6
578 649 6
578 659 1
578 660 2
578 683 5
578 694 6
578 729 4
578 736 5
578 752 6
578 766 6
578 793 9
578 841 6
578 848 6
578 851 7
578 863 2
578 894 4
578 994 10
579 594 6
579 612 5
579 632 8
579 647 5
579 725 3
579 727 10
579 746 2
579 771 9
579 808 1
579 815 2
579 858 1
579 879 1
579 891 9
579 923 10
579 983 1
579 994 5
580 586 2
580 597 5
580 637 1
580 650 6
580 651 1
580 715 1
580 756 9
580 763 5
580 847 10
580 876 1
580 908 9
580 917 3
580 937 7
580 955 5
581 606 4
581 614 8
581 672 10
581 737 1
581 746 7
581 749 1
581 811 6
581 897 6
581 904 9
581 913 3
581 942 2
581 943 4
581 950 8
582 696 5
582 730 5
582 735 3
582 773 4
582 809 7
582 831 1
582 868 1
582 890 1
582 900 8
582 943 4
582 981 5
582 988 7
583 615 2
583 632 2
583 644 7
583 702 1
583 704 8
583 768 4
583 776 1
583 867 4
583 876 5
583 888 10
583 962 8
583 972 4
583 979 10
584 601 4
584 603 7
584 615 6
584 621 6
584 664 9
584 697 7
584 714 8
584 788 10
584 798 4
584 799 3
584 850 5
584 858 10
584 900 6
584 926 4
584 935 3
584 945 7
584 957 5
584 988 3
585 739 7
585 818 6
585 827 1
585 869 9
585 902 7
585 968 7
585 994 6
586 603 8
586 632 5
586 666 2
586 838 2
586 870 6
586 887 2
586 902 2
586 907 2
586 941 4
586 965 3
586 981 1
587 595 8
587 610 7
587 644 1
587 649 5
587 688 2
587 702 4
587 734 4
587 775 2
587 801 3
587 809 8
587 814 7
587 827 1
587 862 5
587 873 7
587 965 8
587 979 9
587 984 7
587 999 10
588 611 1
588 663 6
588 682 2
588 752 2
588 755 1
588 760 1
588 774 1
588 794 2
588 829 8
588 907 2
588 924 10
588 940 3
588 986 5
589 609 6
589 656 8
589 659 3
589 745 2
589 750 5
589 775 8
589 865 4
589 881 5
589 888 3
589 895 3
589 955 8
590 638 2
590 653 8
590 707 7
590 712 9
590 737 9
590 795 1
590 809 10
590 814 5
590 815 2
590 821 10
590 850 9
590 866 8
590 873 5
590 879 10
590 953 1
591 603 3
591 611 8
591 629 5
591 636 2
591 681 8
591 741 3
591 786 6
591 843 2
591 855 1
591 889 2
591 900 9
591 944 4
591 996 4
591 999 8
592 673 7
592 688 2
592 758 9
592 800 1
592 811 4
592 826 8
592 831 3
592 833 3
592 852 1
592 894 6
592 938 3
592 961 9
592 988 4
593 657 7
593 662 10
593 678 7
593 687 2
593 703 6
593 726 1
593 750 10
593 773 9
593 776 1
593 780 1
593 821 1
593 848 3
593 871 2
593 969 1
593 988 8
594 735 5
594 783 5
594 797 3
594 825 1
594 890 1
594 897 5
594 950 1
594 972 1
595 621 7
595 654 7
595 734 4
595 756 2
595 768 1
595 833 1
595 855 1
595 907 4
595 918 2
595 954 5
596 602 8
596 681 2
596 690 3
596 696 6
596 710 5
596 725 5
596 736 7
596 911 8
596 954 3
597 603 1
597 643 7
597 714 3
597 732 1
597 744 4
597 746 2
597 763 6
597 788 10
597 803 1
597 846 7
597 852 6
597 860 7
597 864 2
597 869 10
597 885 2
597 978 1
598 610 6
598 628 4
598 739 1
598 747 10
598 786 2
598 854 7
598 868 8
598 878 7
598 887 10
598 912 6
598 941 2
598 952 10
598 995 10
599 629 7
599 745 6
599 774 4
599 778 10
599 822 6
599 867 7
599 900 8
599 914 1
599 958 7
599 976 2
599 978 2
599 987 8
599 991 6
599 996 8
600 632 1
600 705 7
600 766 9
600 771 7
600 801 5
600 829 6
600 839 7
600 857 1
600 890 10
600 932 6
600 958 3
600 964 9
600 989 6
600 994 7
601 627 8
601 628 3
601 670 2
601 764 9
601 773 4
601 793 9
601 810 7
601 848 6
601 869 1
601 889 10
601 926 4
601 955 4
602 606 1
602 697 8
602 730 8
602 756 6
602 821 4
602 827 6
602 850 4
602 851 2
602 888 7
602 897 7
602 899 1
602 902 8
602 984 3
603 620 10
603 661 10
603 673 5
603 693 2
603 716 4
603 750 2
603 752 6
603 773 9
603 782 1
603 842 4
603 852 3
603 888 2
603 891 1
603 969 1
604 616 1
604 653 7
604 685 9
604 818 4
604 831 8
604 848 7
604 858 7
604 866 9
604 900 4
604 903 5
604 912 6
604 997 2
605 614 4
605 725 3
605 749 8
605 843 7
605 845 4
605 852 9
605 905 2
605 947 4
605 950 4
606 763 4
606 809 5
606 810 1
606 849 7
606 949 7
607 641 2
607 654 9
607 660 1
607 740 8
607 754 6
607 764 5
607 790 6
607 799 2
607 858 2
607 883 1
607 927 4
607 941 3
608 629 3
608 647 3
608 656 1
608 681 1
608 696 1
608 776 2
608 811 5
608 819 4
608 846 2
608 860 5
608 882 1
608 915 10
608 953 5
609 619 10
609 722 8
609 723 9
609 739 10
609 820 5
609 825 5
609 840 10
609 861 8
609 983 5
610 650 8
610 708 1
610 717 7
610 764 7
610 799 5
610 815 8
610 831 4
610 921 2
610 943 2
610 966 3
610 969 3
611 624 4
611 630 6
611 738 10
611 782 3
611 814 7
611 831 1
611 844 7
611 898 7
611 959 8
611 975 7
611 979 1
612 623 7
612 640 2
612 757 4
612 796 4
612 805 9
612 810 4
612 877 9
612 958 2
612 963 7
612 973 7
612 975 5
612 983 10
613 616 3
613 653 6
613 654 3
613 695 3
613 696 7
613 709 6
613 717 10
613 747 8
613 753 10
613 817 1
613 845 4
613 886 9
613 901 3
613 959 8
613 988 10
613 989 3
613 993 1
614 619 8
614 637 10
614 638 2
614 664 1
614 754 7
614 806 3
614 809 6
614 863 7
614 869 3
614 878 6
614 923 1
614 926 6
614 934 7
614 994 10
615 619 2
615 640 10
615 653 9
615 655 10
615 713 6
615 791 10
615 831 9
615 914 7
615 967 1
616 641 4
616 750 3
616 793 2
616 797 5
616 803 7
616 821 8
616 867 6
616 905 6
616 916 4
616 940 4
616 971 1
616 982 10
617 620 7
617 657 5
617 676 9
617 688 7
617 706 8
617 771 4
617 805 2
617 836 5
617 864 5
617 879 6
617 916 6
617 931 9
617 987 1
618 648 9
618 670 10
618 689 9
618 703 3
618 731 1
618 795 7
618 797 6
618 832 4
618 875 7
618 902 8
618 922 8
619 634 4
619 672 5
619 745 2
619 881 9
619 884 8
619 917 9
619 930 9
619 937 7
619 938 10
620 740 7
620 778 3
620 798 9
620 822 8
620 837 6
620 846 1
620 875 9
620 935 4
621 630 2
621 721 1
621 722 7
621 737 8
621 830 6
621 834 9
621 909 9
621 934 7
622 633 7
622 718 9
622 765 4
622 800 5
622 839 6
622 933 5
622 956 7
623 658 10
623 662 5
623 683 7
623 700 2
623 777 5
623 851 9
623 857 3
623 894 10
623 904 4
623 935 3
624 636 1
624 649 1
624 669 3
624 672 7
624 849 10
624 893 1
624 966 5
624 994 6
625 649 8
625 713 2
625 727 10
625 728 4
625 732 4
625 779 7
625 793 7
625 809 9
625 814 6
625 838 7
625 845 7
625 900 7
625 913 8
625 963 6
625 973 4
626 633 1
626 774 7
626 803 2
626 806 8
626 822 3
626 825 3
626 916 3
626 932 3
626 934 6
626 950 10
626 991 4
627 651 1
627 793 7
627 841 4
627 881 1
627 888 3
627 913 8
627 999 3
628 657 4
628 706 1
628 716 1
628 756 7
628 796 5
628 887 2
628 938 7
628 956 4
628 995 5
629 680 7
629 694 3
629 695 5
629 749 2
629 756 7
629 845 5
629 906 2
629 916 1
629 989 8
630 712 2
630 724 5
630 743 4
630 746 9
630 772 1
630 795 10
630 853 6
630 856 3
630 865 4
630 942 6
630 959 6
630 994 6
631 650 9
631 657 6
631 680 6
631 691 8
631 746 2
631 777 1
631 859 2
631 872 10
631 958 9
631 961 3
632 638 9
632 642 3
632 683 9
632 817 4
632 894 5
632 908 3
632 952 1
632 969 10
632 970 8
632 983 2
633 714 3
633 724 9
633 755 1
633 770 6
633 807 4
633 829 8
633 939 10
633 974 9
633 978 9
633 981 2
634 707 5
634 791 10
634 811 2
634 823 4
634 826 9
634 847 1
634 899 8
634 926 2
634 980 9
635 736 4
635 747 7
635 749 4
635 808 1
635 902 1
635 928 6
635 960 8
635 961 4
636 732 7
636 770 6
636 797 9
636 801 9
636 803 8
636 853 3
636 855 5
636 861 10
636 889 4
636 917 10
636 930 4
636 974 7
636 981 7
636 983 2
637 639 1
637 697 1
637 704 1
637 738 6
637 766 1
637 844 5
637 865 3
637 893 3
638 648 6
638 711 10
638 736 2
638 755 3
638 798 7
638 819 5
638 831 7
638 846 5
638 872 2
638 910 2
638 923 8
638 928 7
638 935 1
638 940 5
638 964 1
638 976 5
638 983 4
639 645 3
639 651 9
639 659 9
639 705 2
639 777 8
639 814 3
639 815 3
639 829 1
639 894 2
639 915 2
639 928 9
639 931 1
640 650 9
640 706 9
640 722 6
640 733 7
640 742 2
640 786 6
640 799 1
640 851 3
640 856 7
640 924 1
640 939 3
641 646 2
641 674 5
641 700 1
641 778 4
641 791 2
641 792 3
641 841 6
641 854 10
641 989 7
642 658 9
642 702 4
642 712 10
642 723 5
642 784 1
642 816 6
642 904 8
642 979 7
642 985 6
643 744 5
643 805 6
643 809 10
643 815 8
643 845 1
643 846 4
643 870 8
643 872 4
643 913 5
643 931 10
643 997 5
644 665 2
644 683 6
644 699 6
644 720 10
644 743 7
644 747 8
644 790 1
644 824 3
644 856 7
644 860 4
644 861 2
644 867 9
644 979 10
645 651 1
645 677 7
645 733 5
645 818 6
645 853 9
645 898 2
645 954 10
645 988 4
646 653 10
646 678 6
646 696 10
646 748 1
646 810 9
646 912 10
646 933 9
646 966 1
646 968 8
646 972 6
646 973 4
646 977 4
646 982 5
647 688 5
647 730 1
647 754 3
647 780 1
647 812 10
647 839 3
647 851 8
647 867 1
647 896 4
647 908 8
647 918 2
648 662 6
648 689 2
648 707 1
648 766 3
648 780 10
648 784 6
648 800 1
648 844 8
648 922 10
648 933 8
648 951 6
648 981 4
649 656 4
649 704 8
649 713 3
649 742 6
649 762 9
649 782 4
649 803 8
649 848 5
649 864 4
649 868 8
649 884 10
649 888 7
649 932 2
650 672 6
650 681 10
650 712 3
650 778 9
650 783 3
650 804 9
650 811 7
650 859 5
650 890 8
650 923 8
650 964 8
650 965 3
651 667 9
651 730 8
651 768 3
651 801 1
651 893 1
651 926 4
651 977 7
651 993 9
651 995 4
652 694 7
652 709 10
652 711 7
652 803 9
652 846 1
652 884 7
652 916 2
652 992 8
653 666 7
653 696 8
653 702 2
653 740 9
653 840 1
653 890 7
653 903 2
653 921 3
653 932 4
653 939 2
653 964 9
654 758 8
654 780 4
654 822 8
654 823 1
654 831 4
654 838 4
654 845 5
654 875 1
654 883 2
654 898 5
654 960 1
654 993 8
655 744 10
655 764 8
655 780 8
655 800 8
655 841 5
655 859 9
655 863 5
655 896 1
655 988 7
655 992 7
656 668 10
656 693 7
656 704 1
656 739 8
656 755 4
656 775 8
656 800 3
656 805 5
656 829 5
656 841 4
656 845 8
656 898 7
656 954 1
656 979 5
657 700 8
657 759 6
657 760 2
657 794 10
657 816 2
657 831 3
657 847 4
657 978 2
657 995 3
658 682 3
658 774 6
658 788 1
658 812 6
658 837 5
658 851 7
658 856 8
658 866 10
658 886 4
658 894 1
659 701 1
659 772 1
659 835 8
659 845 9
659 902 7
659 908 6
659 969 3
660 677 8
660 688 7
660 723 10
660 741 2
660 765 5
660 774 5
660 816 2
660 835 3
660 886 1
660 893 10
660 907 5
660 916 3
660 919 2
660 923 8
660 984 8
660 993 9
661 690 10
661 700 8
661 759 6
661 777 4
661 780 2
661 868 4
661 888 1
661 965 5
662 674 1
662 707 2
662 734 1
662 738 2
662 772 9
662 793 3
662 809 2
662 838 1
662 846 8
662 854 7
662 857 5
662 863 1
662 898 1
662 921 3
662 930 7
662 936 6
662 937 7
662 961 8
662 995 8
663 742 10
663 758 3
663 780 5
663 784 5
663 815 10
663 824 2
663 904 7
664 672 4
664 699 9
664 709 2
664 823 10
664 839 7
664 877 2
664 887 4
664 950 3
664 966 9
665 674 10
665 703 10
665 705 5
665 743 4
665 763 2
665 781 8
665 820 9
665 905 2
665 914 3
665 925 5
665 992 7
666 688 8
666 730 9
666 764 10
666 770 9
666 779 8
666 831 1
666 856 1
666 857 7
666 861 3
666 867 2
666 869 5
666 893 8
666 956 2
667 820 5
667 830 3
667 909 2
667 911 4
667 985 6
667 987 7
668 716 3
668 719 5
668 795 9
668 879 9
668 913 4
668 915 5
668 916 3
668 938 3
668 962 1
669 691 6
669 694 5
669 738 6
669 782 6
669 874 9
669 897 10
669 920 5
669 955 2
670 684 1
670 732 4
670 752 8
670 834 1
670 865 3
670 905 4
670 909 1
670 919 8
670 930 10
670 941 7
670 988 8
671 714 6
671 722 2
671 747 4
671 901 10
671 909 10
671 935 10
671 952 7
671 960 8
671 984 9
671 998 8
672 696 3
672 698 6
672 716 3
672 791 9
672 793 10
672 815 9
672 825 2
672 887 3
672 888 3
672 920 9
672 921 8
672 938 6
672 966 7
673 728 5
673 753 8
673 762 8
673 830 7
673 867 5
673 872 7
673 882 8
673 905 4
673 912 3
673 923 1
673 990 5
674 678 2
674 688 2
674 729 8
674 734 3
674 833 7
674 855 9
674 857 6
674 858 2
674 901 4
674 903 7
674 925 8
675 677 2
675 762 7
675 774 8
675 775 7
675 790 9
675 801 6
675 833 10
675 893 10
675 918 4
675 944 10
675 971 3
675 994 10
676 685 9
676 691 8
676 738 8
676 751 5
676 805 10
676 851 8
676 868 9
676 873 3
676 935 8
676 948 10
676 971 4
676 982 2
676 999 6
677 712 10
677 745 10
677 799 9
677 801 8
677 823 4
677 833 9
677 886 3
677 899 4
677 903 6
677 942 3
678 698 4
678 700 8
678 718 7
678 734 6
678 761 4
678 764 8
678 770 8
678 853 8
678 902 10
678 933 10
678 970 4
679 693 6
679 701 1
679 799 7
679 810 10
679 831 9
679 832 2
679 899 7
679 966 8
679 970 5
679 999 3
680 717 2
680 722 7
680 746 10
680 749 6
680 750 4
680 761 5
680 762 2
680 779 9
680 783 10
680 814 3
680 914 3
680 943 1
680 948 8
680 977 5
681 691 7
681 707 8
681 802 5
681 920 1
681 921 5
681 922 7
681 927 7
681 946 9
681 986 6
682 716 6
682 739 10
682 771 1
682 841 7
682 842 9
682 872 6
682 874 2
682 877 2
682 901 1
682 946 10
683 687 6
683 707 8
683 711 7
683 731 7
683 768 2
683 794 5
683 814 4
683 873 6
683 874 7
683 982 8
684 708 7
684 721 3
684 723 10
684 729 3
684 918 4
684 939 7
684 945 3
684 980 7
684 986 2
685 689 8
685 699 6
685 733 2
685 747 8
685 752 7
685 826 7
685 858 5
685 871 4
685 878 5
685 913 8
685 914 7
685 929 9
685 959 8
685 983 8
685 989 8
686 709 10
686 712 7
686 730 8
686 765 1
686 784 1
686 787 5
686 861 6
686 986 10
686 992 9
686 994 2
687 691 2
687 698 2
687 820 4
687 822 4
687 832 8
687 834 9
687 838 8
687 926 2
687 931 8
687 953 9
687 996 2
688 699 1
688 700 4
688 751 1
688 801 4
688 890 6
688 919 5
688 929 8
688 959 4
688 993 2
689 789 3
689 801 10
689 821 8
689 822 6
689 830 3
689 848 6
689 900 7
689 913 4
689 958 8
690 695 10
690 718 8
690 756 4
690 813 8
690 847 2
690 861 7
690 881 5
690 894 9
690 962 3
691 751 10
691 767 10
691 802 10
691 852 10
691 887 7
691 902 9
691 942 5
691 966 10
691 969 7
691 980 10
692 712 3
692 754 9
692 775 7
692 839 6
692 899 4
692 907 4
692 926 10
692 953 9
692 997 1
693 711 6
693 801 8
693 872 7
693 910 4
693 917 8
694 722 7
694 798 8
694 820 7
694 833 8
694 861 5
694 980 2
695 707 3
695 720 4
695 756 6
695 789 9
695 831 5
695 834 9
695 842 7
695 908 8
695 931 5
695 956 5
695 974 8
696 725 5
696 801 4
696 802 5
696 803 10
696 858 7
696 992 9
697 719 5
697 787 3
697 840 9
697 861 9
697 864 7
697 919 9
697 932 5
697 959 8
697 976 10
698 758 1
698 765 2
698 837 8
698 838 10
698 853 5
698 864 4
698 955 1
698 973 9
698 992 9
699 756 8
699 757 7
699 803 6
699 852 10
699 857 2
699 891 10
699 971 6
699 982 3
700 707 7
700 722 6
700 753 6
700 760 2
700 932 7
700 935 10
700 977 2
700 979 8
700 983 7
701 749 8
701 799 7
701 848 4
701 851 2
701 874 5
701 894 5
701 958 2
701 984 3
701 989 10
702 746 1
702 758 9
702 763 7
702 769 1
702 818 7
702 842 9
702 913 4
702 927 4
702 978 10
703 705 8
703 819 6
703 844 4
703 871 2
703 901 3
703 986 3
704 706 3
704 709 3
704 745 1
704 749 3
704 771 1
704 795 10
704 819 4
704 857 10
704 924 9
704 946 7
704 958 8
704 990 10
704 994 1
705 750 7
705 759 3
705 804 10
705 805 8
705 843 1
705 847 6
705 858 9
705 862 6
705 976 10
705 998 7
706 768 8
706 770 3
706 807 2
706 820 2
706 858 1
706 862 10
706 921 5
706 940 5
707 842 8
707 849 2
707 951 4
707 956 3
707 994 7
708 759 8
708 761 1
708 769 6
708 780 6
708 880 8
708 932 7
708 958 9
709 784 8
709 786 6
709 791 9
709 795 5
709 815 9
709 817 8
709 819 3
709 828 1
709 919 2
709 927 4
709 993 9
710 712 10
710 777 6
710 794 3
710 883 10
710 916 5
710 926 9
710 949 4
710 971 10
711 715 8
711 728 3
711 730 1
711 787 1
711 845 6
711 852 3
711 867 8
711 981 6
711 991 4
712 746 5
712 770 8
712 828 2
712 835 3
712 913 6
712 928 4
712 954 4
712 981 2
713 728 5
713 784 5
713 806 4
713 826 8
713 859 8
713 877 10
713 925 3
713 934 10
713 936 1
713 986 10
714 756 5
714 809 1
714 846 7
714 901 8
714 930 3
714 960 4
714 962 10
714 964 5
714 973 9
715 827 3
715 831 4
715 903 5
715 905 8
715 935 9
715 951 6
715 958 8
715 974 8
715 981 10
716 789 8
716 831 10
716 920 10
716 949 6
716 961 8
717 723 9
717 726 2
717 787 6
717 918 10
717 961 9
718 750 6
718 851 8
718 872 5
718 874 5
718 876 1
718 962 10
718 975 8
718 984 9
719 833 7
719 879 10
719 898 6
719 902 4
720 816 9
720 852 9
720 974 6
721 726 9
721 736 7
721 760 1
721 774 3
721 777 10
721 826 4
721 975 10
722 736 9
722 829 9
722 881 7
722 978 8
723 792 10
723 813 5
723 822 1
723 870 7
723 872 7
723 893 7
723 905 4
724 734 3
724 752 8
724 786 1
724 916 5
724 940 6
724 962 3
725 733 9
725 813 1
725 904 5
725 927 8
725 972 6
725 984 6
726 764 7
726 866 3
726 885 10
726 894 7
726 996 9
727 729 3
727 780 6
727 830 1
727 865 6
727 874 10
727 901 1
727 947 2
728 781 4
728 782 10
728 819 4
728 871 6
728 904 9
728 915 7
728 946 6
728 988 7
729 774 10
729 776 9
729 781 2
729 822 4
729 836 6
729 845 4
729 860 10
729 893 5
729 901 6
729 935 5
729 960 2
730 751 2
730 760 7
730 851 1
730 881 3
730 932 6
730 949 4
730 971 5
730 989 7
730 993 9
731 732 4
731 789 9
731 891 1
731 905 2
731 912 2
731 921 1
731 954 4
731 960 1
731 992 9
732 756 7
732 759 9
732 873 7
732 889 2
732 941 1
732 949 2
732 962 2
733 757 6
733 767 8
733 782 2
733 796 8
733 817 5
733 826 5
733 848 3
733 957 1
734 753 1
734 795 1
734 801 4
734 833 5
734 842 6
734 843 10
734 860 4
734 878 3
734 892 10
734 943 5
734 954 1
734 969 1
735 745 6
735 779 1
735 802 7
735 832 7
735 836 3
735 943 4
736 749 5
736 827 1
736 839 1
736 872 3
736 885 10
736 886 8
736 967 9
737 764 7
737 767 6
737 788 10
737 815 3
737 821 1
737 825 5
737 950 5
738 765 9
738 784 6
738 810 4
738 817 10
738 835 4
738 856 4
738 866 4
738 870 7
738 890 9
738 900 5
738 925 7
739 790 6
739 794 3
739 816 8
739 846 6
739 873 1
739 900 5
739 921 8
739 936 2
739 989 4
740 861 3
740 870 9
740 893 3
740 929 10
740 974 4
740 978 3
741 743 1
741 760 3
741 811 8
741 844 1
741 861 6
741 870 6
741 911 6
741 948 8
741 953 3
741 958 1
742 749 6
742 767 10
742 823 3
742 830 6
742 857 9
742 872 7
742 879 2
742 972 6
742 999 3
743 822 7
743 878 10
743 912 8
743 938 4
743 956 2
743 994 3
744 784 4
744 887 7
744 954 1
744 960 2
744 991 2
745 756 9
745 789 5
745 813 8
745 828 4
745 838 3
745 854 4
745 959 1
745 961 3
746 750 4
746 753 1
746 767 1
746 797 1
746 864 4
746 876 6
746 948 1
746 976 8
747 750 5
747 787 6
747 797 10
747 821 4
747 884 2
747 900 9
747 938 1
747 953 7
747 974 10
748 795 6
748 863 7
748 865 5
748 872 7
748 887 6
748 900 10
748 932 2
748 986 8
748 987 6
749 779 10
749 877 3
749 890 9
749 958 8
749 992 8
750 802 5
750 804 5
750 834 10
750 889 6
750 930 7
750 970 5
750 984 7
750 993 9
751 785 4
751 797 7
751 826 5
751 828 4
751 909 2
751 985 7
752 827 6
752 850 6
752 851 8
752 860 1
752 884 3
752 902 5
752 903 4
752 942 8
752 948 3
752 952 3
752 973 6
752 986 5
753 789 10
753 791 7
753 802 5
753 851 8
753 882 3
753 884 5
753 903 6
753 938 10
753 969 2
754 816 2
754 856 2
754 869 3
754 875 8
754 880 7
754 898 8
754 944 8
754 962 2
754 972 2
754 991 7
754 994 4
755 784 7
755 789 1
755 802 1
755 812 4
755 841 6
755 851 10
755 871 7
755 905 6
755 967 4
756 763 4
756 830 9
756 929 7
756 953 4
757 772 8
757 833 6
757 866 7
757 883 2
757 895 7
757 908 10
757 929 2
757 944 1
757 984 2
758 772 1
758 776 10
758 821 3
758 826 4
758 848 4
758 871 1
758 931 2
758 995 3
759 769 3
759 803 10
759 814 9
759 853 4
759 861 8
759 871 1
759 888 2
759 907 10
759 961 1
759 989 4
760 782 6
760 808 7
760 886 6
760 908 6
760 943 9
760 999 6
761 762 5
761 767 1
761 810 5
761 832 10
761 870 8
761 931 6
761 973 3
762 777 6
762 812 1
762 827 2
762 828 7
762 863 5
762 924 5
762 962 5
762 979 5
763 767 9
763 785 10
763 945 2
763 980 6
763 981 2
763 984 5
763 988 5
764 793 6
764 796 8
764 824 6
764 825 9
764 899 1
764 906 5
764 910 6
764 914 3
764 936 10
764 968 6
764 984 10
765 766 6
765 776 8
765 821 10
765 828 10
765 829 5
765 855 7
765 868 9
765 878 10
765 933 3
765 979 8
766 778 3
766 799 7
766 800 6
766 814 6
766 815 7
766 835 3
766 895 1
766 926 4
766 960 10
766 961 5
767 775 9
767 796 5
767 800 6
767 838 5
767 868 2
768 791 3
768 807 4
768 814 8
768 892 5
768 912 8
768 945 3
768 994 5
769 834 1
769 843 10
769 863 8
769 872 9
769 896 2
769 907 9
769 927 3
770 771 10
770 790 9
770 795 4
770 830 3
770 917 7
770 970 8
771 781 4
771 895 2
771 974 6
772 777 1
772 820 9
772 821 6
772 822 5
772 824 5
772 845 3
772 862 5
772 883 9
772 924 3
773 801 9
773 820 8
773 838 10
773 846 1
773 858 1
773 892 8
774 787 5
774 814 3
774 825 6
774 840 4
774 908 3
774 913 6
774 949 9
774 993 6
775 879 3
775 881 5
775 890 1
775 895 6
775 974 1
775 975 4
776 810 7
776 811 5
776 829 7
776 837 10
776 911 3
776 948 5
776 955 4
776 969 1
776 973 8
777 782 5
777 815 9
777 823 1
777 839 3
777 857 9
777 871 9
777 876 6
777 951 6
777 982 2
777 993 10
778 833 4
778 838 6
778 885 8
778 893 5
778 962 7
778 977 7
779 918 8
779 969 7
780 785 1
780 786 1
780 806 4
780 829 10
780 834 7
780 864 6
780 905 10
780 913 9
780 979 1
780 986 6
780 991 2
781 851 9
781 880 1
781 919 3
781 949 6
782 793 2
782 810 7
782 818 10
782 827 10
782 868 3
782 873 3
782 876 9
782 905 9
782 913 10
782 918 10
782 972 5
782 996 1
783 888 2
783 901 10
783 924 3
784 788 9
784 803 8
784 825 1
784 889 7
784 911 7
784 915 7
784 923 4
784 931 6
784 976 4
784 987 9
785 864 5
785 925 2
785 927 8
785 959 2
786 831 3
786 832 4
786 846 10
786 875 9
786 882 1
786 922 5
786 926 5
786 955 2
786 960 1
786 975 4
787 801 2
787 846 10
787 881 3
787 925 2
787 932 4
788 803 3
788 820 5
788 855 3
788 878 9
788 881 9
788 902 7
788 921 2
788 924 8
788 985 5
788 986 3
789 817 9
789 818 2
789 847 1
789 871 9
789 924 10
789 956 1
789 967 8
790 834 4
790 852 10
790 888 1
790 915 3
790 924 1
790 978 8
791 829 4
791 848 5
791 852 7
791 853 10
791 858 10
791 891 10
791 922 2
791 947 4
791 951 3
791 980 6
791 988 7
791 995 3
792 830 9
792 853 10
792 859 7
792 893 10
792 894 9
792 898 1
792 909 5
792 984 9
792 999 2
793 823 10
793 868 4
793 896 8
793 952 5
793 964 5
793 965 5
793 979 7
793 989 10
794 897 5
794 906 7
794 928 10
794 957 4
794 988 3
795 877 10
795 952 5
795 959 7
796 821 2
796 851 6
796 852 4
796 857 6
796 875 7
796 896 5
796 950 9
796 981 9
796 993 8
797 813 1
797 823 10
797 886 4
797 900 5
797 964 10
797 967 4
798 800 2
798 806 4
798 827 8
798 830 1
798 835 7
798 920 4
798 937 8
798 948 9
798 957 4
798 968 10
798 987 4
798 998 6
799 853 1
799 875 8
799 911 9
799 941 8
799 953 4
799 959 8
799 965 1
799 974 2
799 998 7
800 810 7
800 910 2
801 810 5
801 851 10
801 855 5
801 870 4
801 887 3
801 894 4
801 897 2
801 910 7
801 940 4
801 945 5
802 819 2
802 899 4
802 915 1
802 945 9
802 958 7
803 845 6
803 940 6
804 821 8
804 855 4
804 873 7
804 887 7
804 938 5
804 970 1
804 977 3
805 824 5
805 853 10
805 856 4
805 868 5
805 880 3
805 896 10
805 908 6
805 923 5
806 829 3
806 830 1
806 872 3
806 884 8
806 890 2
806 977 10
807 858 9
807 926 1
807 945 8
807 976 10
808 815 8
808 848 5
808 893 3
808 932 10
808 976 3
809 841 2
809 847 4
809 856 1
809 858 4
809 873 1
809 912 2
809 962 6
809 993 7
810 819 9
810 831 1
810 908 7
810 914 4
810 947 7
810 983 1
810 992 10
811 828 9
811 849 4
811 877 3
811 980 3
812 820 2
812 880 6
812 890 3
812 965 2
812 986 8
813 822 5
813 930 9
813 940 4
814 831 8
814 833 7
814 849 6
814 916 8
815 878 7
815 882 1
815 927 2
815 944 4
815 987 7
816 834 1
816 865 4
816 868 7
816 907 7
816 927 3
816 934 10
816 944 1
816 949 3
816 951 4
817 856 9
817 896 8
817 900 8
817 906 7
817 909 8
817 910 9
817 974 4
817 986 7
818 875 3
818 926 1
818 963 2
819 829 6
819 847 6
819 873 10
819 907 7
819 908 4
819 952 3
820 888 7
820 979 1
820 981 5
820 995 8
821 916 9
821 958 9
822 911 6
822 955 9
822 967 6
822 969 6
823 843 6
823 903 8
823 949 5
823 956 1
823 987 3
824 858 2
824 928 8
824 987 4
825 858 2
825 976 8
825 983 4
825 997 1
826 838 5
826 914 7
826 961 9
827 828 3
827 861 10
827 910 2
827 913 2
828 832 3
828 840 1
828 889 1
828 907 9
828 996 1
829 834 7
829 842 4
829 879 2
829 958 1
829 984 8
829 988 7
830 900 7
830 971 1
831 836 8
831 840 5
831 851 8
831 867 6
831 881 8
831 910 4
831 929 4
831 948 4
831 961 1
832 864 2
832 869 7
832 891 2
832 909 7
832 922 4
832 947 8
833 836 7
833 883 5
833 973 6
834 914 2
834 960 4
835 837 1
835 856 5
835 859 3
835 884 8
835 918 6
835 991 6
836 892 5
836 912 2
836 963 4
836 976 5
836 987 2
837 838 5
837 981 3
838 860 1
838 877 3
838 907 8
838 938 2
838 940 6
838 985 6
839 859 3
839 865 5
840 866 5
840 886 10
840 898 1
840 911 4
840 934 8
840 968 9
840 970 10
840 990 2
841 844 9
841 856 9
841 924 2
841 928 2
841 933 7
841 970 3
841 999 2
842 867 6
842 876 2
842 933 4
842 963 7
843 854 5
843 927 5
843 978 1
844 906 10
844 926 5
844 962 6
844 973 3
844 976 5
845 867 1
845 887 8
845 971 6
845 984 9
846 950 4
846 988 4
847 850 7
847 965 4
848 905 2
848 937 2
848 947 5
848 970 7
849 890 7
849 906 6
849 992 1
850 905 1
850 930 2
850 996 5
851 866 2
851 868 5
852 854 10
852 869 3
852 916 3
852 932 9
852 999 5
853 869 6
853 876 2
853 926 1
853 947 10
853 956 3
854 855 1
854 907 6
854 920 7
854 945 3
854 958 10
855 925 9
855 976 3
855 993 2
856 867 3
856 917 4
856 921 6
856 925 2
856 960 10
856 972 6
856 986 1
857 938 7
857 977 2
857 996 8
857 997 3
858 980 5
858 985 8
858 992 8
859 877 8
859 883 8
859 891 2
859 893 10
859 906 4
859 917 7
859 941 1
860 892 5
860 943 1
861 897 9
861 929 10
861 936 3
861 949 4
861 987 3
861 998 3
862 910 1
862 937 3
862 983 4
863 903 8
863 911 9
863 955 1
864 892 5
864 926 2
864 928 9
864 946 2
864 960 10
864 963 10
864 978 1
865 901 9
865 916 4
865 949 1
865 985 6
866 902 4
866 937 3
866 958 6
866 961 10
867 892 4
867 895 1
867 905 5
867 912 9
867 949 2
868 919 7
868 928 9
868 980 8
869 953 10
870 885 10
870 908 1
870 915 5
870 918 8
870 931 8
870 959 3
870 965 4
871 883 7
871 887 9
871 918 5
872 873 6
872 893 3
872 929 4
872 980 8
873 903 7
873 910 6
873 923 7
873 969 9
873 983 9
874 895 4
874 903 3
874 937 6
874 968 7
875 899 7
875 932 9
875 980 8
876 880 5
876 916 3
877 884 7
877 889 9
877 911 6
877 913 1
877 975 1
877 985 1
877 993 5
878 892 2
878 975 8
879 888 2
879 927 5
879 979 6
880 889 5
880 938 5
880 983 6
881 901 5
881 914 5
881 918 4
881 950 1
881 960 8
881 963 6
881 998 9
882 943 7
882 960 8
883 905 7
883 906 6
883 907 4
883 911 10
883 954 1
883 977 8
884 902 4
884 923 6
884 994 5
885 921 9
885 926 4
885 983 3
886 910 2
886 917 3
886 944 5
886 976 9
886 999 3
887 928 1
887 954 6
888 891 9
888 894 10
888 932 9
888 951 7
888 967 1
889 942 9
889 955 7
890 913 1
890 931 3
890 948 1
891 900 7
891 927 1
891 940 4
891 946 2
891 949 5
891 978 2
891 988 1
892 922 6
892 941 9
892 948 1
892 997 3
893 909 3
893 912 1
894 897 6
894 898 1
894 943 4
894 984 6
894 990 9
895 918 9
895 959 4
895 960 10
895 985 3
895 992 7
895 994 4
895 999 9
896 925 3
896 967 2
897 900 8
897 926 8
897 930 7
897 950 9
898 947 3
898 948 8
899 953 3
900 973 6
900 987 10
900 995 9
901 911 9
901 912 6
901 995 9
902 943 5
902 971 1
903 922 10
903 935 1
903 992 8
904 927 6
904 989 10
905 942 3
905 968 1
906 914 7
906 921 5
906 929 1
906 942 4
906 947 3
906 963 10
906 966 6
907 935 2
907 962 8
907 988 1
908 910 8
908 950 7
909 987 3
910 925 9
911 914 5
911 930 6
911 973 5
912 934 9
912 938 3
913 992 5
913 995 10
914 946 9
915 926 2
915 949 1
916 963 2
916 969 3
916 972 4
917 951 6
918 966 9
918 969 4
919 931 8
919 973 6
920 933 1
920 954 10
921 934 3
921 968 10
921 978 7
923 929 5
923 955 10
924 956 10
924 959 5
925 927 7
925 972 2
925 975 8
925 978 7
925 989 5
926 940 5
927 960 3
927 980 3
927 988 5
927 992 8
928 950 5
928 955 7
928 982 10
929 952 10
930 936 10
930 942 10
930 967 4
930 980 7
930 985 1
932 985 4
932 991 1
935 953 4
935 959 9
935 967 9
935 969 10
936 973 1
936 992 2
937 948 5
937 981 6
938 958 2
939 947 4
939 965 7
940 997 6
941 945 1
941 950 3
941 961 8
941 985 6
943 969 9
943 996 7
943 998 7
944 985 4
945 997 1
946 977 4
946 991 10
946 998 2
947 978 3
947 985 1
950 963 8
950 967 5
950 976 5
951 991 10
952 959 10
953 997 1
954 969 6
954 972 9
955 958 2
955 971 1
956 961 10
956 988 4
958 971 10
958 972 9
958 983 5
958 988 7
959 985 8
959 995 6
959 997 7
963 993 6
964 987 4
965 971 1
967 968 6
969 989 6
970 979 7
971 984 9
972 974 2
972 976 8
972 983 7
972 985 7
973 974 10
973 993 9
974 979 1
978 981 7
979 987 3
979 988 6
979 989 4
981 998 10
992 993 2
994 999 8